﻿Page ID,Page name,Disclaimer,Amount spent (CHF)
105380182425137,Michael Jäger,Hans Michael Jäger,≤100
259871484198551,Thomas Matter,Thomas Matter,≤100
105527252338650,perspektiveschweiz.ch,IG Wirtschaftsverbände,≤100
97220294896,SP Schweiz,SP Schweiz,≤100
111081131629685,Blackout stoppen,Volksinitiative «Jederzeit Strom für alle (Blackout stoppen)»,≤100
169510248558,Die Mitte - Le Centre,Die Mitte,≤100
125466200895962,Valentin Landmann,Sven Kunz,≤100
106020715591381,"Thomi Jourdan - Regierungsratskandidat Baselland - ""fürs Baselbiet vo morn""",Thomi Jourdan in den Regierungsrat,≤100
257497631736082,Gletscher-Initiative,Verein Klimaschutz Schweiz,≤100
194790813901953,Grüne Schweiz,Grüne Schweiz,≤100
354548604968651,Peter Metzinger in den Kantonsrat,Peter Alois Metzinger,≤100
107515328348195,Michael Uebersax,Michael Stefan Uebersax,≤100
104820235801310,Politische Rechte für geistig Behinderte,Lukas Paul Spichiger,≤100
1483343695307824,Campax,Campax,≤100
416743625125770,Grüne Zürichsee,Thomas Forrer,≤100
627220684023668,GRÜNE Zürich,Grüne Kanton Zürich,≤100
292711521138736,IPFO,International Photo Festival Olten,≤100
921336971288655,Nagra,Nagra,≤100
113814477835,Piratenpartei Schweiz,Piratenpartei Schweiz,≤100
103082059271118,SP Bezirk Hinwil,SP Wetzikon,≤100
252652524823017,EVP Kanton Zürich,EVP Kanton Zürich,≤100
600706570124933,Verkehrssanierungen JA,Verkehrssanierungen JA,≤100
100345702834585,All Out Deutschland,All Out,≤100
100116156110843,Stop al blackout,Iniziativa popolare «Energia elettrica in ogni tempo per tutti (Stop al blackout)»,≤100
230522120377463,FDP Allschwil-Schönenbuch,FDP Allschwil-Schönenbuch,≤100
102109691904848,swiss-food.ch,swiss-food.ch,≤100
113821883316185,Faktischversichert,These ads ran without a disclaimer,≤100
169042736456594,All Out,All Out,≤100
100980232576650,Muriel Langenberger,Muriel Langenberger,≤100
103269145789541,Stop au blackout,Initiative populaire « De l’électricité pour tous en tout temps (Stop au blackout) »,≤100
354391925271384,Raphael Zimmerli,These ads ran without a disclaimer,≤100
107376168891578,Curve prosper,These ads ran without a disclaimer,≤100
300240057017,Voglauer möbel voller leben,These ads ran without a disclaimer,≤100