﻿Page ID,Page name,Disclaimer,Amount spent (CHF)
105527252338650,perspektiveschweiz.ch,IG Wirtschaftsverbände,≤100
194790813901953,Grüne Schweiz,Grüne Schweiz,≤100
291359247729208,PS Suisse,PS Suisse,≤100
259871484198551,Thomas Matter,Thomas Matter,≤100
97220294896,SP Schweiz,SP Schweiz,≤100
169510248558,Die Mitte - Le Centre,Die Mitte,≤100
106020715591381,"Thomi Jourdan - Regierungsratskandidat Baselland - ""fürs Baselbiet vo morn""",Thomi Jourdan in den Regierungsrat,≤100
169042736456594,All Out,All Out,≤100
111081131629685,Blackout stoppen,Volksinitiative «Jederzeit Strom für alle (Blackout stoppen)»,≤100
107376168891578,Curve prosper,These ads ran without a disclaimer,≤100