﻿Page ID,Page name,Disclaimer,Amount spent (CHF)
111081131629685,Blackout stoppen,Volksinitiative «Jederzeit Strom für alle (Blackout stoppen)»,≤100
97220294896,SP Schweiz,SP Schweiz,≤100
105527252338650,perspektiveschweiz.ch,IG Wirtschaftsverbände,≤100
259871484198551,Thomas Matter,Thomas Matter,≤100
600706570124933,Verkehrssanierungen JA,Verkehrssanierungen JA,≤100
257497631736082,Gletscher-Initiative,Verein Klimaschutz Schweiz,≤100
106020715591381,"Thomi Jourdan - Regierungsratskandidat Baselland - ""fürs Baselbiet vo morn""",Thomi Jourdan in den Regierungsrat,≤100
194790813901953,Grüne Schweiz,Grüne Schweiz,≤100
169510248558,Die Mitte - Le Centre,Die Mitte,≤100
125466200895962,Valentin Landmann,Sven Kunz,≤100
107376168891578,Curve prosper,These ads ran without a disclaimer,≤100
1483343695307824,Campax,Campax,≤100
169042736456594,All Out,All Out,≤100
100345702834585,All Out Deutschland,All Out,≤100
103082059271118,SP Bezirk Hinwil,SP Wetzikon,≤100
175478195846132,Les Vert·e·s suisses,Grüne Schweiz,≤100
354548604968651,Peter Metzinger in den Kantonsrat,Peter Alois Metzinger,≤100
103269145789541,Stop au blackout,Initiative populaire « De l’électricité pour tous en tout temps (Stop au blackout) »,≤100
627220684023668,GRÜNE Zürich,Grüne Kanton Zürich,≤100
291359247729208,PS Suisse,PS Suisse,≤100
292711521138736,IPFO,International Photo Festival Olten,≤100
921336971288655,Nagra,Nagra,≤100
104820235801310,Politische Rechte für geistig Behinderte,Lukas Paul Spichiger,≤100
102578282597131,Kamylla Lisi-Brandino,Kamylla J. Lisi-Brandino,≤100
120746218068081,Comundo,These ads ran without a disclaimer,≤100
354391925271384,Raphael Zimmerli,These ads ran without a disclaimer,≤100
1092252917594218,Initiative pour les glaciers,Association suisse pour la protection du climat,≤100
113821883316185,Faktischversichert,These ads ran without a disclaimer,≤100
416743625125770,Grüne Zürichsee,Thomas Forrer,≤100
252652524823017,EVP Kanton Zürich,EVP Kanton Zürich,≤100
1700824713324064,SP Zürich 10,SP Zürich 10,≤100
100980232576650,Muriel Langenberger,Muriel Langenberger,≤100
113814477835,Piratenpartei Schweiz,Piratenpartei Schweiz,≤100
231086633606227,SVP Baselland,SVP Baselland,≤100
108650374829229,Go Green Magazin,These ads ran without a disclaimer,≤100
102109691904848,swiss-food.ch,swiss-food.ch,≤100
110533229026103,EVP / PEV,EVP Schweiz,≤100
107494077464434,Janine Vannaz,These ads ran without a disclaimer,≤100
300240057017,Voglauer möbel voller leben,These ads ran without a disclaimer,≤100
100192602860755,События,These ads ran without a disclaimer,≤100
324253041382779,Xavier Cormier,These ads ran without a disclaimer,≤100
2181830098768270,Saint-Gobain,These ads ran without a disclaimer,≤100
172929692791198,SOKRATHERM GmbH Energie- und Wärmetechnik,These ads ran without a disclaimer,≤100
103955692557660,Expat-Publishing,These ads ran without a disclaimer,≤100
109676708498126,Cole Rosario,These ads ran without a disclaimer,≤100
111011748401165,Washington Kane,These ads ran without a disclaimer,≤100