﻿Page ID,Page name,Disclaimer,Amount spent (CHF)
109469528675603,Philipp Egger,Philipp Egger,1517
100341315500438,Kirchensteuern sei Dank - St.Gallen,Katholischer Kofessionsteil des Kantons St.Gallen,279
169510248558,Die Mitte - Le Centre,Die Mitte,273
105527252338650,perspektiveschweiz.ch,IG Wirtschaftsverbände,≤100
105380182425137,Michael Jäger,Hans Michael Jäger,≤100
103082059271118,SP Bezirk Hinwil,SP Wetzikon,≤100
97220294896,SP Schweiz,SP Schweiz,≤100
259871484198551,Thomas Matter,Thomas Matter,≤100
111081131629685,Blackout stoppen,Volksinitiative «Jederzeit Strom für alle (Blackout stoppen)»,≤100
1464661227009326,SVP Bezirk Uster,SVP Bezirk Uster,≤100
108392832120312,Perspektive Zürich,Perspektive Zürich,≤100
1604136306538918,Marc Wachter,Marc Michel Wachter,≤100
194790813901953,Grüne Schweiz,Grüne Schweiz,≤100
120204928045279,SP Wetzikon,SP Wetzikon,≤100
125466200895962,Valentin Landmann,Sven Kunz,≤100
257497631736082,Gletscher-Initiative,Verein Klimaschutz Schweiz,≤100
107515328348195,Michael Uebersax,Michael Stefan Uebersax,≤100
106020715591381,"Thomi Jourdan - Regierungsratskandidat Baselland - ""fürs Baselbiet vo morn""",Thomi Jourdan in den Regierungsrat,≤100
107376168891578,Curve prosper,These ads ran without a disclaimer,≤100
591968957877984,Andrea Isler,Andrea Lara Isler,≤100
347162492139048,SP Töss,Matthias Jakob Ernst Erzinger,≤100
100345702834585,All Out Deutschland,All Out,≤100
231320586878427,Hauseigentümerverband (HEV) Region Winterthur,Hauseigentümerverband Region Winterthur,≤100
1483343695307824,Campax,Campax,≤100
102578282597131,Kamylla Lisi-Brandino,Kamylla J. Lisi-Brandino,≤100
111873241774804,RJ Klimaneutral,"Junge Mitte, JGLP, JUSO - Rapperswil Jona",≤100
104820235801310,Politische Rechte für geistig Behinderte,Lukas Paul Spichiger,≤100
103850865786634,Grünliberale Bezirk Hinwil,Grünliberale Bezirk Hinwil,≤100
488909884546537,GLP Winterthur Land,GLP Winterthur Land,≤100
358536457645537,SVP Uster,Daniel Schnyder,≤100
627220684023668,GRÜNE Zürich,Grüne Kanton Zürich,≤100
169042736456594,All Out,All Out,≤100
106964611977537,Switlo,Switlo,≤100
1700824713324064,SP Zürich 10,SP Zürich 10,≤100
110616465067898,Initiative Gesunde Jugend Jetzt,Die Junge Mitte Kanton Zürich,≤100
105587378928302,sp_toggenburg,These ads ran without a disclaimer,≤100
107717738487757,Viviane Kägi GLP,Viviane Kägi,≤100
921336971288655,Nagra,Nagra,≤100
101791136062906,Notrechtsinitiative.ch,Notrechtsinitiative.ch,≤100
82752099000,Alternative Liste ZH,Alternative Liste Zürich,≤100
354548604968651,Peter Metzinger in den Kantonsrat,Peter Alois Metzinger,≤100
416743625125770,Grüne Zürichsee,Thomas Forrer,≤100
600706570124933,Verkehrssanierungen JA,Verkehrssanierungen JA,≤100
105262295297064,FDP.Die Liberalen Nürensdorf,FDP.Die Liberalen Nürensdorf,≤100
335609400529370,FDP Horgen,FDP Horgen,≤100
428690117258417,SVP des Kantons Zürich,SVP des Kantons Zürich,≤100
292711521138736,IPFO,International Photo Festival Olten,≤100
252652524823017,EVP Kanton Zürich,EVP Kanton Zürich,≤100
113814477835,Piratenpartei Schweiz,Piratenpartei Schweiz,≤100
120746218068081,Comundo,These ads ran without a disclaimer,≤100
110838505070498,SVP Wädenswil,SVP Wädenswil,≤100
300240057017,Voglauer möbel voller leben,These ads ran without a disclaimer,≤100
100980232576650,Muriel Langenberger,Muriel Langenberger,≤100
1092252917594218,Initiative pour les glaciers,Association suisse pour la protection du climat,≤100
291359247729208,PS Suisse,PS Suisse,≤100
1903129656584980,SP Uster,SP Uster,≤100
354391925271384,Raphael Zimmerli,These ads ran without a disclaimer,≤100
103269145789541,Stop au blackout,Initiative populaire « De l’électricité pour tous en tout temps (Stop au blackout) »,≤100
230522120377463,FDP Allschwil-Schönenbuch,FDP Allschwil-Schönenbuch,≤100
100116156110843,Stop al blackout,Iniziativa popolare «Energia elettrica in ogni tempo per tutti (Stop al blackout)»,≤100
231086633606227,SVP Baselland,SVP Baselland,≤100
101565586173509,Hoвости Дня,These ads ran without a disclaimer,≤100
102109691904848,swiss-food.ch,swiss-food.ch,≤100
111011748401165,Washington Kane,These ads ran without a disclaimer,≤100
109742838576665,Sandro Gerber - FDP.Die Liberalen - Kantonsratskandidat ZH 2023,sandrogerber,≤100
103082059271118,SP Bezirk Hinwil,These ads ran without a disclaimer,≤100
573432299488027,SVP Bassersdorf,SVP Bassersdorf,≤100
100369729335133,"Peter Grünenfelder, Regierungsratskandidat Zürich",Peter Grünenfelder c/o FDP Kanton Zürich,≤100
109213507316253,SP Zürich 11,SP Zürich,≤100
102014399307738,Direkt,direkt,≤100
113821883316185,Faktischversichert,These ads ran without a disclaimer,≤100
103440272521713,Sarah Fuchs in den Kantonsrat,Sarah Fuchs,≤100
402677536461567,AllMatters,These ads ran without a disclaimer,≤100
108206818777404,Bezirksgewerbeverband Bülach,Bezirksgewerbeverband Bülach,≤100
101103429022118,Grüne Schlieren,Grüne Partei Schlieren,≤100
108650374829229,Go Green Magazin,These ads ran without a disclaimer,≤100
707321076049640,Monika Keller,Monika Keller,≤100
110533229026103,EVP / PEV,EVP Schweiz,≤100
136341053227140,EVP Winterthur,EVP Kanton Zürich,≤100
107494077464434,Janine Vannaz,These ads ran without a disclaimer,≤100
175478195846132,Les Vert·e·s suisses,Grüne Schweiz,≤100
105257442419923,Die Mitte Bezirk Bülach,Die Mitte Bezirk Bülach,≤100
119245155521044,Ylli Doko - Politiker - FDP Die.Liberalen,Ylli Doko,≤100
200825306651250,Renato Pfeffer EVP,EVP Kanton Zürich,≤100
1959919117421939,FDP.Die Liberalen Bezirk Bülach,FDP.Die Liberalen Bezirk Bülach,≤100
813362708790951,UBP - Union Bancaire Privée,These ads ran without a disclaimer,≤100
1587949341492441,Claudio Zihlmann,Claudio Zihlmann,≤100
172929692791198,SOKRATHERM GmbH Energie- und Wärmetechnik,These ads ran without a disclaimer,≤100
1497217983824347,Kunststiftung Ruth Baumgarte,These ads ran without a disclaimer,≤100
103955692557660,Expat-Publishing,These ads ran without a disclaimer,≤100
402052193189194,Siemens,These ads ran without a disclaimer,≤100
324253041382779,Xavier Cormier,These ads ran without a disclaimer,≤100
1601274913421469,Voices with Refugees - أصوات مع اللاجئين,These ads ran without a disclaimer,≤100
114057948224024,Новости дня,These ads ran without a disclaimer,≤100
339678509714670,Akademie Biberkor,These ads ran without a disclaimer,≤100
19746387261,Humane Society International,These ads ran without a disclaimer,≤100
1390745591150821,NRC - Norwegian Refugee Council,These ads ran without a disclaimer,≤100
185561295623272,Move To Help Foundation,These ads ran without a disclaimer,≤100
106583898850663,Harrington Frazier,These ads ran without a disclaimer,≤100
2181830098768270,Saint-Gobain,These ads ran without a disclaimer,≤100
100192602860755,События,These ads ran without a disclaimer,≤100