﻿Page ID,Page name,Disclaimer,Amount spent (CHF)
106321615725425,Oui à la Loi climat,Oui à la loi climat,1282
291359247729208,PS Suisse,PS Suisse,1282
179829952053386,Vert'libéraux,Parti vert'libéral Suisse,1057
126289610761942,Grünliberale,Grünliberale,538
1320679421302500,HabitatDurable,Casafair - HabitatDurable,452
175478195846132,Les Vert·e·s suisses,Grüne Schweiz,277
107793295629503,Tourismus für das Klimagesetz,Tourismuskomitee «JA zum Klimagesetz»,257
737971436234272,StrategieDialog21,StrategieDialog21,247
1220118614712552,Non à la loi sur le gaspillage de l'électricité,Non à la loi sur le gaspillage de l'électricité,245
108471975894983,Chambre vaudoise du commerce et de l'industrie (CVCI),Chambre Vaudoise du Commerce et de l'Industrie,187
535897123124799,Jeunes Libéraux-Radicaux Suisse,Jeunes Libéraux-Radicaux Suisses,178
109997062087311,Des logements pour Montreux,Des logements pour Montreux,177
1886381148253031,Économie suisse pour la loi climat,Économie Suisse pour la loi climat,153
100332749664541,Ja zum Klimaschutz-Gesetz,JA zum Klimaschutz,146
1131283210260777,Future 3,Fondation Future 3.0,141
349450293419,Schweizerische Energie-Stiftung SES,Schweizerische Energie-Stiftung SES,126
169510248558,Die Mitte - Le Centre,Die Mitte,125
1012263022170223,HotellerieSuisse,HotellerieSuisse,116
103550668590403,Mieux vivre sa vie,Mieux Vivre Sa Vie,112
154976914534194,Save the Children Schweiz/Suisse,Save the Children Schweiz,108
386551678736949,Philippe Loertscher,Philippe Loertscher,≤100
97220294896,SP Schweiz,SP Schweiz,≤100
257497631736082,Gletscher-Initiative,Verein Klimaschutz Schweiz,≤100
348181055257294,suisse.ing - Top of Engineering,suisse.ing,≤100
510352742440847,Coalition pour des multinationales responsables,Coalition pour des multinationales responsables,≤100
513407995428696,actif-trafiC,actif-trafiC,≤100
97721121385,Public Eye,Public Eye,≤100
255506388731408,Biodiversitätsinitiative / Initiative biodiversité,Biodiversitätsinitiative / Initiative biodiversité,≤100
51415837765,Greenpeace Switzerland,Greenpeace Switzerland,≤100
203742079691384,Les Libres Riviera,Les Libres Riviera,≤100
18087904183,PLR,PLR,≤100
1659576160959696,Guido Fluri Stiftung,Guido Fluri Stiftung,≤100
103915262545181,KMU geprüft,KMU geprüft,≤100
373612039326605,Parti Socialiste Montreux,Parti socialiste Montreux,≤100
334655940216136,Nein zum Stromfresser-Gesetz,Nein zum Stromfresser-Gesetz,≤100
212297922293183,UDC Suisse,UDC Suisse,≤100
100109808734387,Schweizer Wirtschaft für das Klimagesetz,Schweizer Wirtschaft für das Klimagesetzt,≤100
143674429003483,PLR.Les Libéraux-Radicaux Lausanne,Sandro Guiseppe Patronaggio,≤100
105023728023626,Forum Wirtschaftsstandort Schweiz,Swissholdings,≤100
1027844850652657,Boomerang Ideas,Boomerang Ideas AG,≤100
104434902404462,SI all' imposta minima dell'OCSE,Alleanza per la riforma dell’imposta preventiva,≤100
194790813901953,Grüne Schweiz,Grüne Schweiz,≤100
169752569742293,Schweizerischer Gewerbeverband sgv,Schweizerischer Gewerbeverband sgv,≤100
147201418675114,Swissmem,Swissmem,≤100
1524859774444235,Koalition für Konzernverantwortung,Koalition für Konzernverantwortung,≤100
260591187302640,Parti socialiste genevois,Parti socialiste genevois,≤100
1541379879413801,FER Genève,FER Genève,≤100
592045444309191,DIRECT NEWS by Michel Robadin,DIRECT NEWS by Michel Robadin,≤100
921336971288655,Nagra,Nagra,≤100
114275974912005,GE équilibre fiscal,GE équilibre fiscal,≤100
202907189862969,Verdi Liberali,Parti vert'libéral Suisse,≤100
48980326364,Public Eye,Public Eye,≤100
100844786282093,SÌ alla Legge clima,Sì alla legge clima,≤100
107552952619935,WWF Schweiz,WWF Schweiz,≤100
113106815069066,"OUI à la LEFI - Notre logement, c’est toute notre vie",CGI,≤100
375071409495559,Future 3 I de,Fondation Future 3.0,≤100
102014399307738,Direkt,direkt,≤100
1483343695307824,Campax,Campax,≤100
36735923253,umverkehR,umverkehR,≤100
218538701651843,Union suisse des arts et métiers usam,Schweizerischer Gewerbeverband sgv,≤100
200905173303222,"SCI Switzerland (Schweiz, Suisse, Svizzera)","SCI Switzerland (Schweiz, Suisse, Svizzera)",≤100
132497703498525,Pro Velo Schweiz,Pro Velo Schweiz,≤100
309380022477251,Casafair,Casafair,≤100
259871484198551,Thomas Matter,Thomas Matter,≤100
220197041662012,Kleinbauern-Vereinigung / Petits paysans,Kleinbauern-Vereinigung VKMB,≤100
1951249848443600,Protect Our Winters Switzerland,Protect Our Winters Switzerland,≤100
467929373784855,COA - Coalition animaliste,Coalition animaliste (COA),≤100
162373287239957,SVP Schweiz,SVP Schweiz,≤100
120307884715130,Les Vert•e•s Valais - Grüne Wallis,Les Vert•e•s Valais - Grüne Wallis,≤100
108204507991414,Zukunft sichern,Allianz für ein JA zur OECD-Mindeststeuer,≤100
151183321586281,Jeunes Vert·e·x·s Genève,Jeunes Vert·e·x·s Genève,≤100
110481348648633,Ludivine-Luy-Lovey au Conseil National 2023,Ludivine Luy Lovey,≤100
121607420925633,Catherine Meyer in den Nationalrat,Wahlkommitee Catherine Meyer,≤100
15733998334,FDP,FDP,≤100
158820214312321,Citations Ron Hubbard,Mieux Vivre Sa Vie,≤100
100513788093677,Les Vert-e-s Ville de Genève,Les Vert-e-s Ville de Genève,≤100
10150100771335484,24 heures,These ads ran without a disclaimer,≤100
364457210935073,Vert'libéraux Valais / Grünliberale Wallis,Vert'libéraux Valais / Grünliberale Wallis,≤100
242962179160721,HUIS CLOS Galerie,These ads ran without a disclaimer,≤100
116890591678651,Vert'libéraux - Genève,Parti vert'libéral genevois,≤100
100119208056282,Christian Dandrès,Christian Joseph Dandrès,≤100
392401507964099,Blue Store,These ads ran without a disclaimer,≤100
763722197034246,En Développement,These ads ran without a disclaimer,≤100
102733401616452,Tanja Miljanović in den Nationalrat,Tanja Miljanović,≤100
238982909481105,Les Vert·e·s Genevois·es,Les Vert-e-s genevois-es,≤100
354391925271384,Raphael Zimmerli - Die Mitte,These ads ran without a disclaimer,≤100
2151592515105217,Christina Bachmann-Roth,Christina Bachmann-Roth,≤100
100257256973322,Stark+vernetzt,stark + vernetzt,≤100
104549855835454,avestaevent,These ads ran without a disclaimer,≤100
112878345109547,NON-in181 - NON à cette bombe fiscale,Fer Genève,≤100
1429860470617358,Le Centre / Ville de Genève,Le Centre / Ville de Genève,≤100
167064773463386,SP Lyss-Busswil,SP Lyss-Busswil,≤100
145845125487053,"Jürg Grossen, Präsident Grünliberale",Jürg Grossen,≤100
447828135241448,Mente Poderosa,These ads ran without a disclaimer,≤100
251838211585945,SP Basel-Stadt,SP Basel-Stadt,≤100
267353906619818,Mr. Gugu & Miss Go,These ads ran without a disclaimer,≤100
100662513034694,parteilose_schweiz,These ads ran without a disclaimer,≤100
216444012216,EDU - UDF (Eidgenössisch-Demokratische Union),Eidgenössisch-Demokratische Union Schweiz,≤100
265786100439644,Grüne Freie Liste Stadt Bern,Grüne Freie Liste Stadt Bern,≤100
101120115685831,SVP Stäfa,Marco Andreas Vogt,≤100
1092252917594218,Initiative pour les glaciers,Association suisse pour la protection du climat,≤100
105188432853984,Tribune de Genève,These ads ran without a disclaimer,≤100
820391221400929,Unser Stadtrat Florin Scherrer,Unser Stadtrat Florin Scherrer,≤100
105076430928035,rmnage,These ads ran without a disclaimer,≤100
100116156110843,Stop al blackout,Iniziativa popolare «Energia elettrica in ogni tempo per tutti (Stop al blackout)»,≤100
347265340270,Architecture Competitions,These ads ran without a disclaimer,≤100
844386315584131,Volvo Construction Equipment,These ads ran without a disclaimer,≤100
107229532308588,Rothschild-Rockefeller Dynasty family.,These ads ran without a disclaimer,≤100
108367678367599,Mok Reading,These ads ran without a disclaimer,≤100
491088150937394,Mustang Jeans,These ads ran without a disclaimer,≤100
121638447515460,Marcelo Almeida,These ads ran without a disclaimer,≤100
108091988358295,Travels All Abroad,These ads ran without a disclaimer,≤100
1990880717882519,The China Current,These ads ran without a disclaimer,≤100
100374392742057,Weregreenly- Magazine,These ads ran without a disclaimer,≤100
100785376351945,Olesyamykiyevych3,These ads ran without a disclaimer,≤100
114491254887383,Hilarious Hub,These ads ran without a disclaimer,≤100
1390745591150821,NRC - Norwegian Refugee Council,These ads ran without a disclaimer,≤100
101493829022149,The Swiss Times,These ads ran without a disclaimer,≤100
108148958352704,Travelers Spot,These ads ran without a disclaimer,≤100
104099512361482,Funnies Now - Magazine,These ads ran without a disclaimer,≤100
101919325776268,K+S,These ads ran without a disclaimer,≤100
112077024899370,Comics Stadium,These ads ran without a disclaimer,≤100
513075715554189,Área de inversión,These ads ran without a disclaimer,≤100
115057248238688,Kingdom Design Agency,These ads ran without a disclaimer,≤100
252094071930052,Hochschule für Gesellschaftsgestaltung,These ads ran without a disclaimer,≤100
487359271292536,Greator,These ads ran without a disclaimer,≤100
19746387261,Humane Society International,These ads ran without a disclaimer,≤100
105336055090792,Luisa Chimá,These ads ran without a disclaimer,≤100
154087694129,Causeur.fr,These ads ran without a disclaimer,≤100
100166741553596,SahmGlas,These ads ran without a disclaimer,≤100