﻿Page ID,Page name,Disclaimer,Amount spent (CHF)
349450293419,Schweizerische Energie-Stiftung SES,Schweizerische Energie-Stiftung SES,895
97220294896,SP Schweiz,SP Schweiz,679
131066326987,SP Kanton Zürich,SP Kanton Zürich,532
1027844850652657,Boomerang Ideas,Boomerang Ideas AG,386
108204507991414,Zukunft sichern,Allianz für ein JA zur OECD-Mindeststeuer,334
255506388731408,Biodiversitätsinitiative / Initiative biodiversité,Biodiversitätsinitiative / Initiative biodiversité,279
48980326364,Public Eye,Public Eye,223
191859734164694,Pro Infirmis,Pro Infirmis,203
155659847849677,Kantonsrat Martin Huber,Kantonsrat Martin Huber,176
599025353636034,B Lab Switzerland,B LAB (SWITZERLAND),147
1524859774444235,Koalition für Konzernverantwortung,Koalition für Konzernverantwortung,133
1483343695307824,Campax,Campax,104
154976914534194,Save the Children Schweiz/Suisse,Save the Children Schweiz,≤100
104803175931011,Vjollca Gashi,Vjollca Vivi Gashi,≤100
921336971288655,Nagra,Nagra,≤100
51415837765,Greenpeace Switzerland,Greenpeace Switzerland,≤100
105527252338650,perspektiveschweiz.ch,IG Wirtschaftsverbände,≤100
169752569742293,Schweizerischer Gewerbeverband sgv,Schweizerischer Gewerbeverband sgv,≤100
116663695061094,SP Bezirk Meilen,SP Bezirk Meilen,≤100
169510248558,Die Mitte - Le Centre,Die Mitte,≤100
8142847754,Jungfreisinnige Schweiz,Jungfreisinnige Schweiz,≤100
97721121385,Public Eye,Public Eye,≤100
102014399307738,Direkt,direkt,≤100
111081131629685,Blackout stoppen,Volksinitiative «Jederzeit Strom für alle (Blackout stoppen)»,≤100
135939773133793,Grüne Winterthur,Grüne Winterthur,≤100
533196430187039,KMU- und Gewerbeverband Kanton Zürich,KMU- und Gewerbeverband Kanton Zürich,≤100
291359247729208,PS Suisse,PS Suisse,≤100
580012422156679,Grüne Stadt Dübendorf,Grüne Stadt Dübendorf,≤100
104203868811586,Martina Dürr,Martina Regula  Dürr,≤100
15733998334,FDP,FDP,≤100
61652252465,NHL,These ads ran without a disclaimer,≤100
145845125487053,"Jürg Grossen, Präsident Grünliberale",Jürg Grossen,≤100
110336161874621,Urban Husi in den Kantonsrat ZH,Urban Pius Matthäus Husi Fiechter,≤100
115134174862244,perspectivesuisse.ch,IG Wirtschaftsverbände,≤100
510352742440847,Coalition pour des multinationales responsables,Coalition pour des multinationales responsables,≤100
102718129475079,Ambil Sandy,Sandy Iwan Ambil,≤100
183441641693664,Philippe Nantermod,Etude Philippe Nantermod Sàrl,≤100
168761183826173,Gewerkschaftsbund Schaffhausen GBS,Gewerkschaftsbund Schaffhausen GBS,≤100
100109808734387,Schweizer Wirtschaft für das Klimagesetz,Schweizer Wirtschaft für das Klimagesetzt,≤100
107552952619935,WWF Schweiz,WWF Schweiz,≤100
538981346500133,Rotho,These ads ran without a disclaimer,≤100
1951249848443600,Protect Our Winters Switzerland,Protect Our Winters Switzerland,≤100
142664095796912,GRÜNE Kanton Bern,GRÜNE Kanton Bern,≤100
103269145789541,Stop au blackout,Initiative populaire « De l’électricité pour tous en tout temps (Stop au blackout) »,≤100
102151651460969,Raiffeisen Anlegen & Vorsorgen,These ads ran without a disclaimer,≤100
194790813901953,Grüne Schweiz,Grüne Schweiz,≤100
18087904183,PLR,PLR,≤100
105847949124690,Ask AI - Free Chat GPT App,These ads ran without a disclaimer,≤100
106964611977537,Switlo,Switlo,≤100
160520461875,Das Lamm,These ads ran without a disclaimer,≤100
100116156110843,Stop al blackout,Iniziativa popolare «Energia elettrica in ogni tempo per tutti (Stop al blackout)»,≤100
852370551453606,GARP,These ads ran without a disclaimer,≤100
1886381148253031,Économie suisse pour la loi climat,Économie Suisse pour la loi climat,≤100
245489546137580,Christoph Riner - bodenständige Politik,Christoph Riner - bodenständige Politik,≤100
100381452863244,Libertés et Justice sociale,Libertés et Justice sociale,≤100
2273404059547940,Akhpal torghar,These ads ran without a disclaimer,≤100
120746218068081,Comundo,These ads ran without a disclaimer,≤100
175478195846132,Les Vert·e·s suisses,Grüne Schweiz,≤100
267353906619818,Mr. Gugu & Miss Go,These ads ran without a disclaimer,≤100
654086281432152,Société pour les peuples menacés Suisse - SPM,These ads ran without a disclaimer,≤100
108318715562829,Abi Espin,These ads ran without a disclaimer,≤100
1562216347422974,Esther Friedli,Esther Friedli,≤100
888626258006362,"Barbara Gysi, Nationalrätin SP",Barbara Gysi,≤100
218538701651843,Union suisse des arts et métiers usam,Schweizerischer Gewerbeverband sgv,≤100
12185972707,350.org,These ads ran without a disclaimer,≤100
115895401463440,Entretenimiento,These ads ran without a disclaimer,≤100
120202611050476,The Money Mindset,These ads ran without a disclaimer,≤100
109888808553507,Neol,These ads ran without a disclaimer,≤100
107183418710416,Rocket stories FS,These ads ran without a disclaimer,≤100
208371683037269,NBCU Catalyst,These ads ran without a disclaimer,≤100
102121579296432,Allcsta time,These ads ran without a disclaimer,≤100
105945458999217,Demenswear,These ads ran without a disclaimer,≤100
110993941170214,ChidoBook,These ads ran without a disclaimer,≤100
548577435509026,d&b audiotechnik,These ads ran without a disclaimer,≤100
171163390480055,Samson Rope Technologies,These ads ran without a disclaimer,≤100
112542440931333,NinjaOne France,These ads ran without a disclaimer,≤100
63306224439,Trip.com,These ads ran without a disclaimer,≤100
119448817757424,Pelo mundo a fora,These ads ran without a disclaimer,≤100
231575074011232,Landesbank Baden-Württemberg,These ads ran without a disclaimer,≤100
101092639094951,namysto_lialka,These ads ran without a disclaimer,≤100
2175328549346650,Deutscher Koordinierungsrat GCJZ,These ads ran without a disclaimer,≤100
104200678369483,CUPGRADE,These ads ran without a disclaimer,≤100
405379246524515,DHL Express,These ads ran without a disclaimer,≤100
763722197034246,En Développement,These ads ran without a disclaimer,≤100
612984478813856,Henry Harvin Education,These ads ran without a disclaimer,≤100
109023530752200,Changing Markets Foundation,These ads ran without a disclaimer,≤100
146822255731958,Fast Travel Games,These ads ran without a disclaimer,≤100
111390757093321,ASC - Verantwortungsvolle Fischzucht,These ads ran without a disclaimer,≤100
204816652874409,haGalil.com,These ads ran without a disclaimer,≤100
236806237064955,Sonica Sarna Design,These ads ran without a disclaimer,≤100
100374392742057,Weregreenly- Magazine,These ads ran without a disclaimer,≤100
105962808801596,IZZY - Stream Israel,These ads ran without a disclaimer,≤100
100226179346528,dynamiceventsberlin,These ads ran without a disclaimer,≤100
104648785749269,Turkey Tour,These ads ran without a disclaimer,≤100
69659999016,Vitra Design Museum,These ads ran without a disclaimer,≤100
1050094841669430,Canal-Control+Clean,These ads ran without a disclaimer,≤100
104099512361482,Funnies Now - Magazine,These ads ran without a disclaimer,≤100
104187209333343,KI - Topaktuell,These ads ran without a disclaimer,≤100
110318858712956,Новости Европы,These ads ran without a disclaimer,≤100
368757963825913,WasteFuel,These ads ran without a disclaimer,≤100
188140874572413,Fundación Charles Darwin,These ads ran without a disclaimer,≤100
306064959461205,UMAGE,These ads ran without a disclaimer,≤100