﻿Page ID,Page name,Disclaimer,Amount spent (CHF)
349450293419,Schweizerische Energie-Stiftung SES,Schweizerische Energie-Stiftung SES,307
97220294896,SP Schweiz,SP Schweiz,193
1027844850652657,Boomerang Ideas,Boomerang Ideas AG,117
255506388731408,Biodiversitätsinitiative / Initiative biodiversité,Biodiversitätsinitiative / Initiative biodiversité,102
48980326364,Public Eye,Public Eye,≤100
108204507991414,Zukunft sichern,Allianz für ein JA zur OECD-Mindeststeuer,≤100
191859734164694,Pro Infirmis,Pro Infirmis,≤100
1524859774444235,Koalition für Konzernverantwortung,Koalition für Konzernverantwortung,≤100
1483343695307824,Campax,Campax,≤100
599025353636034,B Lab Switzerland,B LAB (SWITZERLAND),≤100
51415837765,Greenpeace Switzerland,Greenpeace Switzerland,≤100
921336971288655,Nagra,Nagra,≤100
169752569742293,Schweizerischer Gewerbeverband sgv,Schweizerischer Gewerbeverband sgv,≤100
154976914534194,Save the Children Schweiz/Suisse,Save the Children Schweiz,≤100
97721121385,Public Eye,Public Eye,≤100
164099536940693,BLKB,These ads ran without a disclaimer,≤100
169510248558,Die Mitte - Le Centre,Die Mitte,≤100
8142847754,Jungfreisinnige Schweiz,Jungfreisinnige Schweiz,≤100
291359247729208,PS Suisse,PS Suisse,≤100
102014399307738,Direkt,direkt,≤100
111081131629685,Blackout stoppen,Volksinitiative «Jederzeit Strom für alle (Blackout stoppen)»,≤100
115134174862244,perspectivesuisse.ch,IG Wirtschaftsverbände,≤100
145845125487053,"Jürg Grossen, Präsident Grünliberale",Jürg Grossen,≤100
15733998334,FDP,FDP,≤100
142664095796912,GRÜNE Kanton Bern,GRÜNE Kanton Bern,≤100
510352742440847,Coalition pour des multinationales responsables,Coalition pour des multinationales responsables,≤100
102718129475079,Ambil Sandy,Sandy Iwan Ambil,≤100
183441641693664,Philippe Nantermod,Etude Philippe Nantermod Sàrl,≤100
107552952619935,WWF Schweiz,WWF Schweiz,≤100
251838211585945,SP Basel-Stadt,SP Basel-Stadt,≤100
61652252465,NHL,These ads ran without a disclaimer,≤100
100109808734387,Schweizer Wirtschaft für das Klimagesetz,Schweizer Wirtschaft für das Klimagesetzt,≤100
103269145789541,Stop au blackout,Initiative populaire « De l’électricité pour tous en tout temps (Stop au blackout) »,≤100
105527252338650,perspektiveschweiz.ch,IG Wirtschaftsverbände,≤100
538981346500133,Rotho,These ads ran without a disclaimer,≤100
69659999016,Vitra Design Museum,These ads ran without a disclaimer,≤100
102151651460969,Raiffeisen Anlegen & Vorsorgen,These ads ran without a disclaimer,≤100
1951249848443600,Protect Our Winters Switzerland,Protect Our Winters Switzerland,≤100
194790813901953,Grüne Schweiz,Grüne Schweiz,≤100
105847949124690,Ask AI - Free Chat GPT App,These ads ran without a disclaimer,≤100
18087904183,PLR,PLR,≤100
1886381148253031,Économie suisse pour la loi climat,Économie Suisse pour la loi climat,≤100
160520461875,Das Lamm,These ads ran without a disclaimer,≤100
100116156110843,Stop al blackout,Iniziativa popolare «Energia elettrica in ogni tempo per tutti (Stop al blackout)»,≤100
106964611977537,Switlo,Switlo,≤100
175478195846132,Les Vert·e·s suisses,Grüne Schweiz,≤100
100381452863244,Libertés et Justice sociale,Libertés et Justice sociale,≤100
12185972707,350.org,These ads ran without a disclaimer,≤100
120746218068081,Comundo,These ads ran without a disclaimer,≤100
654086281432152,Société pour les peuples menacés Suisse - SPM,These ads ran without a disclaimer,≤100
852370551453606,GARP,These ads ran without a disclaimer,≤100
111529661884207,Netzwerk Gesundheit und Soziales Oberbaselbiet,Netzwerk Gesundheit und Soziales Oberbaselbiet,≤100
245489546137580,Christoph Riner - bodenständige Politik,Christoph Riner - bodenständige Politik,≤100
814161388652681,Samira Marti,Nationalrätin Samira Marti,≤100
104200678369483,CUPGRADE,These ads ran without a disclaimer,≤100
306064959461205,UMAGE,These ads ran without a disclaimer,≤100
102121579296432,Allcsta time,These ads ran without a disclaimer,≤100
110318858712956,Новости Европы,These ads ran without a disclaimer,≤100
104187209333343,KI - Topaktuell,These ads ran without a disclaimer,≤100
300369183362735,ENESSERE,These ads ran without a disclaimer,≤100
109023530752200,Changing Markets Foundation,These ads ran without a disclaimer,≤100
111390757093321,ASC - Verantwortungsvolle Fischzucht,These ads ran without a disclaimer,≤100
123999364291001,Ankerherz,These ads ran without a disclaimer,≤100
120202611050476,The Money Mindset,These ads ran without a disclaimer,≤100
1050094841669430,Canal-Control+Clean,These ads ran without a disclaimer,≤100
105962808801596,IZZY - Stream Israel,These ads ran without a disclaimer,≤100
2175328549346650,Deutscher Koordinierungsrat GCJZ,These ads ran without a disclaimer,≤100
612984478813856,Henry Harvin Education,These ads ran without a disclaimer,≤100
763722197034246,En Développement,These ads ran without a disclaimer,≤100
112542440931333,NinjaOne France,These ads ran without a disclaimer,≤100
267353906619818,Mr. Gugu & Miss Go,These ads ran without a disclaimer,≤100
110993941170214,ChidoBook,These ads ran without a disclaimer,≤100
231575074011232,Landesbank Baden-Württemberg,These ads ran without a disclaimer,≤100