﻿Page ID,Page name,Disclaimer,Amount spent (CHF)
147717218614170,PLR Genève,PLR.Les Libéraux-Radicaux Genève,1804
105982889575233,Le Centre Genève,Le Centre Genève,1505
114275974912005,GE équilibre fiscal,GE équilibre fiscal,1107
100381452863244,Libertés et Justice sociale,Libertés et Justice sociale,939
1054282644596776,GE-démocratie,GE-démocratie,893
288659088239530,MCG Officiel,Mouvement Citoyens Genevois,563
291359247729208,PS Suisse,PS Suisse,254
103033805478591,Carole-Anne Kast,Carole-Anne Kast,251
1027844850652657,Boomerang Ideas,Boomerang Ideas AG,136
349450293419,Schweizerische Energie-Stiftung SES,Schweizerische Energie-Stiftung SES,131
191859734164694,Pro Infirmis,Pro Infirmis,131
467929373784855,COA - Coalition animaliste,Coalition animaliste (COA),122
151183321586281,Jeunes Vert·e·x·s Genève,Jeunes Vert·e·x·s Genève,117
175478195846132,Les Vert·e·s suisses,Grüne Schweiz,105
103550668590403,Mieux vivre sa vie,Mieux Vivre Sa Vie,102
599025353636034,B Lab Switzerland,B LAB (SWITZERLAND),101
101664679500421,Uni·es par nos convictions · Engagé·es pour Genève,Uni·es par nos convictions · Engagé·es pour Genève,≤100
97721121385,Public Eye,Public Eye,≤100
255506388731408,Biodiversitätsinitiative / Initiative biodiversité,Biodiversitätsinitiative / Initiative biodiversité,≤100
238982909481105,Les Vert·e·s Genevois·es,Les Vert-e-s genevois-es,≤100
510352742440847,Coalition pour des multinationales responsables,Coalition pour des multinationales responsables,≤100
154976914534194,Save the Children Schweiz/Suisse,Save the Children Schweiz,≤100
100119208056282,Christian Dandrès,Christian Joseph Dandrès,≤100
48980326364,Public Eye,Public Eye,≤100
105527252338650,perspektiveschweiz.ch,IG Wirtschaftsverbände,≤100
1673559236288902,Pro Senectute Genève,Pro Senectute Genève,≤100
115134174862244,perspectivesuisse.ch,IG Wirtschaftsverbände,≤100
218538701651843,Union suisse des arts et métiers usam,Schweizerischer Gewerbeverband sgv,≤100
921336971288655,Nagra,Nagra,≤100
97220294896,SP Schweiz,SP Schweiz,≤100
105847949124690,Ask AI - Free Chat GPT App,These ads ran without a disclaimer,≤100
169752569742293,Schweizerischer Gewerbeverband sgv,Schweizerischer Gewerbeverband sgv,≤100
51415837765,Greenpeace Switzerland,Greenpeace Switzerland,≤100
18087904183,PLR,PLR,≤100
108204507991414,Zukunft sichern,Allianz für ein JA zur OECD-Mindeststeuer,≤100
1524859774444235,Koalition für Konzernverantwortung,Koalition für Konzernverantwortung,≤100
169510248558,Die Mitte - Le Centre,Die Mitte,≤100
102014399307738,Direkt,direkt,≤100
103269145789541,Stop au blackout,Initiative populaire « De l’électricité pour tous en tout temps (Stop au blackout) »,≤100
535897123124799,Jeunes Libéraux-Radicaux Suisse,Jeunes Libéraux-Radicaux Suisses,≤100
112144688810182,"CCIG - Chambre de commerce, d'industrie et des services de Genève",These ads ran without a disclaimer,≤100
1483343695307824,Campax,Campax,≤100
1886381148253031,Économie suisse pour la loi climat,Économie Suisse pour la loi climat,≤100
61652252465,NHL,These ads ran without a disclaimer,≤100
538981346500133,Rotho,These ads ran without a disclaimer,≤100
183441641693664,Philippe Nantermod,Etude Philippe Nantermod Sàrl,≤100
339361516111101,My Chosen Vessels - MCV,These ads ran without a disclaimer,≤100
763722197034246,En Développement,These ads ran without a disclaimer,≤100
158820214312321,Citations Ron Hubbard,Mieux Vivre Sa Vie,≤100
1951249848443600,Protect Our Winters Switzerland,Protect Our Winters Switzerland,≤100
115353781494583,DemoLibertarians.com,These ads ran without a disclaimer,≤100
111081131629685,Blackout stoppen,Volksinitiative «Jederzeit Strom für alle (Blackout stoppen)»,≤100
2060372040891577,UZS,These ads ran without a disclaimer,≤100
107552952619935,WWF Schweiz,WWF Schweiz,≤100
174551119248735,San Diego International Sister Cities Association (SanDISCA),These ads ran without a disclaimer,≤100
112542440931333,NinjaOne France,These ads ran without a disclaimer,≤100
15733998334,FDP,FDP,≤100
852370551453606,GARP,These ads ran without a disclaimer,≤100
654086281432152,Société pour les peuples menacés Suisse - SPM,These ads ran without a disclaimer,≤100
142664095796912,GRÜNE Kanton Bern,GRÜNE Kanton Bern,≤100
12185972707,350.org,These ads ran without a disclaimer,≤100
100109808734387,Schweizer Wirtschaft für das Klimagesetz,Schweizer Wirtschaft für das Klimagesetzt,≤100
194790813901953,Grüne Schweiz,Grüne Schweiz,≤100
100116156110843,Stop al blackout,Iniziativa popolare «Energia elettrica in ogni tempo per tutti (Stop al blackout)»,≤100
120746218068081,Comundo,These ads ran without a disclaimer,≤100
10150100771335484,24 heures,These ads ran without a disclaimer,≤100
106964611977537,Switlo,Switlo,≤100
105188432853984,Tribune de Genève,These ads ran without a disclaimer,≤100
2273404059547940,Akhpal torghar,These ads ran without a disclaimer,≤100
245489546137580,Christoph Riner - bodenständige Politik,Christoph Riner - bodenständige Politik,≤100
160520461875,Das Lamm,These ads ran without a disclaimer,≤100
104764328592380,Raices Argentinas Swiss,These ads ran without a disclaimer,≤100
156279764411149,Times Higher Education,These ads ran without a disclaimer,≤100
306064959461205,UMAGE,These ads ran without a disclaimer,≤100
119448817757424,Pelo mundo a fora,These ads ran without a disclaimer,≤100
69659999016,Vitra Design Museum,These ads ran without a disclaimer,≤100
805499066304399,Centre for International Studies and Development,These ads ran without a disclaimer,≤100
110004921840381,paulacolicigno,These ads ran without a disclaimer,≤100
188140874572413,Fundación Charles Darwin,These ads ran without a disclaimer,≤100
102121579296432,Allcsta time,These ads ran without a disclaimer,≤100
104187209333343,KI - Topaktuell,These ads ran without a disclaimer,≤100
110993941170214,ChidoBook,These ads ran without a disclaimer,≤100
110318858712956,Новости Европы,These ads ran without a disclaimer,≤100
101033665741550,The Hacks Archives,These ads ran without a disclaimer,≤100
105962808801596,IZZY - Stream Israel,These ads ran without a disclaimer,≤100
102151651460969,Raiffeisen Anlegen & Vorsorgen,These ads ran without a disclaimer,≤100
105842829050347,earthapist,These ads ran without a disclaimer,≤100
120202611050476,The Money Mindset,These ads ran without a disclaimer,≤100
111390757093321,ASC - Verantwortungsvolle Fischzucht,These ads ran without a disclaimer,≤100
146822255731958,Fast Travel Games,These ads ran without a disclaimer,≤100
231575074011232,Landesbank Baden-Württemberg,These ads ran without a disclaimer,≤100
176508225770197,Austrian Master Classes,These ads ran without a disclaimer,≤100
105945458999217,Demenswear,These ads ran without a disclaimer,≤100
548577435509026,d&b audiotechnik,These ads ran without a disclaimer,≤100
109888808553507,Neol,These ads ran without a disclaimer,≤100
612984478813856,Henry Harvin Education,These ads ran without a disclaimer,≤100
198051124292362,Editions Anspach,These ads ran without a disclaimer,≤100
105827925281759,Porta Luce,These ads ran without a disclaimer,≤100
108318715562829,Abi Espin,These ads ran without a disclaimer,≤100
180035590021,PICTURE ORGANIC CLOTHING,These ads ran without a disclaimer,≤100
109023530752200,Changing Markets Foundation,These ads ran without a disclaimer,≤100
1050094841669430,Canal-Control+Clean,These ads ran without a disclaimer,≤100
267353906619818,Mr. Gugu & Miss Go,These ads ran without a disclaimer,≤100