﻿Page ID,Page name,Disclaimer,Amount spent (CHF)
1027844850652657,Boomerang Ideas,Boomerang Ideas AG,≤100
349450293419,Schweizerische Energie-Stiftung SES,Schweizerische Energie-Stiftung SES,≤100
108204507991414,Zukunft sichern,Allianz für ein JA zur OECD-Mindeststeuer,≤100
191859734164694,Pro Infirmis,Pro Infirmis,≤100
97220294896,SP Schweiz,SP Schweiz,≤100
255506388731408,Biodiversitätsinitiative / Initiative biodiversité,Biodiversitätsinitiative / Initiative biodiversité,≤100
599025353636034,B Lab Switzerland,B LAB (SWITZERLAND),≤100
48980326364,Public Eye,Public Eye,≤100
169752569742293,Schweizerischer Gewerbeverband sgv,Schweizerischer Gewerbeverband sgv,≤100
1524859774444235,Koalition für Konzernverantwortung,Koalition für Konzernverantwortung,≤100
921336971288655,Nagra,Nagra,≤100
1483343695307824,Campax,Campax,≤100
169510248558,Die Mitte - Le Centre,Die Mitte,≤100
102014399307738,Direkt,direkt,≤100
15733998334,FDP,FDP,≤100
8142847754,Jungfreisinnige Schweiz,Jungfreisinnige Schweiz,≤100
51415837765,Greenpeace Switzerland,Greenpeace Switzerland,≤100
154976914534194,Save the Children Schweiz/Suisse,Save the Children Schweiz,≤100
97721121385,Public Eye,Public Eye,≤100
115134174862244,perspectivesuisse.ch,IG Wirtschaftsverbände,≤100
111081131629685,Blackout stoppen,Volksinitiative «Jederzeit Strom für alle (Blackout stoppen)»,≤100
61652252465,NHL,These ads ran without a disclaimer,≤100
104989210943139,Circolo ACLI Wohlen,These ads ran without a disclaimer,≤100
100109808734387,Schweizer Wirtschaft für das Klimagesetz,Schweizer Wirtschaft für das Klimagesetzt,≤100
291359247729208,PS Suisse,PS Suisse,≤100
107552952619935,WWF Schweiz,WWF Schweiz,≤100
142664095796912,GRÜNE Kanton Bern,GRÜNE Kanton Bern,≤100
1951249848443600,Protect Our Winters Switzerland,Protect Our Winters Switzerland,≤100
18087904183,PLR,PLR,≤100
145845125487053,"Jürg Grossen, Präsident Grünliberale",Jürg Grossen,≤100
538981346500133,Rotho,These ads ran without a disclaimer,≤100
1886381148253031,Économie suisse pour la loi climat,Économie Suisse pour la loi climat,≤100
183441641693664,Philippe Nantermod,Etude Philippe Nantermod Sàrl,≤100
103915262545181,KMU geprüft,KMU geprüft,≤100
175478195846132,Les Vert·e·s suisses,Grüne Schweiz,≤100
293513687977752,von allmen architekten ag,These ads ran without a disclaimer,≤100
102960028451979,Dick im Gscheft,These ads ran without a disclaimer,≤100
100116156110843,Stop al blackout,Iniziativa popolare «Energia elettrica in ogni tempo per tutti (Stop al blackout)»,≤100
510352742440847,Coalition pour des multinationales responsables,Coalition pour des multinationales responsables,≤100
160520461875,Das Lamm,These ads ran without a disclaimer,≤100
654086281432152,Société pour les peuples menacés Suisse - SPM,These ads ran without a disclaimer,≤100
120746218068081,Comundo,These ads ran without a disclaimer,≤100
105527252338650,perspektiveschweiz.ch,IG Wirtschaftsverbände,≤100
389006641956517,Natalie Imboden,Natalie Imboden,≤100
194790813901953,Grüne Schweiz,Grüne Schweiz,≤100
12185972707,350.org,These ads ran without a disclaimer,≤100
267353906619818,Mr. Gugu & Miss Go,These ads ran without a disclaimer,≤100
109888808553507,Neol,These ads ran without a disclaimer,≤100
231575074011232,Landesbank Baden-Württemberg,These ads ran without a disclaimer,≤100
105847949124690,Ask AI - Free Chat GPT App,These ads ran without a disclaimer,≤100
110318858712956,Новости Европы,These ads ran without a disclaimer,≤100
102151651460969,Raiffeisen Anlegen & Vorsorgen,These ads ran without a disclaimer,≤100