﻿Page ID,Page name,Disclaimer,Amount spent (CHF)
599025353636034,B Lab Switzerland,B LAB (SWITZERLAND),380
104460881166122,Pro Natura Valais / Wallis,Pro Natura Valais / Wallis,133
103550668590403,Mieux vivre sa vie,Mieux Vivre Sa Vie,≤100
510352742440847,Coalition pour des multinationales responsables,Coalition pour des multinationales responsables,≤100
120307884715130,Les Vert•e•s Valais - Grüne Wallis,Les Vert•e•s Valais - Grüne Wallis,≤100
110481348648633,Ludivine-Luy-Lovey au Conseil National 2023,Ludivine Luy Lovey,≤100
1429860470617358,Le Centre / Ville de Genève,Le Centre / Ville de Genève,≤100
111081131629685,Blackout stoppen,Volksinitiative «Jederzeit Strom für alle (Blackout stoppen)»,≤100
291359247729208,PS Suisse,PS Suisse,≤100
651914428165177,PS Sion,PS Sion,≤100
1524859774444235,Koalition für Konzernverantwortung,Koalition für Konzernverantwortung,≤100
54779960819,United Nations,United Nations with Facebook Ad Credits,≤100
154976914534194,Save the Children Schweiz/Suisse,Save the Children Schweiz,≤100
1524954517562834,Prominis,Prominis GmbH,≤100
169510248558,Die Mitte - Le Centre,Die Mitte,≤100
97220294896,SP Schweiz,SP Schweiz,≤100
48980326364,Public Eye,Public Eye,≤100
1836872279965837,Fabian Peter,fabianpeter.ch,≤100
737971436234272,StrategieDialog21,StrategieDialog21,≤100
169752569742293,Schweizerischer Gewerbeverband sgv,Schweizerischer Gewerbeverband sgv,≤100
353685744720476,Jungfreisinnige Stadt Luzern,Jungfreisinnige Stadt Luzern,≤100
225005760938801,FDP.Die Liberalen Emmen,FDP.Die Liberalen Emmen,≤100
105890175750510,Luca Carbone  lucacarbone.ch,Luca Carbone,≤100
921336971288655,Nagra,Nagra,≤100
102014399307738,Direkt,direkt,≤100
102700334426254,Pierluigi Pasi,Pierluigi Pasi,≤100
1483343695307824,Campax,Campax,≤100
323542331710140,Adrian Nussbaum,Adrian Markus Nussbaum,≤100
103269145789541,Stop au blackout,Initiative populaire « De l’électricité pour tous en tout temps (Stop au blackout) »,≤100
663896104043182,Kultur Luzern,Kultur Luzern,≤100
269029886456205,Giorgio Fonio,Giorgio Fonio,≤100
463645587339110,Piero Marchesi,Piero Marchesi,≤100
97721121385,Public Eye,Public Eye,≤100
305314876752258,Thomas von Allmen,Thomas Von Allmen,≤100
108804628818873,Virna Conti,Virna Conti,≤100
100980232576650,Muriel Langenberger,Muriel Langenberger,≤100
1054282644596776,GE-démocratie,GE-démocratie,≤100
100116156110843,Stop al blackout,Iniziativa popolare «Energia elettrica in ogni tempo per tutti (Stop al blackout)»,≤100
112609440480783,Marko Antunović,Marko Antunović,≤100
158820214312321,Citations Ron Hubbard,Mieux Vivre Sa Vie,≤100
116890591678651,Vert'libéraux - Genève,Parti vert'libéral genevois,≤100
763722197034246,En Développement,These ads ran without a disclaimer,≤100
128440447895402,Jeder Tag zählt e.V.,These ads ran without a disclaimer,≤100
1951249848443600,Protect Our Winters Switzerland,Protect Our Winters Switzerland,≤100
259871484198551,Thomas Matter,Thomas Matter,≤100
100381452863244,Libertés et Justice sociale,Libertés et Justice sociale,≤100
108595330730708,Groupe lgbtiq+ du PS genevois,Groupe lgbtiq+ du PS genevois,≤100
151183321586281,Jeunes Vert·e·x·s Genève,Jeunes Vert·e·x·s Genève,≤100
107811472635849,Landesmuseum Zürich,These ads ran without a disclaimer,≤100
103190662706168,NON à la Loi sur la Chasse.,Rolf Hugo Hilfiker,≤100
109554428727136,Erik Pinchetti 7-77,Erik Pinchetti,≤100
109889270596253,Aurelio Sargenti,Aurelio Mario Elvezio Sargenti,≤100
384045782162585,JSVP Wahlkreis Entlebuch,Martin Hofstetter,≤100
190133177759419,Giuseppe Cotti,Giuseppe Cotti,≤100
111620301609347,David Moschella,David Moschella,≤100
105982889575233,Le Centre Genève,Le Centre Genève,≤100
360151400680191,Die Mitte Stadt Luzern,Die Mitte Stadt Luzern,≤100
1492503634364441,Liste d'Union Populaire,Ensemble à Gauche-Genève,≤100
238982909481105,Les Vert·e·s Genevois·es,Les Vert-e-s genevois-es,≤100
1125155474201566,Mcg Carouge,Sandro Pistis,≤100
1565933506957347,Marina Carobbio,Marina Carobbio,≤100
196581727029106,Netgear Deutschland,These ads ran without a disclaimer,≤100
467929373784855,COA - Coalition animaliste,Coalition animaliste (COA),≤100
306942789321939,mudac - Musée de design et d'arts appliqués contemporains,These ads ran without a disclaimer,≤100
101664679500421,Uni·es par nos convictions · Engagé·es pour Genève,Uni·es par nos convictions · Engagé·es pour Genève,≤100
445748655573590,Bernhard Steiner wieder in den Kantonsrat,Bernhard Franz Steiner,≤100
122849551077569,Democrats Abroad Switzerland,Democrats Abroad,≤100
682431921821580,Wildling Shoes,These ads ran without a disclaimer,≤100
105653629050461,Valairion,These ads ran without a disclaimer,≤100
338558226784,Verlag PRO Kita,These ads ran without a disclaimer,≤100
166683010008805,Colegram,Colegram,≤100
10150100771335484,24 heures,These ads ran without a disclaimer,≤100
110319640757764,Leadvent Group,These ads ran without a disclaimer,≤100
103033805478591,Carole-Anne Kast,Carole-Anne Kast,≤100
291504744242501,Lega dei Ticinesi - sezione Chiasso,Stefano Tonini,≤100
100267076206781,Ensemble à Gauche solidaritéS-Parti du Travail-DAL,Ensemble à Gauche,≤100
84150672409,SP Stadt Zürich,SP Stadt Zürich,≤100
155659847849677,Kantonsrat Martin Huber,Kantonsrat Martin Huber,≤100
116348888049995,Interlitica,These ads ran without a disclaimer,≤100
396161737064848,Il Centro - Gordola,Il Centro - Gordola,≤100
1526697364280066,Partito Socialista Ticino,Partito Socialista Ticino,≤100
105188432853984,Tribune de Genève,These ads ran without a disclaimer,≤100
283357338846138,Alain Bühler - UDC,Alain Bühler - UDC,≤100
107592225626983,EU News,These ads ran without a disclaimer,≤100
1462022710772147,Hans Egli,Hans Egli,≤100
108807695846538,PressReader,These ads ran without a disclaimer,≤100
110210588494125,GCG International Law firm,These ads ran without a disclaimer,≤100
117999441204391,Новости дня,These ads ran without a disclaimer,≤100
254811818003716,Cabaïa,These ads ran without a disclaimer,≤100
891586070909976,Endangered Species Foundation of New Zealand,These ads ran without a disclaimer,≤100
537872126249267,Червоний Хрест України,These ads ran without a disclaimer,≤100
100374392742057,Weregreenly- Magazine,These ads ran without a disclaimer,≤100
100865811813207,LUIS & FREYA,These ads ran without a disclaimer,≤100
110530438132862,BestdVibe,These ads ran without a disclaimer,≤100
110735535307853,Bask Worker,These ads ran without a disclaimer,≤100
114763454455084,isabelzintl,These ads ran without a disclaimer,≤100
101668319459055,world_of_adama,These ads ran without a disclaimer,≤100
105885535599394,Coach Cecil,These ads ran without a disclaimer,≤100
108240971635234,Bettermanly - Magazine,These ads ran without a disclaimer,≤100
598865763613819,Institute for Zen Leadership,These ads ran without a disclaimer,≤100
2105597423051940,Running Ricarda,These ads ran without a disclaimer,≤100
102251318064432,Organon,These ads ran without a disclaimer,≤100
188872144758,CCTV,These ads ran without a disclaimer,≤100
109755664976719,Ginger's Notebook,These ads ran without a disclaimer,≤100
106325695626132,LushReads,These ads ran without a disclaimer,≤100
100211985747396,Klimaform,These ads ran without a disclaimer,≤100
294615500888608,Interface,These ads ran without a disclaimer,≤100
257045211013828,San Antonio Spurs Pro,These ads ran without a disclaimer,≤100
103497027790225,Fonos,These ads ran without a disclaimer,≤100
102537783146375,28. Jun,These ads ran without a disclaimer,≤100