﻿Page ID,Page name,Disclaimer,Amount spent (CHF)
109889270596253,Aurelio Sargenti,Aurelio Mario Elvezio Sargenti,≤100
1524859774444235,Koalition für Konzernverantwortung,Koalition für Konzernverantwortung,≤100
105890175750510,Luca Carbone  lucacarbone.ch,Luca Carbone,≤100
510352742440847,Coalition pour des multinationales responsables,Coalition pour des multinationales responsables,≤100
921336971288655,Nagra,Nagra,≤100
169510248558,Die Mitte - Le Centre,Die Mitte,≤100
169752569742293,Schweizerischer Gewerbeverband sgv,Schweizerischer Gewerbeverband sgv,≤100
108804628818873,Virna Conti,Virna Conti,≤100
291359247729208,PS Suisse,PS Suisse,≤100
305314876752258,Thomas von Allmen,Thomas Von Allmen,≤100
97220294896,SP Schweiz,SP Schweiz,≤100
102700334426254,Pierluigi Pasi,Pierluigi Pasi,≤100
54779960819,United Nations,United Nations with Facebook Ad Credits,≤100