﻿Page ID,Page name,Disclaimer,Amount spent (CHF)
100213996124067,Grünliberale Sektion Emmen-Hochdorf,Grünliberale Sektion Emmen-Hochdorf,≤100
102149056050165,Simon Leu,Simon Leu,≤100
222196101148136,Grünliberale Partei Kanton Luzern,Grünliberale Partei Kanton Luzern,≤100
1524859774444235,Koalition für Konzernverantwortung,Koalition für Konzernverantwortung,≤100
111081131629685,Blackout stoppen,Volksinitiative «Jederzeit Strom für alle (Blackout stoppen)»,≤100
100756302940852,Raimund Wenger - Kantonsratswahlen 2023,Raimund Wenger,≤100
1524954517562834,Prominis,Prominis GmbH,≤100
114231361547107,SVP Wahlkreis Hochdorf LU,SVP - Wahlkreis Hochdorf LU,≤100
54779960819,United Nations,United Nations with Facebook Ad Credits,≤100
599025353636034,B Lab Switzerland,B LAB (SWITZERLAND),≤100
1836872279965837,Fabian Peter,fabianpeter.ch,≤100
1500106483561398,FDP. Die Liberalen Risch Rotkreuz,FDP Risch Rotkreuz,≤100
290544665132087,Jasmin Ursprung,Jasmin Ursprung,≤100
97220294896,SP Schweiz,SP Schweiz,≤100
169510248558,Die Mitte - Le Centre,Die Mitte,≤100
983775695036102,Gianluca Pardini,Gianluca Pardini,≤100
169752569742293,Schweizerischer Gewerbeverband sgv,Schweizerischer Gewerbeverband sgv,≤100
323542331710140,Adrian Nussbaum,Adrian Markus Nussbaum,≤100
1429860470617358,Le Centre / Ville de Genève,Le Centre / Ville de Genève,≤100
737971436234272,StrategieDialog21,StrategieDialog21,≤100
305314876752258,Thomas von Allmen,Thomas Von Allmen,≤100
264952450282664,JUSO Luzern,JUSO Luzern,≤100
154976914534194,Save the Children Schweiz/Suisse,Save the Children Schweiz,≤100
102014399307738,Direkt,direkt,≤100
125466200895962,Valentin Landmann,Sven Kunz,≤100
48980326364,Public Eye,Public Eye,≤100
112333848418556,Roman Grisiger,Roman Grisiger,≤100
225005760938801,FDP.Die Liberalen Emmen,FDP.Die Liberalen Emmen,≤100
105890175750510,Luca Carbone  lucacarbone.ch,Luca Carbone,≤100
353685744720476,Jungfreisinnige Stadt Luzern,Jungfreisinnige Stadt Luzern,≤100
921336971288655,Nagra,Nagra,≤100
259871484198551,Thomas Matter,Thomas Matter,≤100
372803770225965,Mario Cozzio - GLP,Mario Cozzio - GLP,≤100
1483343695307824,Campax,Campax,≤100
108804628818873,Virna Conti,Virna Conti,≤100
97721121385,Public Eye,Public Eye,≤100
663896104043182,Kultur Luzern,Kultur Luzern,≤100
102700334426254,Pierluigi Pasi,Pierluigi Pasi,≤100
100980232576650,Muriel Langenberger,Muriel Langenberger,≤100
1951249848443600,Protect Our Winters Switzerland,Protect Our Winters Switzerland,≤100
445748655573590,Bernhard Steiner wieder in den Kantonsrat,Bernhard Franz Steiner,≤100
112609440480783,Marko Antunović,Marko Antunović,≤100
463645587339110,Piero Marchesi,Piero Marchesi,≤100
269029886456205,Giorgio Fonio,Giorgio Fonio,≤100
122849551077569,Democrats Abroad Switzerland,Democrats Abroad,≤100
360151400680191,Die Mitte Stadt Luzern,Die Mitte Stadt Luzern,≤100
107811472635849,Landesmuseum Zürich,These ads ran without a disclaimer,≤100
106305221949785,Grünliberale Kanton Zug,Tabea Estermann,≤100
510352742440847,Coalition pour des multinationales responsables,Coalition pour des multinationales responsables,≤100
84150672409,SP Stadt Zürich,SP Stadt Zürich,≤100
103190662706168,NON à la Loi sur la Chasse.,Rolf Hugo Hilfiker,≤100
384045782162585,JSVP Wahlkreis Entlebuch,Martin Hofstetter,≤100
104009029660183,Die Junge Mitte Kanton Luzern,Die Junge Mitte Kanton Luzern,≤100
291359247729208,PS Suisse,PS Suisse,≤100
108595330730708,Groupe lgbtiq+ du PS genevois,Groupe lgbtiq+ du PS genevois,≤100
100116156110843,Stop al blackout,Iniziativa popolare «Energia elettrica in ogni tempo per tutti (Stop al blackout)»,≤100
445013152316995,Die Mitte Kriens,Die Mitte Kriens,≤100
1073858446007122,FDP. Die Liberalen Meggen,FDP. Die Liberalen Meggen,≤100
1565933506957347,Marina Carobbio,Marina Carobbio,≤100
103420552709684,Petition Maienzug-Bankett,Benjamin Böhler,≤100
103269145789541,Stop au blackout,Initiative populaire « De l’électricité pour tous en tout temps (Stop au blackout) »,≤100
109369354227655,Kultz,These ads ran without a disclaimer,≤100
109554428727136,Erik Pinchetti 7-77,Erik Pinchetti,≤100
155659847849677,Kantonsrat Martin Huber,Kantonsrat Martin Huber,≤100
1462022710772147,Hans Egli,Hans Egli,≤100
196581727029106,Netgear Deutschland,These ads ran without a disclaimer,≤100
100381452863244,Libertés et Justice sociale,Libertés et Justice sociale,≤100
227720898168117,Markus Estermann,Markus Estermann,≤100
291504744242501,Lega dei Ticinesi - sezione Chiasso,Stefano Tonini,≤100
253562484727500,Partito Socialista Lugano,PS Lugano,≤100
110319640757764,Leadvent Group,These ads ran without a disclaimer,≤100
108240971635234,Bettermanly - Magazine,These ads ran without a disclaimer,≤100
110530438132862,BestdVibe,These ads ran without a disclaimer,≤100
839425599478454,Eu News,These ads ran without a disclaimer,≤100
100374392742057,Weregreenly- Magazine,These ads ran without a disclaimer,≤100
117638797922290,memleket.partisi.isvicre,These ads ran without a disclaimer,≤100
682431921821580,Wildling Shoes,These ads ran without a disclaimer,≤100
128440447895402,Jeder Tag zählt e.V.,These ads ran without a disclaimer,≤100
114763454455084,isabelzintl,These ads ran without a disclaimer,≤100
1826983680878901,Hussain Sajwani,These ads ran without a disclaimer,≤100
102251318064432,Organon,These ads ran without a disclaimer,≤100
100211985747396,Klimaform,These ads ran without a disclaimer,≤100
105885535599394,Coach Cecil,These ads ran without a disclaimer,≤100
130124167823452,Cosmea - Unbeschwerte Tage für Körper & Umwelt,These ads ran without a disclaimer,≤100
257045211013828,San Antonio Spurs Pro,These ads ran without a disclaimer,≤100
338558226784,Verlag PRO Kita,These ads ran without a disclaimer,≤100
105653629050461,Valairion,These ads ran without a disclaimer,≤100
103497027790225,Fonos,These ads ran without a disclaimer,≤100