﻿Page ID,Page name,Disclaimer,Amount spent (CHF)
1526697364280066,Partito Socialista Ticino,Partito Socialista Ticino,1814
176998335660824,PLRT,PLRT,1588
111539168454051,Avanti,Avanti,645
676306169090037,Remzi Durmishi,Remzi Durmishi,496
463645587339110,Piero Marchesi,Piero Marchesi,425
1439209716323593,UDC Ticino,UDC Ticino,352
101122865395791,Matteo Buzzi,Matteo Buzzi,347
859017794123127,Gioventù Socialista Ticino,Gioventù Socialista Ticino,345
190133177759419,Giuseppe Cotti,Giuseppe Cotti,292
269029886456205,Giorgio Fonio,Giorgio Fonio,227
291504744242501,Lega dei Ticinesi - sezione Chiasso,Stefano Tonini,224
103267436042382,Elezioni TI,Repubblica e Cantone Ticino,182
1483343695307824,Campax,Campax,169
353969997649,Partito Comunista - Svizzera,Partito Comunista,161
253562484727500,Partito Socialista Lugano,PS Lugano,146
194790813901953,Grüne Schweiz,Grüne Schweiz,142
299139454083983,Gionata Genazzi,Gionata Genazzi,138
305699609616768,Verdi Liberali Ticino,verdi liberali Ticino,128
119653091058565,Arik Fallet,Arik Patrik Fallet,123
283357338846138,Alain Bühler - UDC,Alain Bühler - UDC,101
396161737064848,Il Centro - Gordola,Il Centro - Gordola,≤100
100491002143945,Valentina Aricò-Respini - candidata PLR in Gran Consiglio 2023,Valentina Aricò-Respini - candidata PLR in Gran Consiglio 2023,≤100
105182149185389,Andrea Saporito PLR,Andrea Saporito,≤100
553101375069991,Jacopo Scacchi,Jacopo Scacchi,≤100
102700334426254,Pierluigi Pasi,Pierluigi Pasi,≤100
512160575468385,Rodolfo Pulino,Rodolfo Pulino,≤100
160010804210071,Diego Baratti - UDC,Diego Baratti,≤100
105890175750510,Luca Carbone  lucacarbone.ch,Luca Carbone,≤100
104426225059688,Daniele Piccaluga,Daniele Piccaluga,≤100
110733265209110,Il Centro Locarno,Giuseppe Abbatiello,≤100
102269201722239,TV Riviera 24,Tv Riviera 24,≤100
112609440480783,Marko Antunović,Marko Antunović,≤100
390928554334317,Il Centro Mendrisio,Il Centro Mendrisio,≤100
103121756024593,Emanuele Mobiglia,giovani Verdi Liberali Ticino,≤100
1429860470617358,Le Centre / Ville de Genève,Le Centre / Ville de Genève,≤100
111081131629685,Blackout stoppen,Volksinitiative «Jederzeit Strom für alle (Blackout stoppen)»,≤100
105091890833799,Cristina Zanini Barzaghi,Cristina Zanini Barzaghi,≤100
1524859774444235,Koalition für Konzernverantwortung,Koalition für Konzernverantwortung,≤100
843066965772572,Adriano Venuti,Adriano Venuti,≤100
100116156110843,Stop al blackout,Iniziativa popolare «Energia elettrica in ogni tempo per tutti (Stop al blackout)»,≤100
1836872279965837,Fabian Peter,fabianpeter.ch,≤100
54779960819,United Nations,United Nations with Facebook Ad Credits,≤100
1636440209972703,Alberto Togni,Alberto Togni,≤100
921336971288655,Nagra,Nagra,≤100
102014399307738,Direkt,direkt,≤100
510352742440847,Coalition pour des multinationales responsables,Coalition pour des multinationales responsables,≤100
48980326364,Public Eye,Public Eye,≤100
1033932949973658,Sara Demir,Sara Demir,≤100
169752569742293,Schweizerischer Gewerbeverband sgv,Schweizerischer Gewerbeverband sgv,≤100
737971436234272,StrategieDialog21,StrategieDialog21,≤100
225005760938801,FDP.Die Liberalen Emmen,FDP.Die Liberalen Emmen,≤100
305314876752258,Thomas von Allmen,Thomas Von Allmen,≤100
100717802928635,Alessandro Ambrosoli,Studio Daulte,≤100
109554428727136,Erik Pinchetti 7-77,Erik Pinchetti,≤100
97220294896,SP Schweiz,SP Schweiz,≤100
100980232576650,Muriel Langenberger,Muriel Langenberger,≤100
109889270596253,Aurelio Sargenti,Aurelio Mario Elvezio Sargenti,≤100
1524954517562834,Prominis,Prominis GmbH,≤100
169510248558,Die Mitte - Le Centre,Die Mitte,≤100
108804628818873,Virna Conti,Virna Conti,≤100
97721121385,Public Eye,Public Eye,≤100
663896104043182,Kultur Luzern,Kultur Luzern,≤100
353685744720476,Jungfreisinnige Stadt Luzern,Jungfreisinnige Stadt Luzern,≤100
323542331710140,Adrian Nussbaum,Adrian Markus Nussbaum,≤100
154976914534194,Save the Children Schweiz/Suisse,Save the Children Schweiz,≤100
1565933506957347,Marina Carobbio,Marina Carobbio,≤100
291359247729208,PS Suisse,PS Suisse,≤100
128440447895402,Jeder Tag zählt e.V.,These ads ran without a disclaimer,≤100
259871484198551,Thomas Matter,Thomas Matter,≤100
384045782162585,JSVP Wahlkreis Entlebuch,Martin Hofstetter,≤100
1951249848443600,Protect Our Winters Switzerland,Protect Our Winters Switzerland,≤100
108595330730708,Groupe lgbtiq+ du PS genevois,Groupe lgbtiq+ du PS genevois,≤100
103190662706168,NON à la Loi sur la Chasse.,Rolf Hugo Hilfiker,≤100
196581727029106,Netgear Deutschland,These ads ran without a disclaimer,≤100
360151400680191,Die Mitte Stadt Luzern,Die Mitte Stadt Luzern,≤100
107811472635849,Landesmuseum Zürich,These ads ran without a disclaimer,≤100
84150672409,SP Stadt Zürich,SP Stadt Zürich,≤100
102537783146375,28. Jun,These ads ran without a disclaimer,≤100
122849551077569,Democrats Abroad Switzerland,Democrats Abroad,≤100
100381452863244,Libertés et Justice sociale,Libertés et Justice sociale,≤100
108807695846538,PressReader,These ads ran without a disclaimer,≤100
110319640757764,Leadvent Group,These ads ran without a disclaimer,≤100
103269145789541,Stop au blackout,Initiative populaire « De l’électricité pour tous en tout temps (Stop au blackout) »,≤100
117999441204391,Новости дня,These ads ran without a disclaimer,≤100
1462022710772147,Hans Egli,Hans Egli,≤100
445748655573590,Bernhard Steiner wieder in den Kantonsrat,Bernhard Franz Steiner,≤100
1125155474201566,Mcg Carouge,Sandro Pistis,≤100
155659847849677,Kantonsrat Martin Huber,Kantonsrat Martin Huber,≤100
128787593816071,TWOTHIRDS,These ads ran without a disclaimer,≤100
104388755215540,_luca_snow_autor,These ads ran without a disclaimer,≤100
100211985747396,Klimaform,These ads ran without a disclaimer,≤100
114763454455084,isabelzintl,These ads ran without a disclaimer,≤100
537872126249267,Червоний Хрест України,These ads ran without a disclaimer,≤100
682431921821580,Wildling Shoes,These ads ran without a disclaimer,≤100
110878264774557,benoit_basse,These ads ran without a disclaimer,≤100
891586070909976,Endangered Species Foundation of New Zealand,These ads ran without a disclaimer,≤100
207735025880,Stetson Europe,These ads ran without a disclaimer,≤100
116188981422838,Globаl News,These ads ran without a disclaimer,≤100
107162805484729,Neo-Eco Ukraine,These ads ran without a disclaimer,≤100
216311481960,Bill Gates,These ads ran without a disclaimer,≤100
117638797922290,memleket.partisi.isvicre,These ads ran without a disclaimer,≤100
102251318064432,Organon,These ads ran without a disclaimer,≤100
839425599478454,Eu News,These ads ran without a disclaimer,≤100
100374392742057,Weregreenly- Magazine,These ads ran without a disclaimer,≤100
110210588494125,GCG International Law firm,These ads ran without a disclaimer,≤100
105885535599394,Coach Cecil,These ads ran without a disclaimer,≤100
294615500888608,Interface,These ads ran without a disclaimer,≤100
100379049649433,Cool Bits Daily,These ads ran without a disclaimer,≤100
763722197034246,En Développement,These ads ran without a disclaimer,≤100
112231348496956,point_in_our_heart,These ads ran without a disclaimer,≤100
122276294503722,Viessmann Sport,These ads ran without a disclaimer,≤100
105653629050461,Valairion,These ads ran without a disclaimer,≤100
106325695626132,LushReads,These ads ran without a disclaimer,≤100
2105597423051940,Running Ricarda,These ads ran without a disclaimer,≤100
100865811813207,LUIS & FREYA,These ads ran without a disclaimer,≤100
112846865029121,RDA SPOT,These ads ran without a disclaimer,≤100
257045211013828,San Antonio Spurs Pro,These ads ran without a disclaimer,≤100
103497027790225,Fonos,These ads ran without a disclaimer,≤100