﻿Page ID,Page name,Disclaimer,Amount spent (CHF)
97220294896,SP Schweiz,SP Schweiz,399
1524859774444235,Koalition für Konzernverantwortung,Koalition für Konzernverantwortung,196
111081131629685,Blackout stoppen,Volksinitiative «Jederzeit Strom für alle (Blackout stoppen)»,134
1524954517562834,Prominis,Prominis GmbH,≤100
599025353636034,B Lab Switzerland,B LAB (SWITZERLAND),≤100
169752569742293,Schweizerischer Gewerbeverband sgv,Schweizerischer Gewerbeverband sgv,≤100
169510248558,Die Mitte - Le Centre,Die Mitte,≤100
54779960819,United Nations,United Nations with Facebook Ad Credits,≤100
737971436234272,StrategieDialog21,StrategieDialog21,≤100
510352742440847,Coalition pour des multinationales responsables,Coalition pour des multinationales responsables,≤100
154976914534194,Save the Children Schweiz/Suisse,Save the Children Schweiz,≤100
152628551459993,GSoA - Gruppe für eine Schweiz ohne Armee,GSoA,≤100
48980326364,Public Eye,Public Eye,≤100
102014399307738,Direkt,direkt,≤100
36735923253,umverkehR,umverkehR,≤100
265786100439644,Grüne Freie Liste Stadt Bern,Grüne Freie Liste Bern,≤100
445748655573590,Bernhard Steiner wieder in den Kantonsrat,Bernhard Franz Steiner,≤100
1429860470617358,Le Centre / Ville de Genève,Le Centre / Ville de Genève,≤100
809697199378485,Sandra Cellarius,Sandra Alice Cellarius,≤100
353685744720476,Jungfreisinnige Stadt Luzern,Jungfreisinnige Stadt Luzern,≤100
225005760938801,FDP.Die Liberalen Emmen,FDP.Die Liberalen Emmen,≤100
103865108846573,FDP.Die Liberalen Herzogenbuchsee,FDP Herzogenbuchsee,≤100
1836872279965837,Fabian Peter,fabianpeter.ch,≤100
117701274586282,Sascha Eigenmann in den Kantonsrat,Sascha Eigenmann,≤100
105890175750510,Luca Carbone  lucacarbone.ch,Luca Carbone,≤100
291359247729208,PS Suisse,PS Suisse,≤100
305314876752258,Thomas von Allmen,Thomas Von Allmen,≤100
1483343695307824,Campax,Campax,≤100
323542331710140,Adrian Nussbaum,Adrian Markus Nussbaum,≤100
222196101148136,Grünliberale Partei Kanton Luzern,Grünliberale Partei Kanton Luzern,≤100
921336971288655,Nagra,Nagra,≤100
259871484198551,Thomas Matter,Thomas Matter,≤100
103737799349392,Stalder Ronald,Ronald Stalder,≤100
102700334426254,Pierluigi Pasi,Pierluigi Pasi,≤100
97721121385,Public Eye,Public Eye,≤100
663896104043182,Kultur Luzern,Kultur Luzern,≤100
128440447895402,Jeder Tag zählt e.V.,These ads ran without a disclaimer,≤100
108804628818873,Virna Conti,Virna Conti,≤100
269029886456205,Giorgio Fonio,Giorgio Fonio,≤100
463645587339110,Piero Marchesi,Piero Marchesi,≤100
112609440480783,Marko Antunović,Marko Antunović,≤100
287354064948926,Wermelinger AG Flühli,Wermelinger AG Flühli,≤100
100980232576650,Muriel Langenberger,Muriel Langenberger,≤100
108012911488001,Flavia Wasserfallen,These ads ran without a disclaimer,≤100
1951249848443600,Protect Our Winters Switzerland,Protect Our Winters Switzerland,≤100
384045782162585,JSVP Wahlkreis Entlebuch,Martin Hofstetter,≤100
100116156110843,Stop al blackout,Iniziativa popolare «Energia elettrica in ogni tempo per tutti (Stop al blackout)»,≤100
107811472635849,Landesmuseum Zürich,These ads ran without a disclaimer,≤100
103190662706168,NON à la Loi sur la Chasse.,Rolf Hugo Hilfiker,≤100
103269145789541,Stop au blackout,Initiative populaire « De l’électricité pour tous en tout temps (Stop au blackout) »,≤100
983775695036102,Gianluca Pardini,Gianluca Pardini,≤100
110844634996793,"Thiam Lütolf - GLP Willisau, Kantonsrat LU",Thiam Lütolf,≤100
190133177759419,Giuseppe Cotti,Giuseppe Cotti,≤100
360151400680191,Die Mitte Stadt Luzern,Die Mitte Stadt Luzern,≤100
108595330730708,Groupe lgbtiq+ du PS genevois,Groupe lgbtiq+ du PS genevois,≤100
471258816239362,Junge SVP Luzern,Junge SVP Luzern,≤100
120307884715130,Les Vert•e•s Valais - Grüne Wallis,Les Vert•e•s Valais - Grüne Wallis,≤100
105885535599394,Coach Cecil,These ads ran without a disclaimer,≤100
120371314332042,FDP Wahlkreis Sursee,FDP.Die Liberalen Luzern,≤100
109554428727136,Erik Pinchetti 7-77,Erik Pinchetti,≤100
372803770225965,Mario Cozzio - GLP,Mario Cozzio - GLP,≤100
109889270596253,Aurelio Sargenti,Aurelio Mario Elvezio Sargenti,≤100
84150672409,SP Stadt Zürich,SP Stadt Zürich,≤100
103420552709684,Petition Maienzug-Bankett,Benjamin Böhler,≤100
196581727029106,Netgear Deutschland,These ads ran without a disclaimer,≤100
1565933506957347,Marina Carobbio,Marina Carobbio,≤100
100381452863244,Libertés et Justice sociale,Libertés et Justice sociale,≤100
100732476262537,GLP Willisau,GLP Wahlkreis Willisau,≤100
122849551077569,Democrats Abroad Switzerland,Democrats Abroad,≤100
110481348648633,Ludivine-Luy-Lovey au Conseil National 2023,Ludivine Luy Lovey,≤100
105326156194318,Gesellschaft für bedrohte Völker (GfbV) Schweiz,These ads ran without a disclaimer,≤100
264952450282664,JUSO Luzern,JUSO Luzern,≤100
338558226784,Verlag PRO Kita,These ads ran without a disclaimer,≤100
103497027790225,Fonos,These ads ran without a disclaimer,≤100
763722197034246,En Développement,These ads ran without a disclaimer,≤100
125466200895962,Valentin Landmann,Sven Kunz,≤100
80305304937,Grünliberale Partei Sursee,Grünliberale Partei Sursee,≤100
110862028592472,Christian Galliker,Christian Galliker,≤100
1125155474201566,Mcg Carouge,Sandro Pistis,≤100
1073858446007122,FDP. Die Liberalen Meggen,FDP. Die Liberalen Meggen,≤100
291504744242501,Lega dei Ticinesi - sezione Chiasso,Stefano Tonini,≤100
1462022710772147,Hans Egli,Hans Egli,≤100
155659847849677,Kantonsrat Martin Huber,Kantonsrat Martin Huber,≤100
306942789321939,mudac - Musée de design et d'arts appliqués contemporains,These ads ran without a disclaimer,≤100
107592225626983,EU News,These ads ran without a disclaimer,≤100
117999441204391,Новости дня,These ads ran without a disclaimer,≤100
108807695846538,PressReader,These ads ran without a disclaimer,≤100
104009029660183,Die Junge Mitte Kanton Luzern,Die Junge Mitte Kanton Luzern,≤100
110319640757764,Leadvent Group,These ads ran without a disclaimer,≤100
103737799349392,Stalder Ronald,These ads ran without a disclaimer,≤100
645967625528662,Stefan Dahinden,Stefan Dahinden,≤100
103127962744678,Cottage Worker,These ads ran without a disclaimer,≤100
175478195846132,Les Vert·e·s suisses,Grüne Schweiz,≤100
105188432853984,Tribune de Genève,These ads ran without a disclaimer,≤100
298155064222389,SVP Wahlkreis Entlebuch,SVP Wahlkreis Entlebuch,≤100
128787593816071,TWOTHIRDS,These ads ran without a disclaimer,≤100
110530438132862,BestdVibe,These ads ran without a disclaimer,≤100
100865811813207,LUIS & FREYA,These ads ran without a disclaimer,≤100
114763454455084,isabelzintl,These ads ran without a disclaimer,≤100
207735025880,Stetson Europe,These ads ran without a disclaimer,≤100
102251318064432,Organon,These ads ran without a disclaimer,≤100
122276294503722,Viessmann Sport,These ads ran without a disclaimer,≤100
891586070909976,Endangered Species Foundation of New Zealand,These ads ran without a disclaimer,≤100
117638797922290,memleket.partisi.isvicre,These ads ran without a disclaimer,≤100
216311481960,Bill Gates,These ads ran without a disclaimer,≤100
101668319459055,world_of_adama,These ads ran without a disclaimer,≤100
682431921821580,Wildling Shoes,These ads ran without a disclaimer,≤100
537872126249267,Червоний Хрест України,These ads ran without a disclaimer,≤100
100374392742057,Weregreenly- Magazine,These ads ran without a disclaimer,≤100
100835252397892,Grünland Podcast,These ads ran without a disclaimer,≤100
491603277588348,VTA Group,These ads ran without a disclaimer,≤100
110210588494125,GCG International Law firm,These ads ran without a disclaimer,≤100
104388755215540,_luca_snow_autor,These ads ran without a disclaimer,≤100
839425599478454,Eu News,These ads ran without a disclaimer,≤100
100379049649433,Cool Bits Daily,These ads ran without a disclaimer,≤100
108240971635234,Bettermanly - Magazine,These ads ran without a disclaimer,≤100
294615500888608,Interface,These ads ran without a disclaimer,≤100
101485486059705,Fusion Shearing Crusher,These ads ran without a disclaimer,≤100
130124167823452,Cosmea - Unbeschwerte Tage für Körper & Umwelt,These ads ran without a disclaimer,≤100
502256973569145,Discover Lifestyle,These ads ran without a disclaimer,≤100
106325695626132,LushReads,These ads ran without a disclaimer,≤100
110878264774557,benoit_basse,These ads ran without a disclaimer,≤100
107162805484729,Neo-Eco Ukraine,These ads ran without a disclaimer,≤100
112231348496956,point_in_our_heart,These ads ran without a disclaimer,≤100
254811818003716,Cabaïa,These ads ran without a disclaimer,≤100
2105597423051940,Running Ricarda,These ads ran without a disclaimer,≤100
100351636343294,Germ-News,These ads ran without a disclaimer,≤100
444347906369155,Transitions et Énergies,These ads ran without a disclaimer,≤100
114247604036354,Инфограф,These ads ran without a disclaimer,≤100
105653629050461,Valairion,These ads ran without a disclaimer,≤100
731854836984001,The Embiggened Heart,These ads ran without a disclaimer,≤100
651914428165177,PS Sion,PS Sion,≤100
100211985747396,Klimaform,These ads ran without a disclaimer,≤100
102537783146375,28. Jun,These ads ran without a disclaimer,≤100