﻿Page ID,Page name,Disclaimer,Amount spent (CHF)
147717218614170,PLR Genève,PLR.Les Libéraux-Radicaux Genève,3345
100381452863244,Libertés et Justice sociale,Libertés et Justice sociale,2362
260591187302640,Parti socialiste genevois,Parti socialiste genevois,2036
1492503634364441,Liste d'Union Populaire,Ensemble à Gauche-Genève,1303
288659088239530,MCG Officiel,Mouvement Citoyens Genevois,1101
1429860470617358,Le Centre / Ville de Genève,Le Centre / Ville de Genève,811
110888273821104,Alain Miserez,Alain Miserez,799
1054282644596776,GE-démocratie,GE-démocratie,596
116890591678651,Vert'libéraux - Genève,Parti vert'libéral genevois,570
101469746117157,"Xavier Magnin, candidat au Conseil d'Etat 2023",Xavier Magnin,457
105982889575233,Le Centre Genève,Le Centre Genève,455
111620301609347,David Moschella,David Moschella,373
106321615725425,Oui à la Loi climat,Oui à la loi climat,368
291359247729208,PS Suisse,PS Suisse,340
467929373784855,COA - Coalition animaliste,Coalition animaliste (COA),249
112058825151884,Michael Teixeira Queiros,Michael Teixeira Queiros,241
1504706079628728,ASLOCA Suisse,ASLOCA Suisse,222
100267076206781,Ensemble à Gauche solidaritéS-Parti du Travail-DAL,Ensemble à Gauche,214
101664679500421,Uni·es par nos convictions · Engagé·es pour Genève,Uni·es par nos convictions · Engagé·es pour Genève,169
175478195846132,Les Vert·e·s suisses,Grüne Schweiz,160
151183321586281,Jeunes Vert·e·x·s Genève,Jeunes Vert·e·x·s Genève,146
191859734164694,Pro Infirmis,Pro Infirmis,128
54779960819,United Nations,United Nations with Facebook Ad Credits,127
762130923840735,Darius Azarpey,Darius Azarpey,120
103550668590403,Mieux vivre sa vie,Mieux Vivre Sa Vie,≤100
103145369240143,Projet Genève,Projet Genève,≤100
238982909481105,Les Vert·e·s Genevois·es,Les Vert-e-s genevois-es,≤100
1100444546752110,Rémy Oudin,Rémy Oudin,≤100
122819208305170,Sauvegarde Genève,Sauvegarde Genève,≤100
108804628818873,Virna Conti,Virna Conti,≤100
162745750462776,Mieterinnen- und Mieterverband MV,Mieterinnen- und Mieterverband MV,≤100
105188432853984,Tribune de Genève,These ads ran without a disclaimer,≤100
218538701651843,Union suisse des arts et métiers usam,Schweizerischer Gewerbeverband sgv,≤100
363806973753759,PLR Arve et Lac,Stephan Zwettler,≤100
97220294896,SP Schweiz,SP Schweiz,≤100
108204507991414,Zukunft sichern,Allianz für ein JA zur OECD-Mindeststeuer,≤100
122849551077569,Democrats Abroad Switzerland,Democrats Abroad,≤100
100332749664541,Ja zum Klimaschutz-Gesetz,JA zum Klimaschutz,≤100
100844786282093,SÌ alla Legge clima,Sì alla legge clima,≤100
154976914534194,Save the Children Schweiz/Suisse,Save the Children Schweiz,≤100
2246378485612019,ASI - Associazione Svizzera Inquilini,ASI - Associazione Svizzera Inquilini,≤100
108595330730708,Groupe lgbtiq+ du PS genevois,Groupe lgbtiq+ du PS genevois,≤100
108293222212918,Rachel Da Silva,These ads ran without a disclaimer,≤100
1483343695307824,Campax,Campax,≤100
353685744720476,Jungfreisinnige Stadt Luzern,Jungfreisinnige Stadt Luzern,≤100
169510248558,Die Mitte - Le Centre,Die Mitte,≤100
105890175750510,Luca Carbone  lucacarbone.ch,Luca Carbone,≤100
1524859774444235,Koalition für Konzernverantwortung,Koalition für Konzernverantwortung,≤100
103033805478591,Carole-Anne Kast,Carole-Anne Kast,≤100
104176871670876,Renteninitiative - Für eine sichere & nachhaltige Altersvorsorge,Verein Renteninitiative,≤100
103190662706168,NON à la Loi sur la Chasse.,Rolf Hugo Hilfiker,≤100
116633374693937,christiantresoldi.ch,These ads ran without a disclaimer,≤100
109605484115257,Delphine Klopfenstein Broggini,Delphine Klopfenstein Broggini,≤100
107816654786278,Antenne LGBTI Genève,"Stiefel, Irvin & Associates",≤100
111081131629685,Blackout stoppen,Volksinitiative «Jederzeit Strom für alle (Blackout stoppen)»,≤100
921336971288655,Nagra,Nagra,≤100
592045444309191,DIRECT NEWS by Michel Robadin,Michel François Robadin,≤100
103269145789541,Stop au blackout,Initiative populaire « De l’électricité pour tous en tout temps (Stop au blackout) »,≤100
269029886456205,Giorgio Fonio,Giorgio Fonio,≤100
97721121385,Public Eye,Public Eye,≤100
1526697364280066,Partito Socialista Ticino,Partito Socialista Ticino,≤100
48980326364,Public Eye,Public Eye,≤100
102014399307738,Direkt,direkt,≤100
663896104043182,Kultur Luzern,Kultur Luzern,≤100
125605740833978,Romandie Formation,These ads ran without a disclaimer,≤100
1439209716323593,UDC Ticino,UDC Ticino,≤100
100980232576650,Muriel Langenberger,Muriel Langenberger,≤100
169752569742293,Schweizerischer Gewerbeverband sgv,Schweizerischer Gewerbeverband sgv,≤100
191199475064849,Energie Club Schweiz,Energie Club Schweiz,≤100
763722197034246,En Développement,These ads ran without a disclaimer,≤100
737971436234272,StrategieDialog21,StrategieDialog21,≤100
372803770225965,Mario Cozzio - GLP,Mario Cozzio - GLP,≤100
200905173303222,"SCI Switzerland (Schweiz, Suisse, Svizzera)","SCI Switzerland (Schweiz, Suisse, Svizzera)",≤100
453655411351244,Giovani UDC Ticino,Giovani UDC Ticino,≤100
158820214312321,Citations Ron Hubbard,Mieux Vivre Sa Vie,≤100
259871484198551,Thomas Matter,Thomas Matter,≤100
80305304937,Grünliberale Partei Sursee,Grünliberale Partei Sursee,≤100
105892925597249,Đầu Tư An Toàn,These ads ran without a disclaimer,≤100
109554428727136,Erik Pinchetti 7-77,Erik Pinchetti,≤100
467503303605894,PLR Castel San Pietro,PLR Castel San Pietro,≤100
1565933506957347,Marina Carobbio,Marina Carobbio,≤100
107816654786278,Antenne LGBTI Genève,These ads ran without a disclaimer,≤100
206477306150453,Cinéma CityClub,These ads ran without a disclaimer,≤100
784812424962943,Tele Z,TELE Z,≤100
107494077464434,Janine Vannaz,Janine Vannaz,≤100
100116156110843,Stop al blackout,Iniziativa popolare «Energia elettrica in ogni tempo per tutti (Stop al blackout)»,≤100
185972504782621,FDP.Die Liberalen Luzern,FDP.Die Liberalen Luzern,≤100
104820235801310,Politische Rechte für geistig Behinderte,Lukas Paul Spichiger,≤100
1845447639031005,Mayor Bradburn,These ads ran without a disclaimer,≤100
194790813901953,Grüne Schweiz,Grüne Schweiz,≤100
101670246199662,Claudia Wicki-Huonder,Claudia Wicki-Huonder,≤100
1524954517562834,Prominis,Prominis GmbH,≤100
1668727020033292,Givaudan,These ads ran without a disclaimer,≤100
108966741644172,Koray Beserler 1,These ads ran without a disclaimer,≤100
109889270596253,Aurelio Sargenti,Aurelio Mario Elvezio Sargenti,≤100
125466200895962,Valentin Landmann,Sven Kunz,≤100
143674429003483,PLR.Les Libéraux-Radicaux Lausanne,Sandro Guiseppe Patronaggio,≤100
360151400680191,Die Mitte Stadt Luzern,Die Mitte Stadt Luzern,≤100
10150100771335484,24 heures,These ads ran without a disclaimer,≤100
128787593816071,TWOTHIRDS,These ads ran without a disclaimer,≤100
191199475064849,Energie Club Schweiz,These ads ran without a disclaimer,≤100
112805818310639,Wiаdоmоśсi krаjоwе,These ads ran without a disclaimer,≤100
107192972293780,claud_isa_91,These ads ran without a disclaimer,≤100
1376937892605224,Lelia Guscio,These ads ran without a disclaimer,≤100
114085128294284,jglp_unibe,These ads ran without a disclaimer,≤100
112333848418556,Roman Grisiger,Roman Grisiger,≤100
100734348558831,Primarschuleulchen,These ads ran without a disclaimer,≤100
102149056050165,Simon Leu,Simon Leu,≤100
104406185536794,peepsapp.ch,These ads ran without a disclaimer,≤100
108359491895444,the.urban.ist,These ads ran without a disclaimer,≤100
809697199378485,Sandra Cellarius,Sandra Alice Cellarius,≤100
335820940411167,AkzoNobel Industrial Wood Finishes & Adhesives,These ads ran without a disclaimer,≤100
100211985747396,Klimaform,These ads ran without a disclaimer,≤100
202583169763255,Samuelis Baumgarte Galerie,These ads ran without a disclaimer,≤100
114354908248036,Наши в Европе,These ads ran without a disclaimer,≤100
502938426404635,Kirman Hotels,These ads ran without a disclaimer,≤100
100510664697134,Frederico Santarém - Investimentos Lucrativos,These ads ran without a disclaimer,≤100
1945180119126515,kiki.van.den.molen,These ads ran without a disclaimer,≤100
1340650309327544,NYLON Germany,These ads ran without a disclaimer,≤100
19746387261,Humane Society International,These ads ran without a disclaimer,≤100
312373342618280,Priscila Vianna - Terapia Online,These ads ran without a disclaimer,≤100
116779333500162,Joana Moreira - Sustentabilidade e Inovação,These ads ran without a disclaimer,≤100
310678705619018,Vestre,These ads ran without a disclaimer,≤100
100938131721740,Plural Magazine,These ads ran without a disclaimer,≤100
294336497818417,MPULSE | Mobility Magazine,These ads ran without a disclaimer,≤100
102268912578518,skinnienorriz,These ads ran without a disclaimer,≤100
107582192156489,Newix,These ads ran without a disclaimer,≤100
298084226912717,Château Quintus,These ads ran without a disclaimer,≤100
1733722963605822,Jean-Marc Guinchard,These ads ran without a disclaimer,≤100
956414094412480,PaliRoots - جذور فلسطين,These ads ran without a disclaimer,≤100
109154301670782,manuel_picker,These ads ran without a disclaimer,≤100
490433241100491,MeisterTask: Task Management for Teams,These ads ran without a disclaimer,≤100
216311481960,Bill Gates,These ads ran without a disclaimer,≤100
538329923768065,Automotive Aftermarket Germany,These ads ran without a disclaimer,≤100
1102199946478493,Spotlight,These ads ran without a disclaimer,≤100
102567474880701,Talent Lift,These ads ran without a disclaimer,≤100
100524626327186,Новсти Европы,These ads ran without a disclaimer,≤100
109391388543268,Mariana Alves,These ads ran without a disclaimer,≤100
101152096022679,Reilly Todd,These ads ran without a disclaimer,≤100
307173809758812,Wortmeldungen,These ads ran without a disclaimer,≤100
102226902810275,GoldenAge Motivation,These ads ran without a disclaimer,≤100
1487825551519119,Rashi Foundation,These ads ran without a disclaimer,≤100
188842724507690,مفوضية اللاجئين,These ads ran without a disclaimer,≤100
102860875465067,New Marco Polo,These ads ran without a disclaimer,≤100