﻿Page ID,Page name,Disclaimer,Amount spent (CHF)
100332749664541,Ja zum Klimaschutz-Gesetz,JA zum Klimaschutz,≤100
54779960819,United Nations,United Nations with Facebook Ad Credits,≤100
269029886456205,Giorgio Fonio,Giorgio Fonio,≤100
105890175750510,Luca Carbone  lucacarbone.ch,Luca Carbone,≤100
1054282644596776,GE-démocratie,GE-démocratie,≤100
97220294896,SP Schweiz,SP Schweiz,≤100
191859734164694,Pro Infirmis,Pro Infirmis,≤100
162745750462776,Mieterinnen- und Mieterverband MV,Mieterinnen- und Mieterverband MV,≤100
106321615725425,Oui à la Loi climat,Oui à la loi climat,≤100
111081131629685,Blackout stoppen,Volksinitiative «Jederzeit Strom für alle (Blackout stoppen)»,≤100
291359247729208,PS Suisse,PS Suisse,≤100
104176871670876,Renteninitiative - Für eine sichere & nachhaltige Altersvorsorge,Verein Renteninitiative,≤100
116633374693937,christiantresoldi.ch,These ads ran without a disclaimer,≤100
1483343695307824,Campax,Campax,≤100
1524859774444235,Koalition für Konzernverantwortung,Koalition für Konzernverantwortung,≤100
100844786282093,SÌ alla Legge clima,Sì alla legge clima,≤100
1526697364280066,Partito Socialista Ticino,Partito Socialista Ticino,≤100
97721121385,Public Eye,Public Eye,≤100
737971436234272,StrategieDialog21,StrategieDialog21,≤100
169510248558,Die Mitte - Le Centre,Die Mitte,≤100
102014399307738,Direkt,direkt,≤100
191199475064849,Energie Club Schweiz,Energie Club Schweiz,≤100
80305304937,Grünliberale Partei Sursee,Grünliberale Partei Sursee,≤100
48980326364,Public Eye,Public Eye,≤100
921336971288655,Nagra,Nagra,≤100
218538701651843,Union suisse des arts et métiers usam,Schweizerischer Gewerbeverband sgv,≤100
101670246199662,Claudia Wicki-Huonder,Claudia Wicki-Huonder,≤100
353685744720476,Jungfreisinnige Stadt Luzern,Jungfreisinnige Stadt Luzern,≤100
372803770225965,Mario Cozzio - GLP,Mario Cozzio - GLP,≤100
360151400680191,Die Mitte Stadt Luzern,Die Mitte Stadt Luzern,≤100
103190662706168,NON à la Loi sur la Chasse.,Rolf Hugo Hilfiker,≤100
175478195846132,Les Vert·e·s suisses,Grüne Schweiz,≤100
185972504782621,FDP.Die Liberalen Luzern,FDP.Die Liberalen Luzern,≤100
194790813901953,Grüne Schweiz,Grüne Schweiz,≤100
100980232576650,Muriel Langenberger,Muriel Langenberger,≤100
105892925597249,Đầu Tư An Toàn,These ads ran without a disclaimer,≤100
763722197034246,En Développement,These ads ran without a disclaimer,≤100