﻿Page ID,Page name,Disclaimer,Amount spent (CHF)
100332749664541,Ja zum Klimaschutz-Gesetz,JA zum Klimaschutz,≤100
100213996124067,Grünliberale Sektion Emmen-Hochdorf,Grünliberale Sektion Emmen-Hochdorf,≤100
54779960819,United Nations,United Nations with Facebook Ad Credits,≤100
102149056050165,Simon Leu,Simon Leu,≤100
162745750462776,Mieterinnen- und Mieterverband MV,Mieterinnen- und Mieterverband MV,≤100
97220294896,SP Schweiz,SP Schweiz,≤100
1054282644596776,GE-démocratie,GE-démocratie,≤100
191859734164694,Pro Infirmis,Pro Infirmis,≤100
185972504782621,FDP.Die Liberalen Luzern,FDP.Die Liberalen Luzern,≤100
103237956032492,Willy Portmann,Willy Portmann,≤100
1524954517562834,Prominis,Prominis GmbH,≤100
290544665132087,Jasmin Ursprung,Jasmin Ursprung,≤100
104176871670876,Renteninitiative - Für eine sichere & nachhaltige Altersvorsorge,Verein Renteninitiative,≤100
264952450282664,JUSO Luzern,JUSO Luzern,≤100
1524859774444235,Koalition für Konzernverantwortung,Koalition für Konzernverantwortung,≤100
169752569742293,Schweizerischer Gewerbeverband sgv,Schweizerischer Gewerbeverband sgv,≤100
737971436234272,StrategieDialog21,StrategieDialog21,≤100
983775695036102,Gianluca Pardini,Gianluca Pardini,≤100
169510248558,Die Mitte - Le Centre,Die Mitte,≤100
1429860470617358,Le Centre / Ville de Genève,Le Centre / Ville de Genève,≤100
111081131629685,Blackout stoppen,Volksinitiative «Jederzeit Strom für alle (Blackout stoppen)»,≤100
107126168963330,Pascal Mueller-Born,Pascal Alois Müller Born,≤100
154976914534194,Save the Children Schweiz/Suisse,Save the Children Schweiz,≤100
105890175750510,Luca Carbone  lucacarbone.ch,Luca Carbone,≤100
100756302940852,Raimund Wenger - Kantonsratswahlen 2023,Raimund Wenger,≤100
1483343695307824,Campax,Campax,≤100
106321615725425,Oui à la Loi climat,Oui à la loi climat,≤100
114231361547107,SVP Wahlkreis Hochdorf LU,SVP - Wahlkreis Hochdorf LU,≤100
102014399307738,Direkt,direkt,≤100
100844786282093,SÌ alla Legge clima,Sì alla legge clima,≤100
122849551077569,Democrats Abroad Switzerland,Democrats Abroad,≤100
125466200895962,Valentin Landmann,Sven Kunz,≤100
216444012216,EDU - UDF (Eidgenössisch-Demokratische Union),Eidgenössisch-Demokratische Union Schweiz,≤100
97721121385,Public Eye,Public Eye,≤100
48980326364,Public Eye,Public Eye,≤100
372803770225965,Mario Cozzio - GLP,Mario Cozzio - GLP,≤100
269029886456205,Giorgio Fonio,Giorgio Fonio,≤100
116633374693937,christiantresoldi.ch,These ads ran without a disclaimer,≤100
191199475064849,Energie Club Schweiz,Energie Club Schweiz,≤100
784812424962943,Tele Z,TELE Z,≤100
1526697364280066,Partito Socialista Ticino,Partito Socialista Ticino,≤100
112333848418556,Roman Grisiger,Roman Grisiger,≤100
259871484198551,Thomas Matter,Thomas Matter,≤100
1439209716323593,UDC Ticino,UDC Ticino,≤100
103369269163798,Mittendrin,Hanspeter Renggli,≤100
1492503634364441,Liste d'Union Populaire,Ensemble à Gauche-Genève,≤100
921336971288655,Nagra,Nagra,≤100
445013152316995,Die Mitte Kriens,Die Mitte Kriens,≤100
353685744720476,Jungfreisinnige Stadt Luzern,Jungfreisinnige Stadt Luzern,≤100
105590639145209,Andri Hummel in den Kantonsrat,Andri Mario Hummel,≤100
1504706079628728,ASLOCA Suisse,ASLOCA Suisse,≤100
2246378485612019,ASI - Associazione Svizzera Inquilini,ASI - Associazione Svizzera Inquilini,≤100
809697199378485,Sandra Cellarius,Sandra Alice Cellarius,≤100
663896104043182,Kultur Luzern,Kultur Luzern,≤100
117741198303856,FDP Kanton Zürich,FDP Kanton Zürich,≤100
100980232576650,Muriel Langenberger,Muriel Langenberger,≤100
80305304937,Grünliberale Partei Sursee,Grünliberale Partei Sursee,≤100
218538701651843,Union suisse des arts et métiers usam,Schweizerischer Gewerbeverband sgv,≤100
1073858446007122,FDP. Die Liberalen Meggen,FDP. Die Liberalen Meggen,≤100
104009029660183,Die Junge Mitte Kanton Luzern,Die Junge Mitte Kanton Luzern,≤100
291359247729208,PS Suisse,PS Suisse,≤100
360151400680191,Die Mitte Stadt Luzern,Die Mitte Stadt Luzern,≤100
107494077464434,Janine Vannaz,Janine Vannaz,≤100
200905173303222,"SCI Switzerland (Schweiz, Suisse, Svizzera)","SCI Switzerland (Schweiz, Suisse, Svizzera)",≤100
101670246199662,Claudia Wicki-Huonder,Claudia Wicki-Huonder,≤100
453655411351244,Giovani UDC Ticino,Giovani UDC Ticino,≤100
194790813901953,Grüne Schweiz,Grüne Schweiz,≤100
100267076206781,Ensemble à Gauche solidaritéS-Parti du Travail-DAL,Ensemble à Gauche,≤100
175478195846132,Les Vert·e·s suisses,Grüne Schweiz,≤100
288659088239530,MCG Officiel,Mouvement Citoyens Genevois,≤100
104820235801310,Politische Rechte für geistig Behinderte,Lukas Paul Spichiger,≤100
108595330730708,Groupe lgbtiq+ du PS genevois,Groupe lgbtiq+ du PS genevois,≤100
103255831406238,Littau Trail,These ads ran without a disclaimer,≤100
103190662706168,NON à la Loi sur la Chasse.,Rolf Hugo Hilfiker,≤100
100116156110843,Stop al blackout,Iniziativa popolare «Energia elettrica in ogni tempo per tutti (Stop al blackout)»,≤100
100734348558831,Primarschuleulchen,These ads ran without a disclaimer,≤100
103269145789541,Stop au blackout,Initiative populaire « De l’électricité pour tous en tout temps (Stop au blackout) »,≤100
100381452863244,Libertés et Justice sociale,Libertés et Justice sociale,≤100
467503303605894,PLR Castel San Pietro,PLR Castel San Pietro,≤100
1376937892605224,Lelia Guscio,These ads ran without a disclaimer,≤100
112805818310639,Wiаdоmоśсi krаjоwе,These ads ran without a disclaimer,≤100
104868102257388,Spring Basel,These ads ran without a disclaimer,≤100
103361322680851,Armin Hartmann,Hartmann2023,≤100
114085128294284,jglp_unibe,These ads ran without a disclaimer,≤100
107192972293780,claud_isa_91,These ads ran without a disclaimer,≤100
335820940411167,AkzoNobel Industrial Wood Finishes & Adhesives,These ads ran without a disclaimer,≤100
1845447639031005,Mayor Bradburn,These ads ran without a disclaimer,≤100
144242707386755,MeisterNote: Collaborative Documentation for Teams,These ads ran without a disclaimer,≤100
105892925597249,Đầu Tư An Toàn,These ads ran without a disclaimer,≤100
202583169763255,Samuelis Baumgarte Galerie,These ads ran without a disclaimer,≤100
294837634511305,24/7 Mirror,These ads ran without a disclaimer,≤100
134380809978892,CQURE,These ads ran without a disclaimer,≤100
102860875465067,New Marco Polo,These ads ran without a disclaimer,≤100
294336497818417,MPULSE | Mobility Magazine,These ads ran without a disclaimer,≤100
1068038566576682,Allec Gomes,These ads ran without a disclaimer,≤100
102567474880701,Talent Lift,These ads ran without a disclaimer,≤100
538329923768065,Automotive Aftermarket Germany,These ads ran without a disclaimer,≤100
103067531986181,Bucaral De,These ads ran without a disclaimer,≤100
100613551665739,GROW MY TREE,These ads ran without a disclaimer,≤100