﻿Page ID,Page name,Disclaimer,Amount spent (CHF)
1526697364280066,Partito Socialista Ticino,Partito Socialista Ticino,1476
176998335660824,PLRT,PLRT,626
190133177759419,Giuseppe Cotti,Giuseppe Cotti,399
100844786282093,SÌ alla Legge clima,Sì alla legge clima,390
305699609616768,Verdi Liberali Ticino,verdi liberali Ticino,385
463645587339110,Piero Marchesi,Piero Marchesi,351
370079583583452,Edoardo Cappelletti,Edoardo Cappelletti,312
299139454083983,Gionata Genazzi,Gionata Genazzi,306
1439209716323593,UDC Ticino,UDC Ticino,303
269029886456205,Giorgio Fonio,Giorgio Fonio,300
676306169090037,Remzi Durmishi,Remzi Durmishi,240
291504744242501,Lega dei Ticinesi - sezione Chiasso,Stefano Tonini,230
253562484727500,Partito Socialista Lugano,PS Lugano,173
104436099264189,Chiappini Giorgio,Giorgio Chiappini,161
2246378485612019,ASI - Associazione Svizzera Inquilini,ASI - Associazione Svizzera Inquilini,157
50343336657,Nadia Ghisolfi,Nadia Ghisolfi,150
102516124712402,Gian Maria Bianchetti - Lega dei Ticinesi,Gian Maria Bianchetti,135
105182149185389,Andrea Saporito PLR,Andrea Saporito,134
1054282644596776,GE-démocratie,GE-démocratie,133
191859734164694,Pro Infirmis,Pro Infirmis,114
283357338846138,Alain Bühler - UDC,Alain Bühler - UDC,112
859017794123127,Gioventù Socialista Ticino,Gioventù Socialista Ticino,110
512160575468385,Rodolfo Pulino,Rodolfo Pulino,109
101122865395791,Matteo Buzzi,Matteo Buzzi,106
160010804210071,Diego Baratti - UDC,Diego Baratti,106
116633374693937,christiantresoldi.ch,These ads ran without a disclaimer,103
453655411351244,Giovani UDC Ticino,Giovani UDC Ticino,≤100
119653091058565,Arik Fallet,Arik Patrik Fallet,≤100
390928554334317,Il Centro Mendrisio,Il Centro Mendrisio,≤100
103267436042382,Elezioni TI,Repubblica e Cantone Ticino,≤100
111539168454051,Avanti,Avanti,≤100
398606970310571,Massimo Mobiglia,Massimo Mobiglia,≤100
1517895374903759,Il Centro - Distretto Mendrisiotto,Il Centro - Distretto Mendrisiotto,≤100
104426225059688,Daniele Piccaluga,Daniele Piccaluga,≤100
100717802928635,Alessandro Ambrosoli,Studio Daulte,≤100
553101375069991,Jacopo Scacchi,Jacopo Scacchi,≤100
105890175750510,Luca Carbone  lucacarbone.ch,Luca Carbone,≤100
396161737064848,Il Centro - Gordola,Il Centro - Gordola,≤100
353969997649,Partito Comunista - Svizzera,Partito Comunista,≤100
100799119620947,Mirco De Savelli,Mirco De Savelli,≤100
216178321825717,Partito Socialista Locarno,Partito Socialista - Sezione di Locarno,≤100
618990544877607,Natalia Ferrara,Natalia Ferrara,≤100
1429860470617358,Le Centre / Ville de Genève,Le Centre / Ville de Genève,≤100
54779960819,United Nations,United Nations with Facebook Ad Credits,≤100
100332749664541,Ja zum Klimaschutz-Gesetz,JA zum Klimaschutz,≤100
102269201722239,TV Riviera 24,Tv Riviera 24,≤100
162745750462776,Mieterinnen- und Mieterverband MV,Mieterinnen- und Mieterverband MV,≤100
843066965772572,Adriano Venuti,Adriano Venuti,≤100
1636440209972703,Alberto Togni,Alberto Togni,≤100
106321615725425,Oui à la Loi climat,Oui à la loi climat,≤100
105091890833799,Cristina Zanini Barzaghi,Cristina Zanini Barzaghi,≤100
1483343695307824,Campax,Campax,≤100
110733265209110,Il Centro Locarno,Giuseppe Abbatiello,≤100
1565933506957347,Marina Carobbio,Marina Carobbio,≤100
97220294896,SP Schweiz,SP Schweiz,≤100
921336971288655,Nagra,Nagra,≤100
103121756024593,Emanuele Mobiglia,giovani Verdi Liberali Ticino,≤100
467503303605894,PLR Castel San Pietro,PLR Castel San Pietro,≤100
100491002143945,Valentina Aricò-Respini - candidata PLR in Gran Consiglio 2023,Valentina Aricò-Respini - candidata PLR in Gran Consiglio 2023,≤100
100522556305592,Demis Pologna,Demis Pologna,≤100
104176871670876,Renteninitiative - Für eine sichere & nachhaltige Altersvorsorge,Verein Renteninitiative,≤100
154976914534194,Save the Children Schweiz/Suisse,Save the Children Schweiz,≤100
1504706079628728,ASLOCA Suisse,ASLOCA Suisse,≤100
48980326364,Public Eye,Public Eye,≤100
97721121385,Public Eye,Public Eye,≤100
1524859774444235,Koalition für Konzernverantwortung,Koalition für Konzernverantwortung,≤100
1492503634364441,Liste d'Union Populaire,Ensemble à Gauche-Genève,≤100
100116156110843,Stop al blackout,Iniziativa popolare «Energia elettrica in ogni tempo per tutti (Stop al blackout)»,≤100
102014399307738,Direkt,direkt,≤100
111081131629685,Blackout stoppen,Volksinitiative «Jederzeit Strom für alle (Blackout stoppen)»,≤100
102700334426254,Pierluigi Pasi,Pierluigi Pasi,≤100
60588234229,Gioventù Comunista Svizzera,Gioventù Comunista Svizzera,≤100
100980232576650,Muriel Langenberger,Muriel Langenberger,≤100
353685744720476,Jungfreisinnige Stadt Luzern,Jungfreisinnige Stadt Luzern,≤100
291359247729208,PS Suisse,PS Suisse,≤100
109554428727136,Erik Pinchetti 7-77,Erik Pinchetti,≤100
663896104043182,Kultur Luzern,Kultur Luzern,≤100
169752569742293,Schweizerischer Gewerbeverband sgv,Schweizerischer Gewerbeverband sgv,≤100
218538701651843,Union suisse des arts et métiers usam,Schweizerischer Gewerbeverband sgv,≤100
372803770225965,Mario Cozzio - GLP,Mario Cozzio - GLP,≤100
169510248558,Die Mitte - Le Centre,Die Mitte,≤100
200905173303222,"SCI Switzerland (Schweiz, Suisse, Svizzera)","SCI Switzerland (Schweiz, Suisse, Svizzera)",≤100
737971436234272,StrategieDialog21,StrategieDialog21,≤100
109889270596253,Aurelio Sargenti,Aurelio Mario Elvezio Sargenti,≤100
259871484198551,Thomas Matter,Thomas Matter,≤100
191199475064849,Energie Club Schweiz,Energie Club Schweiz,≤100
1524954517562834,Prominis,Prominis GmbH,≤100
80305304937,Grünliberale Partei Sursee,Grünliberale Partei Sursee,≤100
1376937892605224,Lelia Guscio,These ads ran without a disclaimer,≤100
104820235801310,Politische Rechte für geistig Behinderte,Lukas Paul Spichiger,≤100
185972504782621,FDP.Die Liberalen Luzern,FDP.Die Liberalen Luzern,≤100
108595330730708,Groupe lgbtiq+ du PS genevois,Groupe lgbtiq+ du PS genevois,≤100
175478195846132,Les Vert·e·s suisses,Grüne Schweiz,≤100
107494077464434,Janine Vannaz,Janine Vannaz,≤100
784812424962943,Tele Z,TELE Z,≤100
538329923768065,Automotive Aftermarket Germany,These ads ran without a disclaimer,≤100
103190662706168,NON à la Loi sur la Chasse.,Rolf Hugo Hilfiker,≤100
100267076206781,Ensemble à Gauche solidaritéS-Parti du Travail-DAL,Ensemble à Gauche,≤100
107192972293780,claud_isa_91,These ads ran without a disclaimer,≤100
105892925597249,Đầu Tư An Toàn,These ads ran without a disclaimer,≤100
101670246199662,Claudia Wicki-Huonder,Claudia Wicki-Huonder,≤100
103269145789541,Stop au blackout,Initiative populaire « De l’électricité pour tous en tout temps (Stop au blackout) »,≤100
122849551077569,Democrats Abroad Switzerland,Democrats Abroad,≤100
194790813901953,Grüne Schweiz,Grüne Schweiz,≤100
1100444546752110,Rémy Oudin,Rémy Oudin,≤100
102567474880701,Talent Lift,These ads ran without a disclaimer,≤100
100381452863244,Libertés et Justice sociale,Libertés et Justice sociale,≤100
360151400680191,Die Mitte Stadt Luzern,Die Mitte Stadt Luzern,≤100
104406185536794,peepsapp.ch,These ads ran without a disclaimer,≤100
809697199378485,Sandra Cellarius,Sandra Alice Cellarius,≤100
102149056050165,Simon Leu,Simon Leu,≤100
815849492083829,Touch me softly- ARTina,These ads ran without a disclaimer,≤100
125466200895962,Valentin Landmann,Sven Kunz,≤100
191199475064849,Energie Club Schweiz,These ads ran without a disclaimer,≤100
100734348558831,Primarschuleulchen,These ads ran without a disclaimer,≤100
114085128294284,jglp_unibe,These ads ran without a disclaimer,≤100
112805818310639,Wiаdоmоśсi krаjоwе,These ads ran without a disclaimer,≤100
216444012216,EDU - UDF (Eidgenössisch-Demokratische Union),Eidgenössisch-Demokratische Union Schweiz,≤100
108576138638216,Chuua,These ads ran without a disclaimer,≤100
129952860993773,sport.ch Fussball,These ads ran without a disclaimer,≤100
288659088239530,MCG Officiel,Mouvement Citoyens Genevois,≤100
105527368523220,Anuga Horizon,These ads ran without a disclaimer,≤100
100524626327186,Новсти Европы,These ads ran without a disclaimer,≤100
114247604036354,Инфограф,These ads ran without a disclaimer,≤100
307173809758812,Wortmeldungen,These ads ran without a disclaimer,≤100
335820940411167,AkzoNobel Industrial Wood Finishes & Adhesives,These ads ran without a disclaimer,≤100
1068038566576682,Allec Gomes,These ads ran without a disclaimer,≤100
19746387261,Humane Society International,These ads ran without a disclaimer,≤100
105068301450748,fast forward classical,These ads ran without a disclaimer,≤100
144242707386755,MeisterNote: Collaborative Documentation for Teams,These ads ran without a disclaimer,≤100
2011711805804937,Haus von Eden,These ads ran without a disclaimer,≤100
202583169763255,Samuelis Baumgarte Galerie,These ads ran without a disclaimer,≤100
100510664697134,Frederico Santarém - Investimentos Lucrativos,These ads ran without a disclaimer,≤100
763722197034246,En Développement,These ads ran without a disclaimer,≤100
1612218808823081,Help.NGO USA,These ads ran without a disclaimer,≤100
104943418748686,maison_amandine,These ads ran without a disclaimer,≤100
490433241100491,MeisterTask: Task Management for Teams,These ads ran without a disclaimer,≤100
1845447639031005,Mayor Bradburn,These ads ran without a disclaimer,≤100
100211985747396,Klimaform,These ads ran without a disclaimer,≤100
102860875465067,New Marco Polo,These ads ran without a disclaimer,≤100
294336497818417,MPULSE | Mobility Magazine,These ads ran without a disclaimer,≤100
188842724507690,مفوضية اللاجئين,These ads ran without a disclaimer,≤100
312373342618280,Priscila Vianna - Terapia Online,These ads ran without a disclaimer,≤100
298084226912717,Château Quintus,These ads ran without a disclaimer,≤100
128787593816071,TWOTHIRDS,These ads ran without a disclaimer,≤100