﻿Page ID,Page name,Disclaimer,Amount spent (CHF),Number of ads in Library
220137094989562,BRITA Schweiz,These ads ran without a disclaimer,11785,2
15733998334,FDP,FDP,2399,30
147717218614170,PLR Genève,PLR.Les Libéraux-Radicaux Genève,2352,7
126289610761942,Grünliberale,Grünliberale,2146,128
18087904183,PLR,PLR,1842,37
921336971288655,Nagra,Nagra,1553,10
194790813901953,Grüne Schweiz,Grüne Schweiz,1263,6
113292715120155,Matthias Müller,Matthias Müller,1143,41
175478195846132,Les Vert·e·s suisses,Grüne Schweiz,1071,6
179829952053386,Vert'libéraux,Parti vert'libéral Suisse,854,125
154976914534194,Save the Children Schweiz/Suisse,Save the Children Schweiz,493,28
51415837765,Greenpeace Switzerland,Greenpeace Switzerland,460,10
111081131629685,Blackout stoppen,Volksinitiative «Jederzeit Strom für alle (Blackout stoppen)»,457,33
102691421255810,PlanBasel,PlanBasel,436,11
144907625542050,Die Mitte Schwyz,Die Mitte Schwyz,400,2
255506388731408,Biodiversitätsinitiative,Biodiversitätsinitiative,351,9
169752569742293,Schweizerischer Gewerbeverband sgv,Schweizerischer Gewerbeverband sgv,344,9
105527252338650,perspektiveschweiz.ch,IG Wirtschaftsverbände,330,3
110533229026103,EVP / PEV,EVP Schweiz,315,4
169510248558,Die Mitte - Le Centre,Die Mitte,296,6
162931923790797,PLR Canton de Fribourg,PLR.Les Libéraux-Radicaux Fribourg,293,8
103550668590403,Mieux vivre sa vie,Mieux Vivre Sa Vie,286,35
102014399307738,Direkt,direkt,280,11
105302842574771,FDP.Die Liberalen Kanton Zug,FDP.Die Liberalen Zug,258,10
1919422915011017,Republik,Republik AG,217,1
97220294896,SP Schweiz,SP Schweiz,200,2
649563641749736,Karena and Kasey Bird,These ads ran without a disclaimer,200,1
100649012962611,Direct,Direct,196,8
114991241616639,Jan Köbeli,Jan Köbeli,187,1
145845125487053,"Jürg Grossen, Präsident Grünliberale","Jürg Grossen, Präsident Grünliberale",181,9
304748789719379,Bispo Inaldo Silva,These ads ran without a disclaimer,178,8
386551678736949,Philippe Loertscher,Philippe Loertscher,173,6
218538701651843,Union suisse des arts et métiers usam,Schweizerischer Gewerbeverband sgv,170,4
202907189862969,Verdi Liberali,Parti vert'libéral Suisse,170,55
115134174862244,perspectivesuisse.ch,IG Wirtschaftsverbände,168,3
48980326364,Public Eye,Public Eye,158,5
607076092768471,Bastien Girod,Bastien Girod,153,3
231320586878427,Hauseigentümerverband (HEV) Region Winterthur,Hauseigentümerverband Region Winterthur,140,2
105373170818382,Romaine Rogenmoser,Romaine Rogenmoser,140,1
102607622386347,Agissons Suisse,AG!SSONS,130,4
120307884715130,Les Vert•e•s Valais - Grüne Wallis,Les Vert•e•s Valais - Grüne Wallis,121,4
1246741332049284,Union Patronale du Canton de Fribourg,Union Patronale du Canton de Fribourg,109,2
238982909481105,Les Vert·e·s Genevois·es,Les Vert-e-s genevois-es,104,3
101986432797310,Anna-Sophia Spieler,Anna-Sophia Spieler,102,1
1375809955994471,Rahel Ruch,Rahel Ruch,≤100,1
1483343695307824,Campax,Campax,≤100,3
103074632758864,Natacha Albrecht au Conseil National,Natacha Albrecht au Conseil National,≤100,2
1027844850652657,Boomerang Ideas,Boomerang Ideas AG,≤100,99
180501591989950,Jungfreisinnige Kanton Zürich,Jungfreisinnige Kanton Zürich,≤100,2
245489546137580,Christoph Riner - bodenständige Politik,Christoph Riner - bodenständige Politik,≤100,11
97721121385,Public Eye,Public Eye,≤100,3
115010674866173,prospettivasvizzera.ch,IG Wirtschaftsverbände,≤100,3
109177161782403,Animal équité,Association Animal équité,≤100,2
102063439477752,Simon Stocker in den Ständerat,Komitee «Stocker is Stöckli»,≤100,1
139016370161,PINK CROSS / Swiss Gay Federation,Pink Cross,≤100,6
1673559236288902,Pro Senectute Genève,Pro Senectute Genève,≤100,1
259871484198551,Thomas Matter,Thomas Matter,≤100,1
1587949341492441,Claudio Zihlmann,Claudio Zihlmann,≤100,9
144333642290202,Savio Michellod - Par amour de la Veveyse,Savio Michellod - Par amour de la Veveyse,≤100,3
142664095796912,GRÜNE Kanton Bern,GRÜNE Kanton Bern,≤100,1
462422884156866,Matthias Betsche,Matthias Betsche,≤100,3
7933444510,The Global Fund,The Global Fund,≤100,1
2151592515105217,Christina Bachmann-Roth,Christina Bachmann-Roth,≤100,1
251838211585945,SP Basel-Stadt,SP Basel-Stadt,≤100,4
108103318693563,"Heidi Weiss, Bauma, EVP","Heidi Weiss, Bauma, EVP",≤100,1
82752099000,Alternative Liste ZH,Alternative Liste Zürich,≤100,1
298155064222389,SVP Wahlkreis Entlebuch,SVP Wahlkreis Entlebuch,≤100,1
344556287396,Penguin Bücher,These ads ran without a disclaimer,≤100,2
267353906619818,Mr. Gugu & Miss Go,These ads ran without a disclaimer,≤100,30
124881880957569,SP Stadt St.Gallen,SP Stadt St.Gallen,≤100,2
260591187302640,Parti socialiste genevois,Parti socialiste genevois,≤100,2
195057467172295,FDP.Die Liberalen Kanton Solothurn,FDP Kanton Solothurn,≤100,6
1410462099233550,FDP.Die Liberalen Kriens,FDP Kriens,≤100,2
178775348914227,FDP.Die Liberalen Kanton Schwyz,FDP Kanton Schwyz,≤100,1
109605484115257,Delphine Klopfenstein Broggini,Delphine Klopfenstein Broggini,≤100,1
1096849117188708,Ristorante pugliese Müsella,These ads ran without a disclaimer,≤100,1
291359247729208,PS Suisse,PS Suisse,≤100,3
110474511630312,Genève Attractive,These ads ran without a disclaimer,≤100,1
126256997433456,SP Baselland,SP Baselland,≤100,1
102447648412373,Idle Distiller,These ads ran without a disclaimer,≤100,1
104007479410514,Ernst Wandfluh,These ads ran without a disclaimer,≤100,1
330071323785229,FDP. Die Liberalen Frauen Basel-Stadt,These ads ran without a disclaimer,≤100,1
109608359080886,Benjamin Mühlemann,Benjamin Mühlemann,≤100,2
100254145084547,Anna Staub,Anna Staub,≤100,1
102718129475079,Ambil Sandy,Bezirksrichterwahl,≤100,2
101016155153638,Sarah Constantin,Sarah Constantin,≤100,2
289772074451810,FDP.Die Liberalen Aargau,FDP.Die Liberalen Aargau,≤100,3
100119208056282,Christian Dandrès,Christian Dandrès,≤100,1
550751965021284,Success Resources,These ads ran without a disclaimer,≤100,1
606125032803856,alpinavera,These ads ran without a disclaimer,≤100,1
800425936677321,Parti Socialiste de Vernier,Parti Socialiste de Vernier,≤100,1
102001231938139,BoomResearch,Boomerang Ideas AG,≤100,2
100513788093677,Les Vert-e-s Ville de Genève,Les Vert-e-s Ville de Genève,≤100,1
167983071434,SP Kriens,SP Kriens,≤100,1
110463704610731,Cute Kiwi,These ads ran without a disclaimer,≤100,1
101120115685831,SVP Stäfa,SVP Stäfa,≤100,1
102751988767397,OKMOS,These ads ran without a disclaimer,≤100,1
2132283110126881,mecoa_mediencoaching,These ads ran without a disclaimer,≤100,1
115121535188191,Economist Impact events,These ads ran without a disclaimer,≤100,1
506545466126449,Solidarity with Ukraine - Europe is not silent,These ads ran without a disclaimer,≤100,1
113553143702979,Missbraucht im Namen des Herrn,These ads ran without a disclaimer,≤100,1
379047302945741,Bingo Star,These ads ran without a disclaimer,≤100,2
7783116506,Animals Asia,These ads ran without a disclaimer,≤100,2
100451933698060,AdVenture Communist,These ads ran without a disclaimer,≤100,3
231575074011232,Landesbank Baden-Württemberg,These ads ran without a disclaimer,≤100,2
285831198097799,Kloster Mariazell Wurmsbach,These ads ran without a disclaimer,≤100,2
111495945352443,bul_pek,These ads ran without a disclaimer,≤100,1
111438575576916,Earthdance Switzerland,These ads ran without a disclaimer,≤100,1
390416025267,SP Muttenz,These ads ran without a disclaimer,≤100,1
164408113703854,net+ Fribourg,These ads ran without a disclaimer,≤100,1
112125535247712,Start Losing Weight,These ads ran without a disclaimer,≤100,1
2302955050018469,PedagogicaMente,These ads ran without a disclaimer,≤100,1
104872865565805,Lady Mi,These ads ran without a disclaimer,≤100,1
111964251753094,Warmhearted Leaders,These ads ran without a disclaimer,≤100,1
109226351931340,Jimena Gonzalez,These ads ran without a disclaimer,≤100,2
104002928883686,Somatic Institute For Women,These ads ran without a disclaimer,≤100,1
156266517740901,ZEIT Sprachen,These ads ran without a disclaimer,≤100,1
475778355919914,BB - Best Bios,These ads ran without a disclaimer,≤100,3
100696119723480,aglo.berlin,These ads ran without a disclaimer,≤100,1
22893372268,BMW,These ads ran without a disclaimer,≤100,1
104581557944006,GROWNi,These ads ran without a disclaimer,≤100,1
111113447867154,The Daily Dose,These ads ran without a disclaimer,≤100,1
101173452598541,Garryx R,These ads ran without a disclaimer,≤100,1
250305668489402,Professor Kenny,These ads ran without a disclaimer,≤100,2
135156639833927,United Nations OCHA,These ads ran without a disclaimer,≤100,1
103736139244309,Coach Mercedez Lerne,These ads ran without a disclaimer,≤100,3
102385429573950,istunnerary,These ads ran without a disclaimer,≤100,1
252259504980102,Conscious Life,These ads ran without a disclaimer,≤100,1
189875908368820,Alexandra Climent,These ads ran without a disclaimer,≤100,1
615040838898606,Angry Birds Dream Blast,These ads ran without a disclaimer,≤100,1
105902672565367,The Daily Newsline,These ads ran without a disclaimer,≤100,4
103440071784916,The Dancing Cucumber Center,These ads ran without a disclaimer,≤100,1
612409275924301,The Daddest Social,These ads ran without a disclaimer,≤100,1
132162020265257,ProWein,These ads ran without a disclaimer,≤100,1
106750994048802,Perspectiva,These ads ran without a disclaimer,≤100,1
529713137232746,RaGe,These ads ran without a disclaimer,≤100,1