﻿Page ID,Page name,Disclaimer,Amount spent (CHF),Number of ads in Library
191859734164694,Pro Infirmis,Pro Infirmis,4860,24
169510248558,Die Mitte - Le Centre,Die Mitte,2057,11
921336971288655,Nagra,Nagra,1773,13
105302842574771,FDP.Die Liberalen Kanton Zug,FDP.Die Liberalen Zug,970,7
105527252338650,perspektiveschweiz.ch,IG Wirtschaftsverbände,720,6
126289610761942,Grünliberale,Grünliberale,678,128
535897123124799,Jeunes Libéraux-Radicaux Suisse,Jeunes Libéraux-Radicaux Suisses,587,11
194790813901953,Grüne Schweiz,Grüne Schweiz,549,4
255506388731408,Biodiversitätsinitiative / Initiative biodiversité,Biodiversitätsinitiative / Initiative biodiversité,500,23
154976914534194,Save the Children Schweiz/Suisse,Save the Children Schweiz,435,17
36735923253,umverkehR,umverkehR,431,5
175478195846132,Les Vert·e·s suisses,Grüne Schweiz,429,4
115134174862244,perspectivesuisse.ch,IG Wirtschaftsverbände,411,10
1426072874321965,Regine Sauter,Regine Sauter,389,38
97220294896,SP Schweiz,SP Schweiz,350,2
1483343695307824,Campax,Campax,347,5
169752569742293,Schweizerischer Gewerbeverband sgv,Schweizerischer Gewerbeverband sgv,315,7
102014399307738,Direkt,direkt,280,13
103426324579756,Ein Lohn zum Leben,Ein Lohn zum Leben,253,1
144907625542050,Die Mitte Schwyz,Die Mitte Schwyz,188,1
109023033782956,Unisanté,Unisanté,171,1
115010674866173,prospettivasvizzera.ch,IG Wirtschaftsverbände,165,10
131066326987,SP Kanton Zürich,SP Kanton Zürich,161,5
103074632758864,Natacha Albrecht au Conseil National,Natacha Albrecht au Conseil National,132,3
100649012962611,Direct,Direct,122,5
389917717803867,SVP Graubünden,SVP Graubünden,117,1
1585806105023846,Heinz Theiler in den Nationalrat,Heinz Theiler in den Nationalrat,114,1
291359247729208,PS Suisse,PS Suisse,114,6
218538701651843,Union suisse des arts et métiers usam,Schweizerischer Gewerbeverband sgv,114,4
84150672409,SP Stadt Zürich,SP Stadt Zürich,109,7
231320586878427,Hauseigentümerverband (HEV) Region Winterthur,Hauseigentümerverband Region Winterthur,108,2
8142847754,Jungfreisinnige Schweiz,Jungfreisinnige Schweiz,108,14
259871484198551,Thomas Matter,Thomas Matter,≤100,1
178775348914227,FDP.Die Liberalen Kanton Schwyz,FDP Kanton Schwyz,≤100,6
1587949341492441,Claudio Zihlmann,Claudio Zihlmann,≤100,11
513407995428696,actif-trafiC,actif-trafiC,≤100,2
1246741332049284,Union Patronale du Canton de Fribourg,Union Patronale du Canton de Fribourg,≤100,2
162931923790797,PLR Canton de Fribourg,PLR.Les Libéraux-Radicaux Fribourg,≤100,9
1320679421302500,HabitatDurable,Casafair - HabitatDurable,≤100,5
111572431777901,Simon Michel in den Nationalrat,Simon Michel in den Nationalrat,≤100,3
1524859774444235,Koalition für Konzernverantwortung,Koalition für Konzernverantwortung,≤100,3
111081131629685,Blackout stoppen,Volksinitiative «Jederzeit Strom für alle (Blackout stoppen)»,≤100,2
335129001940,Young European Swiss - yes,young european swiss,≤100,2
245489546137580,Christoph Riner - bodenständige Politik,Christoph Riner - bodenständige Politik,≤100,12
103550668590403,Mieux vivre sa vie,Mieux Vivre Sa Vie,≤100,7
238982909481105,Les Vert·e·s Genevois·es,Les Vert-e-s genevois-es,≤100,7
82752099000,Alternative Liste ZH,Alternative Liste Zürich,≤100,3
186653498028564,Helvetia Assicurazioni,These ads ran without a disclaimer,≤100,1
656462304404326,Служба розшуку дітей,These ads ran without a disclaimer,≤100,5
180369198646660,Les Verts lausannois,Les Verts lausannois,≤100,1
108625789179165,Soi Dog Foundation,These ads ran without a disclaimer,≤100,2
434325363566608,So Denkt Ein Mann,These ads ran without a disclaimer,≤100,1
251838211585945,SP Basel-Stadt,SP Basel-Stadt,≤100,5
103345964761894,Paramount+,These ads ran without a disclaimer,≤100,1
116997334716895,Patrick Römer GLP,Patrick Römer,≤100,1
606125032803856,alpinavera,These ads ran without a disclaimer,≤100,1
102607622386347,Agissons Suisse,AG!SSONS,≤100,2
755554214495636,Parti Socialiste Neuchâtelois,Parti socialiste neuchâtelois,≤100,1
2151592515105217,Christina Bachmann-Roth,Christina Bachmann-Roth,≤100,1
120307884715130,Les Vert•e•s Valais - Grüne Wallis,Les Vert•e•s Valais - Grüne Wallis,≤100,1
103269145789541,Stop au blackout,Initiative populaire « De l’électricité pour tous en tout temps (Stop au blackout) »,≤100,1
386551678736949,Philippe Loertscher,Philippe Loertscher,≤100,2
510352742440847,Coalition pour des multinationales responsables,Coalition pour des multinationales responsables,≤100,1
143931098752,Kunstmuseum Liechtenstein,These ads ran without a disclaimer,≤100,1
1092252917594218,Initiative pour les glaciers,Association suisse pour la protection du climat,≤100,2
164442820236221,Jeunes Vert·exs Vaud,Jeunes Vert·exs Vaud,≤100,2
121446461263308,SP Kanton Schwyz,SP Kanton Schwyz,≤100,1
257497631736082,Gletscher-Initiative,Verein Klimaschutz Schweiz,≤100,2
2525584750795209,Nina Fehr Düsel,Nina Fehr Düsel,≤100,1
9814846723,Eric Edmeades,These ads ran without a disclaimer,≤100,3
295886637766842,Othmar Reichmuth,Othmar Reichmuth,≤100,2
353969997649,Partito Comunista - Svizzera,Partito Comunista,≤100,1
360151400680191,Die Mitte Stadt Luzern,Die Mitte Stadt Luzern,≤100,1
1709498855937381,Sport Total,These ads ran without a disclaimer,≤100,1
107121279324867,Cosmopolitan DE,These ads ran without a disclaimer,≤100,1
118631361198155,Drivepedia Thrills,These ads ran without a disclaimer,≤100,2
122819208305170,Sauvegarde Genève,Sauvegarde Genève,≤100,1
1410462099233550,FDP.Die Liberalen Kriens,FDP Kriens,≤100,2
200905173303222,SCI Switzerland,SCI Switzerland,≤100,1
101016155153638,Sarah Constantin,Sarah Constantin,≤100,1
267353906619818,Mr. Gugu & Miss Go,These ads ran without a disclaimer,≤100,4
117275531631620,Le Centre Fribourg-Ville / Die Mitte Stadt Freiburg,Le Centre Fribourg-Ville / Die Mitte Stadt Freiburg,≤100,2
608650595820049,The Conqueror Challenges,These ads ran without a disclaimer,≤100,11
110463704610731,Cute Kiwi,These ads ran without a disclaimer,≤100,1
2011626645562796,Andri Silberschmidt,Komitee Andri Silberschmidt,≤100,1
102341052904080,Новости Дня,These ads ran without a disclaimer,≤100,2
104315628305981,anita_buri_official,These ads ran without a disclaimer,≤100,1
216178321825717,Partito Socialista Locarno,Partito Socialista - Sezione di Locarno,≤100,1
100513788093677,Les Vert-e-s Ville de Genève,Les Vert-e-s Ville de Genève,≤100,1
221409857875768,World Ocean Review,These ads ran without a disclaimer,≤100,1
104071628384121,Update24,These ads ran without a disclaimer,≤100,1
487359271292536,Greator,These ads ran without a disclaimer,≤100,2
232479886816529,Cambridge Institute for Sustainability Leadership,These ads ran without a disclaimer,≤100,3
109605484115257,Delphine Klopfenstein Broggini,Delphine Klopfenstein Broggini,≤100,1
115997651532332,Koolls7,These ads ran without a disclaimer,≤100,1
104101719403874,Kjdfo5,These ads ran without a disclaimer,≤100,1
121153464656804,Herder Pädagogik,These ads ran without a disclaimer,≤100,2
147301181997578,Frankfurter Allgemeine Buch,These ads ran without a disclaimer,≤100,1
1804825019751625,AFPRO,These ads ran without a disclaimer,≤100,1
148771398516342,Literaturforum im Brecht-Haus,These ads ran without a disclaimer,≤100,1
205332123261241,Знакомства RusDate,These ads ran without a disclaimer,≤100,1
368757963825913,WasteFuel,These ads ran without a disclaimer,≤100,1
104124002699691,The Daily Buzz,These ads ran without a disclaimer,≤100,1
104549855835454,avestaevent,These ads ran without a disclaimer,≤100,1
113038445165116,Lokassto6,These ads ran without a disclaimer,≤100,1
216311481960,Bill Gates,These ads ran without a disclaimer,≤100,3
204223673035117,MBL - Movimento Brasil Livre,These ads ran without a disclaimer,≤100,1
116694038124703,Lkkass1,These ads ran without a disclaimer,≤100,1
171195311682401,ParentzTalk - Activities,These ads ran without a disclaimer,≤100,1
101082842736363,The world of reader,These ads ran without a disclaimer,≤100,2
117105021304811,Bigggie,These ads ran without a disclaimer,≤100,15
111188005041104,The world of read,These ads ran without a disclaimer,≤100,1
274363159757733,Röser FAM GmbH & Co. KG,These ads ran without a disclaimer,≤100,1
100861315358285,Graduatez - Off Campus,These ads ran without a disclaimer,≤100,1
115767134890635,Важно Знать,These ads ran without a disclaimer,≤100,2
118339071290748,EuroToday,These ads ran without a disclaimer,≤100,2
103617432787229,Ausbrechen aus 9-5,These ads ran without a disclaimer,≤100,1
111392228668074,Срочные Новости,These ads ran without a disclaimer,≤100,1
1587118544884167,Class Clinic Turkey,These ads ran without a disclaimer,≤100,1
113854107066022,Turkun KILIC - Astropsy,These ads ran without a disclaimer,≤100,2
110215891477092,Entertainment Dude,These ads ran without a disclaimer,≤100,1
165525366896608,Soka Gakkai,These ads ran without a disclaimer,≤100,1
9394693002,Bloomberg,These ads ran without a disclaimer,≤100,2
155438574470276,DW українською,These ads ran without a disclaimer,≤100,2
100932707927740,Stron,These ads ran without a disclaimer,≤100,1
415909205123054,Adrian Schoop,Adrian Schoop,≤100,1
103362539480620,Your Europe,These ads ran without a disclaimer,≤100,1
250305668489402,Professor Kenny,These ads ran without a disclaimer,≤100,1
102209136205175,Globe2day,These ads ran without a disclaimer,≤100,1
111132794348779,That Happened,These ads ran without a disclaimer,≤100,2
109267975517064,Panel y Capacitación de Ingenierías,These ads ran without a disclaimer,≤100,2
108807318933071,SolarCity,These ads ran without a disclaimer,≤100,1
104474278112457,Thiago Albuquerque,These ads ran without a disclaimer,≤100,1
106875275519862,Morocco AM 2023,These ads ran without a disclaimer,≤100,1
335822339798949,SALTO Participation & Information,These ads ran without a disclaimer,≤100,1
444347906369155,Transitions et Énergies,These ads ran without a disclaimer,≤100,2
101760022372875,omerfarukalpdogan,These ads ran without a disclaimer,≤100,1
108799438540641,Fraternité Matin Officiel,These ads ran without a disclaimer,≤100,1
100130132039878,greenlynatalia,These ads ran without a disclaimer,≤100,1
645690912454954,SailGP,These ads ran without a disclaimer,≤100,1
102641021299825,Tetiana Podolska,These ads ran without a disclaimer,≤100,1
275758569814605,Cooking 4 All,These ads ran without a disclaimer,≤100,1
110949931688601,Rose Sealiy,These ads ran without a disclaimer,≤100,1
101220519492,Good News from Finland,These ads ran without a disclaimer,≤100,2
106750994048802,Perspectiva,These ads ran without a disclaimer,≤100,2
103458146052031,Seaivlt-JP,These ads ran without a disclaimer,≤100,1
117316514718868,More Hackz,These ads ran without a disclaimer,≤100,1
1481996415461299,EntheoNation,These ads ran without a disclaimer,≤100,1
114369171646148,realismo_capitalista,These ads ran without a disclaimer,≤100,1
100882942370907,KT7,These ads ran without a disclaimer,≤100,1
107969014843637,Blue Gazette Español,These ads ran without a disclaimer,≤100,1
1434469016796652,Mainment GmbH,These ads ran without a disclaimer,≤100,2
111793398558187,WakeYou,These ads ran without a disclaimer,≤100,2
212732770186,Tom MacDonald,These ads ran without a disclaimer,≤100,1
106722117734040,Games Qwik,These ads ran without a disclaimer,≤100,1
101027279628718,Будь в Курсе,These ads ran without a disclaimer,≤100,1
106439055835131,Срочные Новости,These ads ran without a disclaimer,≤100,1
344556287396,Penguin Bücher,These ads ran without a disclaimer,≤100,1
365685333954209,Eastwest European Institute,These ads ran without a disclaimer,≤100,5
110613855397122,Срочные Новости,These ads ran without a disclaimer,≤100,1
1802248836771260,Weird Little Tales,These ads ran without a disclaimer,≤100,1
103765239208275,yusufhanugurlu_yasasin,These ads ran without a disclaimer,≤100,1
470023986364609,Archipanic,These ads ran without a disclaimer,≤100,1
100309832136350,legoodsociety,These ads ran without a disclaimer,≤100,1
818135804865367,One Earth Conservation,These ads ran without a disclaimer,≤100,1
114536014830280,Rising7_official,These ads ran without a disclaimer,≤100,1
207268042645317,Macquarie Group,These ads ran without a disclaimer,≤100,2
113546554489501,Foody Reading,These ads ran without a disclaimer,≤100,1
100451933698060,AdVenture Communist,These ads ran without a disclaimer,≤100,1
103514036115207,Cuihuacuihua 234,These ads ran without a disclaimer,≤100,1
110467183737439,monsieurminno,These ads ran without a disclaimer,≤100,1
101391035984198,Pr Daniel Carvalho,These ads ran without a disclaimer,≤100,1
789394817776187,This is Hunan,These ads ran without a disclaimer,≤100,1
112214671700161,Arun Pandey,These ads ran without a disclaimer,≤100,1
1044660755566487,Amici di Ndugu Zangu ONLUS - Narrapu Community,These ads ran without a disclaimer,≤100,1
1220981994590364,FT Partner Content,These ads ran without a disclaimer,≤100,1
2175328549346650,Deutscher Koordinierungsrat GCJZ,These ads ran without a disclaimer,≤100,1
1272228262930516,Women Advance,These ads ran without a disclaimer,≤100,1
102795885694138,milokibullz,These ads ran without a disclaimer,≤100,1
295114283907398,Gut Microbiota News Watch by ESNM,These ads ran without a disclaimer,≤100,1
109565591674555,Gog Stories,These ads ran without a disclaimer,≤100,1
299227550122220,Radio Cina Internazionale,These ads ran without a disclaimer,≤100,1
120497604806627,CrowdFundMe,These ads ran without a disclaimer,≤100,1
349791962189803,The Bridesblush Social,These ads ran without a disclaimer,≤100,3
103131079421678,selenparc,These ads ran without a disclaimer,≤100,1
600632830063004,"CETRI, Centre tricontinental",These ads ran without a disclaimer,≤100,1
1431517403731316,Jeanne Magazine,These ads ran without a disclaimer,≤100,2
100210909292882,Loly Stories,These ads ran without a disclaimer,≤100,1
106569706154975,Modern Expo,These ads ran without a disclaimer,≤100,2
604722406392945,Stagings Travel Design,These ads ran without a disclaimer,≤100,1
1517088885216557,AIG,These ads ran without a disclaimer,≤100,1
107239145112173,Color Me Fun,These ads ran without a disclaimer,≤100,1