﻿Page ID,Page name,Disclaimer,Amount spent (CHF)
107552952619935,WWF Schweiz,WWF Schweiz,≤100
169510248558,Die Mitte - Le Centre,Die Mitte,≤100
154976914534194,Save the Children Schweiz/Suisse,Save the Children Schweiz,≤100
105527252338650,perspektiveschweiz.ch,IG Wirtschaftsverbände,≤100
921336971288655,Nagra,Nagra,≤100
111081131629685,Blackout stoppen,Volksinitiative «Jederzeit Strom für alle (Blackout stoppen)»,≤100
48980326364,Public Eye,Public Eye,≤100
169752569742293,Schweizerischer Gewerbeverband sgv,Schweizerischer Gewerbeverband sgv,≤100
102014399307738,Direkt,direkt,≤100
103369269163798,Mittendrin,Hanspeter Renggli,≤100
259871484198551,Thomas Matter,Thomas Matter,≤100
260591187302640,Parti socialiste genevois,Parti socialiste genevois,≤100
200825306651250,Renato Pfeffer EVP,EVP Kanton Zürich,≤100
1524954517562834,Prominis,Prominis GmbH,≤100
106964611977537,Switlo,Switlo,≤100
101417574776507,Ja zur direkten Demokratie,New Swiss Journal,≤100
100980232576650,Muriel Langenberger,Muriel Langenberger,≤100
116799584656329,Wie goht das - Podcast,Jonas Ineichen,≤100
257497631736082,Gletscher-Initiative,Verein Klimaschutz Schweiz,≤100
784812424962943,Tele Z,TELE Z,≤100
104265952574760,EVP Kreuzlingen,Adrian Robin Ziörjen,≤100
105890175750510,Luca Carbone  lucacarbone.ch,Luca Carbone,≤100
1613234358893730,Die Mitte Emmental,Die Mitte Emmental,≤100
107494077464434,Janine Vannaz,Janine Vannaz,≤100
156218771073787,FDP Bezirk Dielsdorf,FDP Bezirk Dielsdorf,≤100
190133177759419,Giuseppe Cotti,Giuseppe Cotti,≤100
103269145789541,Stop au blackout,Initiative populaire « De l’électricité pour tous en tout temps (Stop au blackout) »,≤100
102014399307738,Direkt,These ads ran without a disclaimer,≤100
1483343695307824,Campax,Campax,≤100
101120115685831,SVP Stäfa,SVP Stäfa,≤100
471258816239362,Junge SVP Luzern,Junge SVP Luzern,≤100
122849551077569,Democrats Abroad Switzerland,Democrats Abroad,≤100
101122865395791,Matteo Buzzi,Matteo Buzzi,≤100
1004669426211864,Parti socialiste Prilly,Parti socialiste de Prilly,≤100
1125155474201566,Mcg Carouge,Sandro Pistis,≤100
364939817683277,Marco Hirzel Politik,Marco Hirzel Politik,≤100
107866105920840,"Ingrid Auer - Spirituelle Symbole, Essenzen und  Botschaften",These ads ran without a disclaimer,≤100
608650595820049,The Conqueror Challenges,These ads ran without a disclaimer,≤100
103558749124919,asiazensus,These ads ran without a disclaimer,≤100
110902058583859,WAVE for a better future,These ads ran without a disclaimer,≤100
202203869853350,Lago di Garda Camping,These ads ran without a disclaimer,≤100
362221810544347,Toll Collect,These ads ran without a disclaimer,≤100
266790296879,Bloomberg,These ads ran without a disclaimer,≤100
192359074149124,Welt der Tiere,These ads ran without a disclaimer,≤100
1690833901196564,Industry of Things,These ads ran without a disclaimer,≤100
763722197034246,En Développement,These ads ran without a disclaimer,≤100