﻿Page ID,Page name,Disclaimer,Amount spent (CHF)
113772441580575,JA zu Kies aus Birmenstorf,JA zu Kies aus Birmenstorf,541
169510248558,Die Mitte - Le Centre,Die Mitte,176
105527252338650,perspektiveschweiz.ch,IG Wirtschaftsverbände,≤100
154976914534194,Save the Children Schweiz/Suisse,Save the Children Schweiz,≤100
107552952619935,WWF Schweiz,WWF Schweiz,≤100
1524859774444235,Koalition für Konzernverantwortung,Koalition für Konzernverantwortung,≤100
600706570124933,Verkehrssanierungen JA,Komitee Verkehrssanierungen JA,≤100
48980326364,Public Eye,Public Eye,≤100
921336971288655,Nagra,Nagra,≤100
100213996124067,Grünliberale Sektion Emmen-Hochdorf,Grünliberale Sektion Emmen-Hochdorf,≤100
111081131629685,Blackout stoppen,Volksinitiative «Jederzeit Strom für alle (Blackout stoppen)»,≤100
106964611977537,Switlo,Switlo,≤100
169752569742293,Schweizerischer Gewerbeverband sgv,Schweizerischer Gewerbeverband sgv,≤100
101417574776507,Ja zur direkten Demokratie,New Swiss Journal,≤100
103369269163798,Mittendrin,Hanspeter Renggli,≤100
1524954517562834,Prominis,Prominis GmbH,≤100
102014399307738,Direkt,direkt,≤100
600706570124933,Verkehrssanierungen JA,Verkehrssanierungen JA,≤100
784812424962943,Tele Z,TELE Z,≤100
257497631736082,Gletscher-Initiative,Verein Klimaschutz Schweiz,≤100
375845269120737,FDP. Die Liberalen Dietikon,FDP. Die Liberalen Dietikon,≤100
259871484198551,Thomas Matter,Thomas Matter,≤100
809697199378485,Sandra Cellarius,Sandra Alice Cellarius,≤100
192359074149124,Welt der Tiere,These ads ran without a disclaimer,≤100
116799584656329,Wie goht das - Podcast,Jonas Ineichen,≤100
80305304937,Grünliberale Partei Sursee,Grünliberale Partei Sursee,≤100
161124604350140,Olten jetzt,Olten Jetzt!,≤100
200825306651250,Renato Pfeffer EVP,EVP Kanton Zürich,≤100
260591187302640,Parti socialiste genevois,Parti socialiste genevois,≤100
100732476262537,GLP Willisau,GLP Wahlkreis Willisau,≤100
107494077464434,Janine Vannaz,Janine Vannaz,≤100
101500332827222,SVP Wahlkreis Sursee,SVP Wahlkreis Sursee,≤100
156218771073787,FDP Bezirk Dielsdorf,FDP Bezirk Dielsdorf,≤100
1483343695307824,Campax,Campax,≤100
105890175750510,Luca Carbone  lucacarbone.ch,Luca Carbone,≤100
103865108846573,FDP.Die Liberalen Herzogenbuchsee,FDP Herzogenbuchsee,≤100
100980232576650,Muriel Langenberger,Muriel Langenberger,≤100
1004669426211864,Parti socialiste Prilly,Parti socialiste de Prilly,≤100
1613234358893730,Die Mitte Emmental,Die Mitte Emmental,≤100
100267076206781,Ensemble à Gauche solidaritéS-Parti du Travail-DAL,Ensemble à Gauche,≤100
335404453537186,Die Mitte Binningen-Bottmingen,Die Mitte Binningen-Bottmingen,≤100
742833952522752,goodbag,These ads ran without a disclaimer,≤100
190133177759419,Giuseppe Cotti,Giuseppe Cotti,≤100
245489546137580,Christoph Riner - bodenständige Politik,Christoph Riner - bodenständige Politik,≤100
1591122654531965,Bruno Tüscher - Grossrat/Gemeindeammann,Bruno Tüscher,≤100
117741198303856,FDP Kanton Zürich,FDP Kanton Zürich,≤100
103190662706168,NON à la Loi sur la Chasse.,Rolf Hugo Hilfiker,≤100
101120115685831,SVP Stäfa,SVP Stäfa,≤100
114584561517154,Komitee für ein JA zum Basler Steuerpaket,Komitee JA! zum Basler Steuerpaket,≤100
82752099000,Alternative Liste ZH,Alternative Liste Zürich,≤100
1125155474201566,Mcg Carouge,Sandro Pistis,≤100
102014399307738,Direkt,These ads ran without a disclaimer,≤100
364939817683277,Marco Hirzel Politik,Marco Hirzel Politik,≤100
122849551077569,Democrats Abroad Switzerland,Democrats Abroad,≤100
1462022710772147,Hans Egli,Hans Egli,≤100
264952450282664,JUSO Luzern,JUSO Luzern,≤100
269029886456205,Giorgio Fonio,Giorgio Fonio,≤100
251838211585945,SP Basel-Stadt,SP Basel-Stadt,≤100
100116156110843,Stop al blackout,Iniziativa popolare «Energia elettrica in ogni tempo per tutti (Stop al blackout)»,≤100
103269145789541,Stop au blackout,Initiative populaire « De l’électricité pour tous en tout temps (Stop au blackout) »,≤100
115508583657590,Limmattal Online News,These ads ran without a disclaimer,≤100
445827758919809,Freie Wähler Adliswil,These ads ran without a disclaimer,≤100
1092252917594218,Initiative pour les glaciers,Association suisse pour la protection du climat,≤100
471258816239362,Junge SVP Luzern,Junge SVP Luzern,≤100
721730891185276,Alternative - die Grünen Kanton Zug,Alternative - die Grünen Zug,≤100
107811472635849,Landesmuseum Zürich,These ads ran without a disclaimer,≤100
104265952574760,EVP Kreuzlingen,Adrian Robin Ziörjen,≤100
385674738714732,Schlieren-Online,These ads ran without a disclaimer,≤100
104880912388734,News Day,These ads ran without a disclaimer,≤100
103256206005473,avanti_ticino,These ads ran without a disclaimer,≤100
112333848418556,Roman Grisiger,These ads ran without a disclaimer,≤100
113671758293671,JA zum Stadtparlament,Komitee JA zum Stadtparlament Rapperswil-Jona,≤100
445013152316995,Die Mitte Kriens,Die Mitte Kriens,≤100
104068392569671,Nein zum Stadtparlament Rapperswil-Jona,"Komitee «NEIN zur neuen Gemeindeordnung, NEIN zum Stadtparlament»",≤100
110902058583859,WAVE for a better future,These ads ran without a disclaimer,≤100
112994765047029,EU News,These ads ran without a disclaimer,≤100
108378128823204,Veteran Aid Ukraine,These ads ran without a disclaimer,≤100
405379246524515,DHL Express,These ads ran without a disclaimer,≤100
1917715138510680,Follow Your Legend,These ads ran without a disclaimer,≤100
117614361229143,Bio blackberry,These ads ran without a disclaimer,≤100
108760902138191,BP Project,These ads ran without a disclaimer,≤100
101236935303293,Trivia.com - Trivia,These ads ran without a disclaimer,≤100
122276294503722,Viessmann Sport,These ads ran without a disclaimer,≤100
145348432198036,Camfil,These ads ran without a disclaimer,≤100
174806462881204,Medical News,These ads ran without a disclaimer,≤100
608650595820049,The Conqueror Challenges,These ads ran without a disclaimer,≤100
181924628560212,Ekō,These ads ran without a disclaimer,≤100
146237848870691,Lukas Stern,These ads ran without a disclaimer,≤100
107285167377732,SOS Balkanroute,These ads ran without a disclaimer,≤100
111166248276745,Invisible Republic,These ads ran without a disclaimer,≤100
266790296879,Bloomberg,These ads ran without a disclaimer,≤100
117640348266286,Ballettseminare Stuttgart,These ads ran without a disclaimer,≤100
100166741553596,SahmGlas,These ads ran without a disclaimer,≤100
393334177725531,Xavier Alerander,These ads ran without a disclaimer,≤100
112721155442387,wehorse,These ads ran without a disclaimer,≤100
763722197034246,En Développement,These ads ran without a disclaimer,≤100
659357207524916,RideLink,These ads ran without a disclaimer,≤100
1690833901196564,Industry of Things,These ads ran without a disclaimer,≤100
110907030632192,YYH ART CLASS,These ads ran without a disclaimer,≤100
107757278240159,eru_mamak,These ads ran without a disclaimer,≤100
107866105920840,"Ingrid Auer - Spirituelle Symbole, Essenzen und  Botschaften",These ads ran without a disclaimer,≤100
134571176638205,One Tree Planted,These ads ran without a disclaimer,≤100
103558749124919,asiazensus,These ads ran without a disclaimer,≤100
132819526758532,Siemens Healthineers,These ads ran without a disclaimer,≤100
362221810544347,Toll Collect,These ads ran without a disclaimer,≤100