﻿Page ID,Page name,Disclaimer,Amount spent (CHF)
105527252338650,perspektiveschweiz.ch,IG Wirtschaftsverbände,≤100
169510248558,Die Mitte - Le Centre,Die Mitte,≤100
169752569742293,Schweizerischer Gewerbeverband sgv,Schweizerischer Gewerbeverband sgv,≤100
921336971288655,Nagra,Nagra,≤100
1092252917594218,Initiative pour les glaciers,Association suisse pour la protection du climat,≤100
48980326364,Public Eye,Public Eye,≤100
260591187302640,Parti socialiste genevois,Parti socialiste genevois,≤100
111081131629685,Blackout stoppen,Volksinitiative «Jederzeit Strom für alle (Blackout stoppen)»,≤100
784812424962943,Tele Z,TELE Z,≤100
1125155474201566,Mcg Carouge,Sandro Pistis,≤100
103190662706168,NON à la Loi sur la Chasse.,Rolf Hugo Hilfiker,≤100
107552952619935,WWF Schweiz,WWF Schweiz,≤100
103256206005473,avanti_ticino,These ads ran without a disclaimer,≤100
100166741553596,SahmGlas,These ads ran without a disclaimer,≤100
763722197034246,En Développement,These ads ran without a disclaimer,≤100