﻿Page ID,Page name,Disclaimer,Amount spent (CHF)
107761668882945,Schluss mit Parteipäckli,Überparteiliches Abstimmungskomitee «Schluss mit Parteipäckli – Ja zum Gegenvorschlag» (Die Mitte Schwyz),197
178775348914227,FDP.Die Liberalen Kanton Schwyz,FDP Kanton Schwyz,102
104068392569671,Nein zum Stadtparlament Rapperswil-Jona,"Komitee «NEIN zur neuen Gemeindeordnung, NEIN zum Stadtparlament»",≤100
169510248558,Die Mitte - Le Centre,Die Mitte,≤100
105527252338650,perspektiveschweiz.ch,IG Wirtschaftsverbände,≤100
154976914534194,Save the Children Schweiz/Suisse,Save the Children Schweiz,≤100
113671758293671,JA zum Stadtparlament,Komitee JA zum Stadtparlament Rapperswil-Jona,≤100
107552952619935,WWF Schweiz,WWF Schweiz,≤100
101417574776507,Ja zur direkten Demokratie,New Swiss Journal,≤100
48980326364,Public Eye,Public Eye,≤100
103237956032492,Willy Portmann,Willy Portmann,≤100
169752569742293,Schweizerischer Gewerbeverband sgv,Schweizerischer Gewerbeverband sgv,≤100
921336971288655,Nagra,Nagra,≤100
111081131629685,Blackout stoppen,Volksinitiative «Jederzeit Strom für alle (Blackout stoppen)»,≤100
102014399307738,Direkt,direkt,≤100
1524954517562834,Prominis,Prominis GmbH,≤100
259871484198551,Thomas Matter,Thomas Matter,≤100
103369269163798,Mittendrin,Hanspeter Renggli,≤100
888626258006362,"Barbara Gysi, Nationalrätin SP",Barbara Gysi,≤100
784812424962943,Tele Z,TELE Z,≤100
100213996124067,Grünliberale Sektion Emmen-Hochdorf,Grünliberale Sektion Emmen-Hochdorf,≤100
533593610474670,Susanne Vincenz-Stauffacher,Susanne Vincenz-Stauffacher,≤100
116799584656329,Wie goht das - Podcast,Jonas Ineichen,≤100
192359074149124,Welt der Tiere,These ads ran without a disclaimer,≤100
257497631736082,Gletscher-Initiative,Verein Klimaschutz Schweiz,≤100
105890175750510,Luca Carbone  lucacarbone.ch,Luca Carbone,≤100
200825306651250,Renato Pfeffer EVP,EVP Kanton Zürich,≤100
106964611977537,Switlo,Switlo,≤100
264952450282664,JUSO Luzern,JUSO Luzern,≤100
100732476262537,GLP Willisau,GLP Wahlkreis Willisau,≤100
1483343695307824,Campax,Campax,≤100
156218771073787,FDP Bezirk Dielsdorf,FDP Bezirk Dielsdorf,≤100
117741198303856,FDP Kanton Zürich,FDP Kanton Zürich,≤100
1004669426211864,Parti socialiste Prilly,Parti socialiste de Prilly,≤100
260591187302640,Parti socialiste genevois,Parti socialiste genevois,≤100
1613234358893730,Die Mitte Emmental,Die Mitte Emmental,≤100
100980232576650,Muriel Langenberger,Muriel Langenberger,≤100
107494077464434,Janine Vannaz,Janine Vannaz,≤100
101120115685831,SVP Stäfa,SVP Stäfa,≤100
109781705360314,wolleraumitzukunft,These ads ran without a disclaimer,≤100
102014399307738,Direkt,These ads ran without a disclaimer,≤100
1125155474201566,Mcg Carouge,Sandro Pistis,≤100
608650595820049,The Conqueror Challenges,These ads ran without a disclaimer,≤100
721730891185276,Alternative - die Grünen Kanton Zug,Alternative - die Grünen Zug,≤100
445013152316995,Die Mitte Kriens,Die Mitte Kriens,≤100
100116156110843,Stop al blackout,Iniziativa popolare «Energia elettrica in ogni tempo per tutti (Stop al blackout)»,≤100
269029886456205,Giorgio Fonio,Giorgio Fonio,≤100
364939817683277,Marco Hirzel Politik,Marco Hirzel Politik,≤100
167983071434,SP Kriens,SP Kriens,≤100
122849551077569,Democrats Abroad Switzerland,Democrats Abroad,≤100
471258816239362,Junge SVP Luzern,Junge SVP Luzern,≤100
445827758919809,Freie Wähler Adliswil,These ads ran without a disclaimer,≤100
190133177759419,Giuseppe Cotti,Giuseppe Cotti,≤100
103269145789541,Stop au blackout,Initiative populaire « De l’électricité pour tous en tout temps (Stop au blackout) »,≤100
1591122654531965,Bruno Tüscher - Grossrat/Gemeindeammann,Bruno Tüscher,≤100
385674738714732,Schlieren-Online,These ads ran without a disclaimer,≤100
104265952574760,EVP Kreuzlingen,Adrian Robin Ziörjen,≤100
103190662706168,NON à la Loi sur la Chasse.,Rolf Hugo Hilfiker,≤100
1092252917594218,Initiative pour les glaciers,Association suisse pour la protection du climat,≤100
107866105920840,"Ingrid Auer - Spirituelle Symbole, Essenzen und  Botschaften",These ads ran without a disclaimer,≤100
108378128823204,Veteran Aid Ukraine,These ads ran without a disclaimer,≤100
103558749124919,asiazensus,These ads ran without a disclaimer,≤100
659357207524916,RideLink,These ads ran without a disclaimer,≤100
299227550122220,Radio Cina Internazionale,These ads ran without a disclaimer,≤100
1917715138510680,Follow Your Legend,These ads ran without a disclaimer,≤100
362221810544347,Toll Collect,These ads ran without a disclaimer,≤100
112721155442387,wehorse,These ads ran without a disclaimer,≤100
117640348266286,Ballettseminare Stuttgart,These ads ran without a disclaimer,≤100
106068488158725,Graduatez - College Journey,These ads ran without a disclaimer,≤100
742833952522752,goodbag,These ads ran without a disclaimer,≤100
678094802296447,AHR Group,These ads ran without a disclaimer,≤100
110902058583859,WAVE for a better future,These ads ran without a disclaimer,≤100
100166741553596,SahmGlas,These ads ran without a disclaimer,≤100
102537783146375,28. Jun,These ads ran without a disclaimer,≤100