﻿Page ID,Page name,Disclaimer,Amount spent (CHF)
131066326987,SP Kanton Zürich,SP Kanton Zürich,699
169510248558,Die Mitte - Le Centre,Die Mitte,503
105527252338650,perspektiveschweiz.ch,IG Wirtschaftsverbände,245
108843502117518,Andreas Baeckert,Andreas Peter Baeckert,222
154976914534194,Save the Children Schweiz/Suisse,Save the Children Schweiz,207
428690117258417,SVP des Kantons Zürich,SVP des Kantons Zürich,132
106591559016696,Guido Lehmann,Guido Lehmann,105
48980326364,Public Eye,Public Eye,103
107552952619935,WWF Schweiz,WWF Schweiz,103
106964611977537,Switlo,Switlo,≤100
375845269120737,FDP. Die Liberalen Dietikon,FDP. Die Liberalen Dietikon,≤100
1524859774444235,Koalition für Konzernverantwortung,Koalition für Konzernverantwortung,≤100
921336971288655,Nagra,Nagra,≤100
207703323162140,"Doris Meier, Kantonsrätin und a. Gemeindepräsidentin von Bassersdorf",Doris Meier-Kobler,≤100
169752569742293,Schweizerischer Gewerbeverband sgv,Schweizerischer Gewerbeverband sgv,≤100
101417574776507,Ja zur direkten Demokratie,New Swiss Journal,≤100
111081131629685,Blackout stoppen,Volksinitiative «Jederzeit Strom für alle (Blackout stoppen)»,≤100
103369269163798,Mittendrin,Hanspeter Renggli,≤100
257497631736082,Gletscher-Initiative,Verein Klimaschutz Schweiz,≤100
102014399307738,Direkt,direkt,≤100
1483343695307824,Campax,Campax,≤100
259871484198551,Thomas Matter,Thomas Matter,≤100
112750821712602,Ruedi Hug als Bezirksrichter,Rudolf Hug,≤100
1524954517562834,Prominis,Prominis GmbH,≤100
117741198303856,FDP Kanton Zürich,FDP Kanton Zürich,≤100
82752099000,Alternative Liste ZH,Alternative Liste Zürich,≤100
100160498946252,Grüne Volketswil,Grüne Bezirk Uster,≤100
156218771073787,FDP Bezirk Dielsdorf,FDP Bezirk Dielsdorf,≤100
107494077464434,Janine Vannaz,Janine Vannaz,≤100
784812424962943,Tele Z,TELE Z,≤100
100213996124067,Grünliberale Sektion Emmen-Hochdorf,Grünliberale Sektion Emmen-Hochdorf,≤100
192359074149124,Welt der Tiere,These ads ran without a disclaimer,≤100
200825306651250,Renato Pfeffer EVP,EVP Kanton Zürich,≤100
116799584656329,Wie goht das - Podcast,Jonas Ineichen,≤100
260591187302640,Parti socialiste genevois,Parti socialiste genevois,≤100
101120115685831,SVP Stäfa,SVP Stäfa,≤100
1613234358893730,Die Mitte Emmental,Die Mitte Emmental,≤100
122849551077569,Democrats Abroad Switzerland,Democrats Abroad,≤100
100980232576650,Muriel Langenberger,Muriel Langenberger,≤100
533593610474670,Susanne Vincenz-Stauffacher,Susanne Vincenz-Stauffacher,≤100
742833952522752,goodbag,These ads ran without a disclaimer,≤100
1462022710772147,Hans Egli,Hans Egli,≤100
1092252917594218,Initiative pour les glaciers,Association suisse pour la protection du climat,≤100
105890175750510,Luca Carbone  lucacarbone.ch,Luca Carbone,≤100
100732476262537,GLP Willisau,GLP Wahlkreis Willisau,≤100
100116156110843,Stop al blackout,Iniziativa popolare «Energia elettrica in ogni tempo per tutti (Stop al blackout)»,≤100
190133177759419,Giuseppe Cotti,Giuseppe Cotti,≤100
1004669426211864,Parti socialiste Prilly,Parti socialiste de Prilly,≤100
888626258006362,"Barbara Gysi, Nationalrätin SP",Barbara Gysi,≤100
107811472635849,Landesmuseum Zürich,These ads ran without a disclaimer,≤100
1125155474201566,Mcg Carouge,Sandro Pistis,≤100
103269145789541,Stop au blackout,Initiative populaire « De l’électricité pour tous en tout temps (Stop au blackout) »,≤100
364939817683277,Marco Hirzel Politik,Marco Hirzel Politik,≤100
1591122654531965,Bruno Tüscher - Grossrat/Gemeindeammann,Bruno Tüscher,≤100
600706570124933,Verkehrssanierungen JA,Komitee Verkehrssanierungen JA,≤100
269029886456205,Giorgio Fonio,Giorgio Fonio,≤100
104265952574760,EVP Kreuzlingen,Adrian Robin Ziörjen,≤100
103558749124919,asiazensus,These ads ran without a disclaimer,≤100
102014399307738,Direkt,These ads ran without a disclaimer,≤100
100267076206781,Ensemble à Gauche solidaritéS-Parti du Travail-DAL,Ensemble à Gauche,≤100
161124604350140,Olten jetzt,Olten Jetzt!,≤100
1917715138510680,Follow Your Legend,These ads ran without a disclaimer,≤100
144415968949918,Barbara Schaffner - Politik,These ads ran without a disclaimer,≤100
600706570124933,Verkehrssanierungen JA,Verkehrssanierungen JA,≤100
251838211585945,SP Basel-Stadt,SP Basel-Stadt,≤100
103190662706168,NON à la Loi sur la Chasse.,Rolf Hugo Hilfiker,≤100
445827758919809,Freie Wähler Adliswil,These ads ran without a disclaimer,≤100
721730891185276,Alternative - die Grünen Kanton Zug,Alternative - die Grünen Zug,≤100
103865108846573,FDP.Die Liberalen Herzogenbuchsee,FDP Herzogenbuchsee,≤100
103256206005473,avanti_ticino,These ads ran without a disclaimer,≤100
385674738714732,Schlieren-Online,These ads ran without a disclaimer,≤100
104068392569671,Nein zum Stadtparlament Rapperswil-Jona,"Komitee «NEIN zur neuen Gemeindeordnung, NEIN zum Stadtparlament»",≤100
471258816239362,Junge SVP Luzern,Junge SVP Luzern,≤100
115508583657590,Limmattal Online News,These ads ran without a disclaimer,≤100
245489546137580,Christoph Riner - bodenständige Politik,Christoph Riner - bodenständige Politik,≤100
113671758293671,JA zum Stadtparlament,Komitee JA zum Stadtparlament Rapperswil-Jona,≤100
106068488158725,Graduatez - College Journey,These ads ran without a disclaimer,≤100
108378128823204,Veteran Aid Ukraine,These ads ran without a disclaimer,≤100
110336161874621,Urban Husi in den Kantonsrat ZH,Urban Pius Matthäus Husi Fiechter,≤100
110501967920349,daimlalaofficial,These ads ran without a disclaimer,≤100
110902058583859,WAVE for a better future,These ads ran without a disclaimer,≤100
183866648316813,Medical Tribune Deutschland,These ads ran without a disclaimer,≤100
107757278240159,eru_mamak,These ads ran without a disclaimer,≤100
10150100771335484,24 heures,These ads ran without a disclaimer,≤100
105188432853984,Tribune de Genève,These ads ran without a disclaimer,≤100
264952450282664,JUSO Luzern,JUSO Luzern,≤100
105962808801596,IZZY - Stream Israel,These ads ran without a disclaimer,≤100
167184886633926,The Science Explorer,These ads ran without a disclaimer,≤100
678094802296447,AHR Group,These ads ran without a disclaimer,≤100
112831185055172,transparency.lab,These ads ran without a disclaimer,≤100
101229465433881,ENTR de,These ads ran without a disclaimer,≤100
608650595820049,The Conqueror Challenges,These ads ran without a disclaimer,≤100
112721155442387,wehorse,These ads ran without a disclaimer,≤100
146237848870691,Lukas Stern,These ads ran without a disclaimer,≤100
266790296879,Bloomberg,These ads ran without a disclaimer,≤100
113242780217751,VitoNautika,These ads ran without a disclaimer,≤100
659357207524916,RideLink,These ads ran without a disclaimer,≤100
161329174358743,Tobeamuse,These ads ran without a disclaimer,≤100
119283008140727,Pela Case,These ads ran without a disclaimer,≤100
101782866045184,History Buff,These ads ran without a disclaimer,≤100
100166741553596,SahmGlas,These ads ran without a disclaimer,≤100
134571176638205,One Tree Planted,These ads ran without a disclaimer,≤100
198398326957053,Shree Krishnayan Desi Gauraksha Avam Golokdham Sewa Samiti,These ads ran without a disclaimer,≤100
101236935303293,Trivia.com - Trivia,These ads ran without a disclaimer,≤100
107285167377732,SOS Balkanroute,These ads ran without a disclaimer,≤100
362221810544347,Toll Collect,These ads ran without a disclaimer,≤100
122276294503722,Viessmann Sport,These ads ran without a disclaimer,≤100
101304435646725,Элитная недвижимость в Москве,These ads ran without a disclaimer,≤100
116779333500162,Joana Moreira - Sustentabilidade e Inovação,These ads ran without a disclaimer,≤100
140010018214626,Moneymade Lifestyle,These ads ran without a disclaimer,≤100
181924628560212,Ekō,These ads ran without a disclaimer,≤100
145348432198036,Camfil,These ads ran without a disclaimer,≤100
107866105920840,"Ingrid Auer - Spirituelle Symbole, Essenzen und  Botschaften",These ads ran without a disclaimer,≤100
228289153922641,Berlin-Reportagen,These ads ran without a disclaimer,≤100
110907030632192,YYH ART CLASS,These ads ran without a disclaimer,≤100
1690833901196564,Industry of Things,These ads ran without a disclaimer,≤100
299227550122220,Radio Cina Internazionale,These ads ran without a disclaimer,≤100
101805679198734,Just For You,These ads ran without a disclaimer,≤100
117640348266286,Ballettseminare Stuttgart,These ads ran without a disclaimer,≤100
763722197034246,En Développement,These ads ran without a disclaimer,≤100
234595793691230,Én Verlag,These ads ran without a disclaimer,≤100
393334177725531,Xavier Alerander,These ads ran without a disclaimer,≤100
102537783146375,28. Jun,These ads ran without a disclaimer,≤100
132819526758532,Siemens Healthineers,These ads ran without a disclaimer,≤100