﻿Page ID,Page name,Disclaimer,Amount spent (CHF)
463645587339110,Piero Marchesi,Piero Marchesi,320
269029886456205,Giorgio Fonio,Giorgio Fonio,145
105527252338650,perspektiveschweiz.ch,IG Wirtschaftsverbände,128
305699609616768,Verdi Liberali Ticino,verdi liberali Ticino,≤100
105890175750510,Luca Carbone  lucacarbone.ch,Luca Carbone,≤100
190133177759419,Giuseppe Cotti,Giuseppe Cotti,≤100
169510248558,Die Mitte - Le Centre,Die Mitte,≤100
1439209716323593,UDC Ticino,UDC Ticino,≤100
921336971288655,Nagra,Nagra,≤100
105091890833799,Cristina Zanini Barzaghi,Cristina Zanini Barzaghi,≤100
101122865395791,Matteo Buzzi,Matteo Buzzi,≤100
169752569742293,Schweizerischer Gewerbeverband sgv,Schweizerischer Gewerbeverband sgv,≤100
102269201722239,TV Riviera 24,Tv Riviera 24,≤100
353969997649,Partito Comunista - Svizzera,Partito Comunista,≤100
1636440209972703,Alberto Togni,Alberto Togni,≤100
111081131629685,Blackout stoppen,Volksinitiative «Jederzeit Strom für alle (Blackout stoppen)»,≤100
200825306651250,Renato Pfeffer EVP,EVP Kanton Zürich,≤100
100116156110843,Stop al blackout,Iniziativa popolare «Energia elettrica in ogni tempo per tutti (Stop al blackout)»,≤100
257497631736082,Gletscher-Initiative,Verein Klimaschutz Schweiz,≤100
1483343695307824,Campax,Campax,≤100
107552952619935,WWF Schweiz,WWF Schweiz,≤100
48980326364,Public Eye,Public Eye,≤100
260591187302640,Parti socialiste genevois,Parti socialiste genevois,≤100
784812424962943,Tele Z,TELE Z,≤100
1004669426211864,Parti socialiste Prilly,Parti socialiste de Prilly,≤100
100980232576650,Muriel Langenberger,Muriel Langenberger,≤100
192359074149124,Welt der Tiere,These ads ran without a disclaimer,≤100
100732476262537,GLP Willisau,GLP Wahlkreis Willisau,≤100
1125155474201566,Mcg Carouge,Sandro Pistis,≤100
1613234358893730,Die Mitte Emmental,Die Mitte Emmental,≤100
156218771073787,FDP Bezirk Dielsdorf,FDP Bezirk Dielsdorf,≤100
103256206005473,avanti_ticino,These ads ran without a disclaimer,≤100
364939817683277,Marco Hirzel Politik,Marco Hirzel Politik,≤100
259871484198551,Thomas Matter,Thomas Matter,≤100
1092252917594218,Initiative pour les glaciers,Association suisse pour la protection du climat,≤100
107494077464434,Janine Vannaz,Janine Vannaz,≤100
100166741553596,SahmGlas,These ads ran without a disclaimer,≤100
100267076206781,Ensemble à Gauche solidaritéS-Parti du Travail-DAL,Ensemble à Gauche,≤100
103269145789541,Stop au blackout,Initiative populaire « De l’électricité pour tous en tout temps (Stop au blackout) »,≤100
102014399307738,Direkt,direkt,≤100
109102388764959,Luca Moretti,These ads ran without a disclaimer,≤100
1591122654531965,Bruno Tüscher - Grossrat/Gemeindeammann,Bruno Tüscher,≤100
1524954517562834,Prominis,Prominis GmbH,≤100
103190662706168,NON à la Loi sur la Chasse.,Rolf Hugo Hilfiker,≤100
1917715138510680,Follow Your Legend,These ads ran without a disclaimer,≤100
110501967920349,daimlalaofficial,These ads ran without a disclaimer,≤100
10150100771335484,24 heures,These ads ran without a disclaimer,≤100
102014399307738,Direkt,These ads ran without a disclaimer,≤100
245489546137580,Christoph Riner - bodenständige Politik,Christoph Riner - bodenständige Politik,≤100
110902058583859,WAVE for a better future,These ads ran without a disclaimer,≤100
106964611977537,Switlo,Switlo,≤100
104265952574760,EVP Kreuzlingen,Adrian Robin Ziörjen,≤100
100381452863244,Libertés et Justice sociale,Libertés et Justice sociale,≤100
251838211585945,SP Basel-Stadt,SP Basel-Stadt,≤100
110907030632192,YYH ART CLASS,These ads ran without a disclaimer,≤100
101782866045184,History Buff,These ads ran without a disclaimer,≤100
190575544322460,Bennet,These ads ran without a disclaimer,≤100
106614631788380,Kitco Mining,These ads ran without a disclaimer,≤100
103558749124919,asiazensus,These ads ran without a disclaimer,≤100
113242780217751,VitoNautika,These ads ran without a disclaimer,≤100
119283008140727,Pela Case,These ads ran without a disclaimer,≤100
102537783146375,28. Jun,These ads ran without a disclaimer,≤100
202203869853350,Lago di Garda Camping,These ads ran without a disclaimer,≤100
101236935303293,Trivia.com - Trivia,These ads ran without a disclaimer,≤100
266790296879,Bloomberg,These ads ran without a disclaimer,≤100
116115541659,EuroClio - European Association of History Educators,These ads ran without a disclaimer,≤100
105962808801596,IZZY - Stream Israel,These ads ran without a disclaimer,≤100
608650595820049,The Conqueror Challenges,These ads ran without a disclaimer,≤100
112721155442387,wehorse,These ads ran without a disclaimer,≤100
117640348266286,Ballettseminare Stuttgart,These ads ran without a disclaimer,≤100
108378128823204,Veteran Aid Ukraine,These ads ran without a disclaimer,≤100
134571176638205,One Tree Planted,These ads ran without a disclaimer,≤100
659357207524916,RideLink,These ads ran without a disclaimer,≤100
742833952522752,goodbag,These ads ran without a disclaimer,≤100
122276294503722,Viessmann Sport,These ads ran without a disclaimer,≤100
140010018214626,Moneymade Lifestyle,These ads ran without a disclaimer,≤100
107285167377732,SOS Balkanroute,These ads ran without a disclaimer,≤100
228289153922641,Berlin-Reportagen,These ads ran without a disclaimer,≤100
106068488158725,Graduatez - College Journey,These ads ran without a disclaimer,≤100
1690833901196564,Industry of Things,These ads ran without a disclaimer,≤100
678094802296447,AHR Group,These ads ran without a disclaimer,≤100
281243478657153,Pollinis,These ads ran without a disclaimer,≤100
763722197034246,En Développement,These ads ran without a disclaimer,≤100
609349762894374,Opencity,These ads ran without a disclaimer,≤100
161329174358743,Tobeamuse,These ads ran without a disclaimer,≤100