﻿Page ID,Page name,Disclaimer,Amount spent (CHF)
169510248558,Die Mitte - Le Centre,Die Mitte,245
103550668590403,Mieux vivre sa vie,Mieux Vivre Sa Vie,129
105527252338650,perspektiveschweiz.ch,IG Wirtschaftsverbände,≤100
120307884715130,Les Vert•e•s Valais - Grüne Wallis,Les Vert•e•s Valais - Grüne Wallis,≤100
169752569742293,Schweizerischer Gewerbeverband sgv,Schweizerischer Gewerbeverband sgv,≤100
107552952619935,WWF Schweiz,WWF Schweiz,≤100
260591187302640,Parti socialiste genevois,Parti socialiste genevois,≤100
218538701651843,Union suisse des arts et métiers usam,Schweizerischer Gewerbeverband sgv,≤100
921336971288655,Nagra,Nagra,≤100
1092252917594218,Initiative pour les glaciers,Association suisse pour la protection du climat,≤100
510352742440847,Coalition pour des multinationales responsables,Coalition pour des multinationales responsables,≤100
103269145789541,Stop au blackout,Initiative populaire « De l’électricité pour tous en tout temps (Stop au blackout) »,≤100
111081131629685,Blackout stoppen,Volksinitiative «Jederzeit Strom für alle (Blackout stoppen)»,≤100
600706570124933,Verkehrssanierungen JA,Komitee Verkehrssanierungen JA,≤100
48980326364,Public Eye,Public Eye,≤100
257497631736082,Gletscher-Initiative,Verein Klimaschutz Schweiz,≤100
200825306651250,Renato Pfeffer EVP,EVP Kanton Zürich,≤100
600706570124933,Verkehrssanierungen JA,Verkehrssanierungen JA,≤100
784812424962943,Tele Z,TELE Z,≤100
158820214312321,Citations Ron Hubbard,Mieux Vivre Sa Vie,≤100
100980232576650,Muriel Langenberger,Muriel Langenberger,≤100
100267076206781,Ensemble à Gauche solidaritéS-Parti du Travail-DAL,Ensemble à Gauche,≤100
1483343695307824,Campax,Campax,≤100
156218771073787,FDP Bezirk Dielsdorf,FDP Bezirk Dielsdorf,≤100
763722197034246,En Développement,These ads ran without a disclaimer,≤100
1524954517562834,Prominis,Prominis GmbH,≤100
1004669426211864,Parti socialiste Prilly,Parti socialiste de Prilly,≤100
1125155474201566,Mcg Carouge,Sandro Pistis,≤100
102014399307738,Direkt,direkt,≤100
1613234358893730,Die Mitte Emmental,Die Mitte Emmental,≤100
259871484198551,Thomas Matter,Thomas Matter,≤100
100381452863244,Libertés et Justice sociale,Libertés et Justice sociale,≤100
105890175750510,Luca Carbone  lucacarbone.ch,Luca Carbone,≤100
192359074149124,Welt der Tiere,These ads ran without a disclaimer,≤100
103190662706168,NON à la Loi sur la Chasse.,Rolf Hugo Hilfiker,≤100
107494077464434,Janine Vannaz,Janine Vannaz,≤100
100732476262537,GLP Willisau,GLP Wahlkreis Willisau,≤100
364939817683277,Marco Hirzel Politik,Marco Hirzel Politik,≤100
269029886456205,Giorgio Fonio,Giorgio Fonio,≤100
116890591678651,Vert'libéraux - Genève,Parti vert'libéral genevois,≤100
10150100771335484,24 heures,These ads ran without a disclaimer,≤100
100116156110843,Stop al blackout,Iniziativa popolare «Energia elettrica in ogni tempo per tutti (Stop al blackout)»,≤100
742833952522752,goodbag,These ads ran without a disclaimer,≤100
122819208305170,Sauvegarde Genève,Sauvegarde Genève,≤100
190133177759419,Giuseppe Cotti,Giuseppe Cotti,≤100
1591122654531965,Bruno Tüscher - Grossrat/Gemeindeammann,Bruno Tüscher,≤100
238982909481105,Les Vert·e·s Genevois·es,Les Vert-e-s genevois-es,≤100
108595330730708,Groupe lgbtiq+ du PS genevois,Groupe lgbtiq+ du PS genevois,≤100
102014399307738,Direkt,These ads ran without a disclaimer,≤100
1521655228075451,solidaritéS Genève,solidaritéS Genève,≤100
705172076225892,Le Regard Libre,These ads ran without a disclaimer,≤100
105188432853984,Tribune de Genève,These ads ran without a disclaimer,≤100
103256206005473,avanti_ticino,These ads ran without a disclaimer,≤100
110902058583859,WAVE for a better future,These ads ran without a disclaimer,≤100
104068392569671,Nein zum Stadtparlament Rapperswil-Jona,"Komitee «NEIN zur neuen Gemeindeordnung, NEIN zum Stadtparlament»",≤100
103816695962630,Non à l'initiative «Zéro Pub»,Comité référendaire NON à Zéro Pub,≤100
202196693162175,Le Nouvelliste,These ads ran without a disclaimer,≤100
115594384783210,Humance,These ads ran without a disclaimer,≤100
181924628560212,Ekō,These ads ran without a disclaimer,≤100
145348432198036,Camfil,These ads ran without a disclaimer,≤100
107285167377732,SOS Balkanroute,These ads ran without a disclaimer,≤100
791628370904125,Iremmo - Institut de Recherche et d'Études Méditerranée Moyen-Orient,These ads ran without a disclaimer,≤100
1917715138510680,Follow Your Legend,These ads ran without a disclaimer,≤100
117640348266286,Ballettseminare Stuttgart,These ads ran without a disclaimer,≤100
241817470603,"Martin Latulippe, CSp",These ads ran without a disclaimer,≤100
608650595820049,The Conqueror Challenges,These ads ran without a disclaimer,≤100
122276294503722,Viessmann Sport,These ads ran without a disclaimer,≤100
362221810544347,Toll Collect,These ads ran without a disclaimer,≤100
659357207524916,RideLink,These ads ran without a disclaimer,≤100
113242780217751,VitoNautika,These ads ran without a disclaimer,≤100
108378128823204,Veteran Aid Ukraine,These ads ran without a disclaimer,≤100
161329174358743,Tobeamuse,These ads ran without a disclaimer,≤100
678094802296447,AHR Group,These ads ran without a disclaimer,≤100
60516116431,Člověk v tísni,These ads ran without a disclaimer,≤100
266790296879,Bloomberg,These ads ran without a disclaimer,≤100
281243478657153,Pollinis,These ads ran without a disclaimer,≤100
100166741553596,SahmGlas,These ads ran without a disclaimer,≤100
110907030632192,YYH ART CLASS,These ads ran without a disclaimer,≤100
112721155442387,wehorse,These ads ran without a disclaimer,≤100