﻿Page ID,Page name,Disclaimer,Amount spent (CHF)
106252468372887,Isabelle Chassot,Isabelle Chassot,308
169510248558,Die Mitte - Le Centre,Die Mitte,170
103550668590403,Mieux vivre sa vie,Mieux Vivre Sa Vie,107
600706570124933,Verkehrssanierungen JA,Komitee Verkehrssanierungen JA,≤100
105527252338650,perspektiveschweiz.ch,IG Wirtschaftsverbände,≤100
600706570124933,Verkehrssanierungen JA,Verkehrssanierungen JA,≤100
169752569742293,Schweizerischer Gewerbeverband sgv,Schweizerischer Gewerbeverband sgv,≤100
510352742440847,Coalition pour des multinationales responsables,Coalition pour des multinationales responsables,≤100
260591187302640,Parti socialiste genevois,Parti socialiste genevois,≤100
117275531631620,Le Centre Fribourg-Ville / Die Mitte Stadt Freiburg,Le Centre Fribourg-Ville / Die Mitte Stadt Freiburg,≤100
222200461136948,Les VERT·E·S Fribourg - GRÜNE Freiburg,Les VERT-E-S Fribourg,≤100
1092252917594218,Initiative pour les glaciers,Association suisse pour la protection du climat,≤100
218538701651843,Union suisse des arts et métiers usam,Schweizerischer Gewerbeverband sgv,≤100
921336971288655,Nagra,Nagra,≤100
154976914534194,Save the Children Schweiz/Suisse,Save the Children Schweiz,≤100
111081131629685,Blackout stoppen,Volksinitiative «Jederzeit Strom für alle (Blackout stoppen)»,≤100
103269145789541,Stop au blackout,Initiative populaire « De l’électricité pour tous en tout temps (Stop au blackout) »,≤100
107552952619935,WWF Schweiz,WWF Schweiz,≤100
48980326364,Public Eye,Public Eye,≤100
257497631736082,Gletscher-Initiative,Verein Klimaschutz Schweiz,≤100
144333642290202,Savio Michellod - Par amour de la Veveyse,Savio Herve Michellod,≤100
784812424962943,Tele Z,TELE Z,≤100
158820214312321,Citations Ron Hubbard,Mieux Vivre Sa Vie,≤100
200825306651250,Renato Pfeffer EVP,EVP Kanton Zürich,≤100
177101958993013,Parti Socialiste Yverdonnois,Parti Socialiste Yverdonnois,≤100
192359074149124,Welt der Tiere,These ads ran without a disclaimer,≤100
1004669426211864,Parti socialiste Prilly,Parti socialiste de Prilly,≤100
100980232576650,Muriel Langenberger,Muriel Langenberger,≤100
101417574776507,Ja zur direkten Demokratie,New Swiss Journal,≤100
142664095796912,GRÜNE Kanton Bern,GRÜNE Kanton Bern,≤100
102014399307738,Direkt,direkt,≤100
1524954517562834,Prominis,Prominis GmbH,≤100
1483343695307824,Campax,Campax,≤100
1613234358893730,Die Mitte Emmental,Die Mitte Emmental,≤100
156218771073787,FDP Bezirk Dielsdorf,FDP Bezirk Dielsdorf,≤100
763722197034246,En Développement,These ads ran without a disclaimer,≤100
105890175750510,Luca Carbone  lucacarbone.ch,Luca Carbone,≤100
259871484198551,Thomas Matter,Thomas Matter,≤100
103190662706168,NON à la Loi sur la Chasse.,Rolf Hugo Hilfiker,≤100
100732476262537,GLP Willisau,GLP Wahlkreis Willisau,≤100
1125155474201566,Mcg Carouge,Sandro Pistis,≤100
100267076206781,Ensemble à Gauche solidaritéS-Parti du Travail-DAL,Ensemble à Gauche,≤100
107494077464434,Janine Vannaz,Janine Vannaz,≤100
265786100439644,Grüne Freie Liste Stadt Bern,Grüne Freie Liste Bern,≤100
190133177759419,Giuseppe Cotti,Giuseppe Cotti,≤100
364939817683277,Marco Hirzel Politik,Marco Hirzel Politik,≤100
1591122654531965,Bruno Tüscher - Grossrat/Gemeindeammann,Bruno Tüscher,≤100
100116156110843,Stop al blackout,Iniziativa popolare «Energia elettrica in ogni tempo per tutti (Stop al blackout)»,≤100
269029886456205,Giorgio Fonio,Giorgio Fonio,≤100
1435425713453929,PS Gros de Vaud,PS Gros-de-Vaud,≤100
608650595820049,The Conqueror Challenges,These ads ran without a disclaimer,≤100
10150100771335484,24 heures,These ads ran without a disclaimer,≤100
705172076225892,Le Regard Libre,These ads ran without a disclaimer,≤100
105188432853984,Tribune de Genève,These ads ran without a disclaimer,≤100
102014399307738,Direkt,These ads ran without a disclaimer,≤100
112994765047029,EU News,These ads ran without a disclaimer,≤100
110902058583859,WAVE for a better future,These ads ran without a disclaimer,≤100
1917715138510680,Follow Your Legend,These ads ran without a disclaimer,≤100
1744391465601424,"Cyprus Dogs, A Paw in the right direction",These ads ran without a disclaimer,≤100
112721155442387,wehorse,These ads ran without a disclaimer,≤100
111166248276745,Invisible Republic,These ads ran without a disclaimer,≤100
122276294503722,Viessmann Sport,These ads ran without a disclaimer,≤100
101236935303293,Trivia.com - Trivia,These ads ran without a disclaimer,≤100
100166741553596,SahmGlas,These ads ran without a disclaimer,≤100
140010018214626,Moneymade Lifestyle,These ads ran without a disclaimer,≤100
202203869853350,Lago di Garda Camping,These ads ran without a disclaimer,≤100
117640348266286,Ballettseminare Stuttgart,These ads ran without a disclaimer,≤100
119283008140727,Pela Case,These ads ran without a disclaimer,≤100
155438574470276,DW українською,These ads ran without a disclaimer,≤100
105962808801596,IZZY - Stream Israel,These ads ran without a disclaimer,≤100
742833952522752,goodbag,These ads ran without a disclaimer,≤100
266790296879,Bloomberg,These ads ran without a disclaimer,≤100
444347906369155,Transitions et Énergies,These ads ran without a disclaimer,≤100
110907030632192,YYH ART CLASS,These ads ran without a disclaimer,≤100
103193692690093,Green Feed,These ads ran without a disclaimer,≤100
103558749124919,asiazensus,These ads ran without a disclaimer,≤100
362221810544347,Toll Collect,These ads ran without a disclaimer,≤100
281243478657153,Pollinis,These ads ran without a disclaimer,≤100