﻿Page ID,Page name,Disclaimer,Amount spent (CHF)
169510248558,Die Mitte - Le Centre,Die Mitte,≤100
105527252338650,perspektiveschweiz.ch,IG Wirtschaftsverbände,≤100
154976914534194,Save the Children Schweiz/Suisse,Save the Children Schweiz,≤100
107552952619935,WWF Schweiz,WWF Schweiz,≤100
48980326364,Public Eye,Public Eye,≤100
533593610474670,Susanne Vincenz-Stauffacher,Susanne Vincenz-Stauffacher,≤100
169752569742293,Schweizerischer Gewerbeverband sgv,Schweizerischer Gewerbeverband sgv,≤100
102014399307738,Direkt,direkt,≤100
1524954517562834,Prominis,Prominis GmbH,≤100
111081131629685,Blackout stoppen,Volksinitiative «Jederzeit Strom für alle (Blackout stoppen)»,≤100
1483343695307824,Campax,Campax,≤100
921336971288655,Nagra,Nagra,≤100
257497631736082,Gletscher-Initiative,Verein Klimaschutz Schweiz,≤100
156218771073787,FDP Bezirk Dielsdorf,FDP Bezirk Dielsdorf,≤100
106964611977537,Switlo,Switlo,≤100
784812424962943,Tele Z,TELE Z,≤100
259871484198551,Thomas Matter,Thomas Matter,≤100
200825306651250,Renato Pfeffer EVP,EVP Kanton Zürich,≤100
888626258006362,"Barbara Gysi, Nationalrätin SP",Barbara Gysi,≤100
1613234358893730,Die Mitte Emmental,Die Mitte Emmental,≤100
105890175750510,Luca Carbone  lucacarbone.ch,Luca Carbone,≤100
100980232576650,Muriel Langenberger,Muriel Langenberger,≤100
104265952574760,EVP Kreuzlingen,Adrian Robin Ziörjen,≤100
1004669426211864,Parti socialiste Prilly,Parti socialiste de Prilly,≤100
260591187302640,Parti socialiste genevois,Parti socialiste genevois,≤100
107494077464434,Janine Vannaz,Janine Vannaz,≤100
100732476262537,GLP Willisau,GLP Wahlkreis Willisau,≤100
269029886456205,Giorgio Fonio,Giorgio Fonio,≤100
102014399307738,Direkt,These ads ran without a disclaimer,≤100
104068392569671,Nein zum Stadtparlament Rapperswil-Jona,"Komitee «NEIN zur neuen Gemeindeordnung, NEIN zum Stadtparlament»",≤100
1591122654531965,Bruno Tüscher - Grossrat/Gemeindeammann,Bruno Tüscher,≤100
364939817683277,Marco Hirzel Politik,Marco Hirzel Politik,≤100
103558749124919,asiazensus,These ads ran without a disclaimer,≤100
192359074149124,Welt der Tiere,These ads ran without a disclaimer,≤100
100166741553596,SahmGlas,These ads ran without a disclaimer,≤100
110902058583859,WAVE for a better future,These ads ran without a disclaimer,≤100
122276294503722,Viessmann Sport,These ads ran without a disclaimer,≤100
742833952522752,goodbag,These ads ran without a disclaimer,≤100
181924628560212,Ekō,These ads ran without a disclaimer,≤100