﻿Page ID,Page name,Disclaimer,Amount spent (CHF)
110547838607111,NON IN 179,FER Genève - Fédération des Entreprises Romandes Genève,1580
288659088239530,MCG Officiel,Mouvement Citoyens Genevois,1398
100381452863244,Libertés et Justice sociale,Libertés et Justice sociale,1372
101469746117157,"Xavier Magnin, candidat au Conseil d'Etat 2023",Xavier Magnin,1287
103816695962630,Non à l'initiative «Zéro Pub»,Comité référendaire NON à Zéro Pub,1081
260591187302640,Parti socialiste genevois,Parti socialiste genevois,761
169510248558,Die Mitte - Le Centre,Die Mitte,402
116890591678651,Vert'libéraux - Genève,Parti vert'libéral genevois,351
108839758430779,Association des habitants du quartier de la Bourgogne,Association des habitants du quartier de Bourgogne,170
105527252338650,perspektiveschweiz.ch,IG Wirtschaftsverbände,130
122819208305170,Sauvegarde Genève,Sauvegarde Genève,≤100
103550668590403,Mieux vivre sa vie,Mieux Vivre Sa Vie,≤100
592045444309191,DIRECT NEWS by Michel Robadin,Michel François Robadin,≤100
510352742440847,Coalition pour des multinationales responsables,Coalition pour des multinationales responsables,≤100
169752569742293,Schweizerischer Gewerbeverband sgv,Schweizerischer Gewerbeverband sgv,≤100
238982909481105,Les Vert·e·s Genevois·es,Les Vert-e-s genevois-es,≤100
1092252917594218,Initiative pour les glaciers,Association suisse pour la protection du climat,≤100
1521655228075451,solidaritéS Genève,solidaritéS Genève,≤100
108595330730708,Groupe lgbtiq+ du PS genevois,Groupe lgbtiq+ du PS genevois,≤100
109605484115257,Delphine Klopfenstein Broggini,Delphine Klopfenstein Broggini,≤100
218538701651843,Union suisse des arts et métiers usam,Schweizerischer Gewerbeverband sgv,≤100
100267076206781,Ensemble à Gauche solidaritéS-Parti du Travail-DAL,Ensemble à Gauche,≤100
589136377773631,Les Vert·e·x·s lgbtiq - Genève,Les Vert·e·x·s lgbtiq - Genève,≤100
921336971288655,Nagra,Nagra,≤100
1125155474201566,Mcg Carouge,Sandro Pistis,≤100
103269145789541,Stop au blackout,Initiative populaire « De l’électricité pour tous en tout temps (Stop au blackout) »,≤100
111081131629685,Blackout stoppen,Volksinitiative «Jederzeit Strom für alle (Blackout stoppen)»,≤100
119392439892983,Sauvegarde Grand-Pré et Orangerie,Xavier Singy,≤100
257497631736082,Gletscher-Initiative,Verein Klimaschutz Schweiz,≤100
1100444546752110,Rémy Oudin,Rémy Oudin,≤100
48980326364,Public Eye,Public Eye,≤100
103190662706168,NON à la Loi sur la Chasse.,Rolf Hugo Hilfiker,≤100
200825306651250,Renato Pfeffer EVP,EVP Kanton Zürich,≤100
100513788093677,Les Vert-e-s Ville de Genève,Les Vert-e-s Ville de Genève,≤100
784812424962943,Tele Z,TELE Z,≤100
107552952619935,WWF Schweiz,WWF Schweiz,≤100
763722197034246,En Développement,These ads ran without a disclaimer,≤100
100980232576650,Muriel Langenberger,Muriel Langenberger,≤100
1483343695307824,Campax,Campax,≤100
1004669426211864,Parti socialiste Prilly,Parti socialiste de Prilly,≤100
1613234358893730,Die Mitte Emmental,Die Mitte Emmental,≤100
1673559236288902,Pro Senectute Genève,Pro Senectute Genève,≤100
105890175750510,Luca Carbone  lucacarbone.ch,Luca Carbone,≤100
100732476262537,GLP Willisau,GLP Wahlkreis Willisau,≤100
107494077464434,Janine Vannaz,Janine Vannaz,≤100
156218771073787,FDP Bezirk Dielsdorf,FDP Bezirk Dielsdorf,≤100
259871484198551,Thomas Matter,Thomas Matter,≤100
190133177759419,Giuseppe Cotti,Giuseppe Cotti,≤100
192359074149124,Welt der Tiere,These ads ran without a disclaimer,≤100
364939817683277,Marco Hirzel Politik,Marco Hirzel Politik,≤100
105188432853984,Tribune de Genève,These ads ran without a disclaimer,≤100
100116156110843,Stop al blackout,Iniziativa popolare «Energia elettrica in ogni tempo per tutti (Stop al blackout)»,≤100
266790296879,Bloomberg,These ads ran without a disclaimer,≤100
269029886456205,Giorgio Fonio,Giorgio Fonio,≤100
997106350353312,Egalité et Diversité dans la ville,These ads ran without a disclaimer,≤100
102014399307738,Direkt,direkt,≤100
705172076225892,Le Regard Libre,These ads ran without a disclaimer,≤100
105962808801596,IZZY - Stream Israel,These ads ran without a disclaimer,≤100
1591122654531965,Bruno Tüscher - Grossrat/Gemeindeammann,Bruno Tüscher,≤100
10150100771335484,24 heures,These ads ran without a disclaimer,≤100
1524954517562834,Prominis,Prominis GmbH,≤100
110902058583859,WAVE for a better future,These ads ran without a disclaimer,≤100
103256206005473,avanti_ticino,These ads ran without a disclaimer,≤100
108378128823204,Veteran Aid Ukraine,These ads ran without a disclaimer,≤100
101805679198734,Just For You,These ads ran without a disclaimer,≤100
100166741553596,SahmGlas,These ads ran without a disclaimer,≤100
101304435646725,Элитная недвижимость в Москве,These ads ran without a disclaimer,≤100
101229465433881,ENTR de,These ads ran without a disclaimer,≤100
60516116431,Člověk v tísni,These ads ran without a disclaimer,≤100
107285167377732,SOS Balkanroute,These ads ran without a disclaimer,≤100
100634062866612,Raus-aus.EU,These ads ran without a disclaimer,≤100
119283008140727,Pela Case,These ads ran without a disclaimer,≤100
117640348266286,Ballettseminare Stuttgart,These ads ran without a disclaimer,≤100
241817470603,"Martin Latulippe, CSp",These ads ran without a disclaimer,≤100
213000859039052,SANY Group,These ads ran without a disclaimer,≤100
122276294503722,Viessmann Sport,These ads ran without a disclaimer,≤100
103193692690093,Green Feed,These ads ran without a disclaimer,≤100
678094802296447,AHR Group,These ads ran without a disclaimer,≤100
113242780217751,VitoNautika,These ads ran without a disclaimer,≤100
181924628560212,Ekō,These ads ran without a disclaimer,≤100
132819526758532,Siemens Healthineers,These ads ran without a disclaimer,≤100
659357207524916,RideLink,These ads ran without a disclaimer,≤100
101782866045184,History Buff,These ads ran without a disclaimer,≤100
1917715138510680,Follow Your Legend,These ads ran without a disclaimer,≤100
111166248276745,Invisible Republic,These ads ran without a disclaimer,≤100
103558749124919,asiazensus,These ads ran without a disclaimer,≤100
608650595820049,The Conqueror Challenges,These ads ran without a disclaimer,≤100
193394557345243,Devex,These ads ran without a disclaimer,≤100
102537783146375,28. Jun,These ads ran without a disclaimer,≤100
110907030632192,YYH ART CLASS,These ads ran without a disclaimer,≤100
101236935303293,Trivia.com - Trivia,These ads ran without a disclaimer,≤100
146237848870691,Lukas Stern,These ads ran without a disclaimer,≤100
791628370904125,Iremmo - Institut de Recherche et d'Études Méditerranée Moyen-Orient,These ads ran without a disclaimer,≤100
362221810544347,Toll Collect,These ads ran without a disclaimer,≤100
393334177725531,Xavier Alerander,These ads ran without a disclaimer,≤100
145348432198036,Camfil,These ads ran without a disclaimer,≤100
742833952522752,goodbag,These ads ran without a disclaimer,≤100
281243478657153,Pollinis,These ads ran without a disclaimer,≤100