﻿Page ID,Page name,Disclaimer,Amount spent (CHF)
169510248558,Die Mitte - Le Centre,Die Mitte,357
600706570124933,Verkehrssanierungen JA,Komitee Verkehrssanierungen JA,355
600706570124933,Verkehrssanierungen JA,Verkehrssanierungen JA,279
109889895328694,Megastrassen 2 x NEIN,Komitee gegen Megastrassen,258
105527252338650,perspektiveschweiz.ch,IG Wirtschaftsverbände,108
154976914534194,Save the Children Schweiz/Suisse,Save the Children Schweiz,≤100
75338704887,Fondation Franz Weber,Fondation Franz Weber,≤100
1524859774444235,Koalition für Konzernverantwortung,Koalition für Konzernverantwortung,≤100
107552952619935,WWF Schweiz,WWF Schweiz,≤100
48980326364,Public Eye,Public Eye,≤100
142664095796912,GRÜNE Kanton Bern,GRÜNE Kanton Bern,≤100
169752569742293,Schweizerischer Gewerbeverband sgv,Schweizerischer Gewerbeverband sgv,≤100
102014399307738,Direkt,direkt,≤100
111081131629685,Blackout stoppen,Volksinitiative «Jederzeit Strom für alle (Blackout stoppen)»,≤100
101417574776507,Ja zur direkten Demokratie,New Swiss Journal,≤100
921336971288655,Nagra,Nagra,≤100
265786100439644,Grüne Freie Liste Stadt Bern,Grüne Freie Liste Bern,≤100
1613234358893730,Die Mitte Emmental,Die Mitte Emmental,≤100
103865108846573,FDP.Die Liberalen Herzogenbuchsee,FDP Herzogenbuchsee,≤100
1524954517562834,Prominis,Prominis GmbH,≤100
103369269163798,Mittendrin,Hanspeter Renggli,≤100
259871484198551,Thomas Matter,Thomas Matter,≤100
218538701651843,Union suisse des arts et métiers usam,Schweizerischer Gewerbeverband sgv,≤100
260591187302640,Parti socialiste genevois,Parti socialiste genevois,≤100
784812424962943,Tele Z,TELE Z,≤100
257497631736082,Gletscher-Initiative,Verein Klimaschutz Schweiz,≤100
102733401616452,Tanja Miljanović Grüne Freie Liste Stadt Bern,Tanja Miljanović,≤100
809697199378485,Sandra Cellarius,Sandra Alice Cellarius,≤100
200825306651250,Renato Pfeffer EVP,EVP Kanton Zürich,≤100
156218771073787,FDP Bezirk Dielsdorf,FDP Bezirk Dielsdorf,≤100
107494077464434,Janine Vannaz,Janine Vannaz,≤100
1092252917594218,Initiative pour les glaciers,Association suisse pour la protection du climat,≤100
192359074149124,Welt der Tiere,These ads ran without a disclaimer,≤100
103269145789541,Stop au blackout,Initiative populaire « De l’électricité pour tous en tout temps (Stop au blackout) »,≤100
100980232576650,Muriel Langenberger,Muriel Langenberger,≤100
1004669426211864,Parti socialiste Prilly,Parti socialiste de Prilly,≤100
1483343695307824,Campax,Campax,≤100
105890175750510,Luca Carbone  lucacarbone.ch,Luca Carbone,≤100
100732476262537,GLP Willisau,GLP Wahlkreis Willisau,≤100
510352742440847,Coalition pour des multinationales responsables,Coalition pour des multinationales responsables,≤100
742833952522752,goodbag,These ads ran without a disclaimer,≤100
1125155474201566,Mcg Carouge,Sandro Pistis,≤100
103190662706168,NON à la Loi sur la Chasse.,Rolf Hugo Hilfiker,≤100
1591122654531965,Bruno Tüscher - Grossrat/Gemeindeammann,Bruno Tüscher,≤100
106964611977537,Switlo,Switlo,≤100
364939817683277,Marco Hirzel Politik,Marco Hirzel Politik,≤100
102014399307738,Direkt,These ads ran without a disclaimer,≤100
100267076206781,Ensemble à Gauche solidaritéS-Parti du Travail-DAL,Ensemble à Gauche,≤100
608650595820049,The Conqueror Challenges,These ads ran without a disclaimer,≤100
122849551077569,Democrats Abroad Switzerland,Democrats Abroad,≤100
103558749124919,asiazensus,These ads ran without a disclaimer,≤100
181924628560212,Ekō,These ads ran without a disclaimer,≤100
116799584656329,Wie goht das - Podcast,Jonas Ineichen,≤100
190133177759419,Giuseppe Cotti,Giuseppe Cotti,≤100
100116156110843,Stop al blackout,Iniziativa popolare «Energia elettrica in ogni tempo per tutti (Stop al blackout)»,≤100
269029886456205,Giorgio Fonio,Giorgio Fonio,≤100
112721155442387,wehorse,These ads ran without a disclaimer,≤100
251838211585945,SP Basel-Stadt,SP Basel-Stadt,≤100
104265952574760,EVP Kreuzlingen,Adrian Robin Ziörjen,≤100
100360518736993,Jungfreisinnige Obwalden,Jungfreisinnige Obwalden,≤100
117275531631620,Le Centre Fribourg-Ville / Die Mitte Stadt Freiburg,Le Centre Fribourg-Ville / Die Mitte Stadt Freiburg,≤100
105188432853984,Tribune de Genève,These ads ran without a disclaimer,≤100
108378128823204,Veteran Aid Ukraine,These ads ran without a disclaimer,≤100
471258816239362,Junge SVP Luzern,Junge SVP Luzern,≤100
110902058583859,WAVE for a better future,These ads ran without a disclaimer,≤100
10150100771335484,24 heures,These ads ran without a disclaimer,≤100
183866648316813,Medical Tribune Deutschland,These ads ran without a disclaimer,≤100
110501967920349,daimlalaofficial,These ads ran without a disclaimer,≤100
103256206005473,avanti_ticino,These ads ran without a disclaimer,≤100
101229465433881,ENTR de,These ads ran without a disclaimer,≤100
113242780217751,VitoNautika,These ads ran without a disclaimer,≤100
659357207524916,RideLink,These ads ran without a disclaimer,≤100
101304435646725,Элитная недвижимость в Москве,These ads ran without a disclaimer,≤100
202203869853350,Lago di Garda Camping,These ads ran without a disclaimer,≤100
362221810544347,Toll Collect,These ads ran without a disclaimer,≤100
107285167377732,SOS Balkanroute,These ads ran without a disclaimer,≤100
114480404891913,Baltic Pipe,These ads ran without a disclaimer,≤100
1917715138510680,Follow Your Legend,These ads ran without a disclaimer,≤100
146237848870691,Lukas Stern,These ads ran without a disclaimer,≤100
100166741553596,SahmGlas,These ads ran without a disclaimer,≤100
101805679198734,Just For You,These ads ran without a disclaimer,≤100
122276294503722,Viessmann Sport,These ads ran without a disclaimer,≤100
132819526758532,Siemens Healthineers,These ads ran without a disclaimer,≤100
266790296879,Bloomberg,These ads ran without a disclaimer,≤100
234595793691230,Én Verlag,These ads ran without a disclaimer,≤100
119283008140727,Pela Case,These ads ran without a disclaimer,≤100
111166248276745,Invisible Republic,These ads ran without a disclaimer,≤100
110907030632192,YYH ART CLASS,These ads ran without a disclaimer,≤100
763722197034246,En Développement,These ads ran without a disclaimer,≤100
107866105920840,"Ingrid Auer - Spirituelle Symbole, Essenzen und  Botschaften",These ads ran without a disclaimer,≤100
393334177725531,Xavier Alerander,These ads ran without a disclaimer,≤100
281243478657153,Pollinis,These ads ran without a disclaimer,≤100
117640348266286,Ballettseminare Stuttgart,These ads ran without a disclaimer,≤100
10750083165,The Africa Report,These ads ran without a disclaimer,≤100
134571176638205,One Tree Planted,These ads ran without a disclaimer,≤100
1690833901196564,Industry of Things,These ads ran without a disclaimer,≤100
60516116431,Člověk v tísni,These ads ran without a disclaimer,≤100
145348432198036,Camfil,These ads ran without a disclaimer,≤100
140010018214626,Moneymade Lifestyle,These ads ran without a disclaimer,≤100