﻿Page ID,Page name,Disclaimer,Amount spent (CHF)
305699609616768,Verdi Liberali Ticino,verdi liberali Ticino,146
463645587339110,Piero Marchesi,Piero Marchesi,≤100
269029886456205,Giorgio Fonio,Giorgio Fonio,≤100
364939817683277,Marco Hirzel Politik,Marco Hirzel Politik,≤100
463645587339110,Piero Marchesi,UDC Ticino,≤100
169510248558,Die Mitte - Le Centre,Die Mitte,≤100
169752569742293,Schweizerischer Gewerbeverband sgv,Schweizerischer Gewerbeverband sgv,≤100
260591187302640,Parti socialiste genevois,Parti socialiste genevois,≤100
105890175750510,Luca Carbone  lucacarbone.ch,Luca Carbone,≤100
102269201722239,TV Riviera 24,Tv Riviera 24,≤100
111081131629685,Blackout stoppen,Volksinitiative «Jederzeit Strom für alle (Blackout stoppen)»,≤100
190133177759419,Giuseppe Cotti,Giuseppe Cotti,≤100
111539168454051,Avanti,Avanti,≤100
200825306651250,Renato Pfeffer EVP,EVP Kanton Zürich,≤100
864604443735247,SVP Bezirk Dietikon,SVP Bezirk Dietikon,≤100
259871484198551,Thomas Matter,Thomas Matter,≤100
921336971288655,Nagra,Nagra,≤100
60588234229,Gioventù Comunista Svizzera,Gioventù Comunista Svizzera,≤100
112625851413162,Roman Schmid,Roman Schmid,≤100
107552952619935,WWF Schweiz,These ads ran without a disclaimer,≤100
257497631736082,Gletscher-Initiative,Verein Klimaschutz Schweiz,≤100
100116156110843,Stop al blackout,Iniziativa popolare «Energia elettrica in ogni tempo per tutti (Stop al blackout)»,≤100
48980326364,Public Eye,Public Eye,≤100
100980232576650,Muriel Langenberger,Muriel Langenberger,≤100
353969997649,Partito Comunista - Svizzera,Partito Comunista,≤100
1483343695307824,Campax,Campax,≤100
1439209716323593,UDC Ticino,UDC Ticino,≤100
1636440209972703,Alberto Togni,Alberto Togni,≤100
107552952619935,WWF Schweiz,WWF Schweiz,≤100
1700824713324064,SP Zürich 10,SP Zürich 10,≤100
101122865395791,Matteo Buzzi,Matteo Buzzi,≤100
1125155474201566,Mcg Carouge,Sandro Pistis,≤100
109460255774283,"Soi Dog Foundation Schweiz, Deutschland, Österreich",These ads ran without a disclaimer,≤100
107494077464434,Janine Vannaz,Janine Vannaz,≤100
103269145789541,Stop au blackout,Initiative populaire « De l’électricité pour tous en tout temps (Stop au blackout) »,≤100
102014399307738,Direkt,direkt,≤100
1092252917594218,Initiative pour les glaciers,Association suisse pour la protection du climat,≤100
1524954517562834,Prominis,Prominis GmbH,≤100
2034886056799460,Raphael Tobler,Raphael Tobler,≤100
345771805611954,ADROIT,These ads ran without a disclaimer,≤100
100381452863244,Libertés et Justice sociale,Libertés et Justice sociale,≤100
100267076206781,Ensemble à Gauche solidaritéS-Parti du Travail-DAL,Ensemble à Gauche,≤100
125466200895962,Valentin Landmann,Sven Kunz,≤100
102944432128377,Der Pragmaticus,These ads ran without a disclaimer,≤100
103940168020269,terracare_leather,These ads ran without a disclaimer,≤100
231086633606227,SVP Baselland,SVP Baselland,≤100
1587949341492441,Claudio Zihlmann,Claudio Zihlmann,≤100
252652524823017,EVP Kanton Zürich,EVP Kanton Zürich,≤100
813362708790951,UBP - Union Bancaire Privée,These ads ran without a disclaimer,≤100
109213507316253,SP Zürich 11,SP Zürich,≤100
106691785461809,Meu Raio De Sol Geny Silva,These ads ran without a disclaimer,≤100
100369729335133,"Peter Grünenfelder, Regierungsratskandidat Zürich",Peter Grünenfelder c/o FDP Kanton Zürich,≤100
1599925810096142,Kreis 6/10 mit glp in die Zukunft,Grünliberale Kreis 6 und 10,≤100
104590425802557,Новости Дня,These ads ran without a disclaimer,≤100
627220684023668,GRÜNE Zürich,Grüne Kanton Zürich,≤100
136341053227140,EVP Winterthur,EVP Kanton Zürich,≤100
285831198097799,Kloster Mariazell Wurmsbach,These ads ran without a disclaimer,≤100
131136176944674,FDP.Die Liberalen Bezirk Pfäffikon,FDP.Die Liberalen Bezirk Pfäffikon,≤100
113189798267288,Karl Heinz Meyer Wahlkampf 2023,Karl Heinz Meyer,≤100
1476717905682561,SP Zürich 6,SP Zürich 6,≤100
103440272521713,Sarah Fuchs in den Kantonsrat,Sarah Fuchs,≤100
402052193189194,Siemens,These ads ran without a disclaimer,≤100
608260099589519,Dominic Täubert,EVP Kanton Zürich,≤100
117027101705789,FDP Stadt Zürich,FDP Stadt Zürich,≤100
388815591176119,SP Zürich 9,SP Zürich,≤100
105257442419923,Die Mitte Bezirk Bülach,Die Mitte Bezirk Bülach,≤100
116663695061094,SP Bezirk Meilen,SP Bezirk Meilen,≤100
10150100771335484,24 heures,These ads ran without a disclaimer,≤100
112524957892586,the.cartographist,These ads ran without a disclaimer,≤100
104265952574760,EVP Kreuzlingen,Adrian Robin Ziörjen,≤100
389006641956517,Natalie Imboden,These ads ran without a disclaimer,≤100
106964611977537,Switlo,Switlo,≤100
100211985747396,Klimaform,These ads ran without a disclaimer,≤100
544839015887197,OCHSNER Wärmepumpen GmbH,These ads ran without a disclaimer,≤100
551520988521720,BicoccAlumni,These ads ran without a disclaimer,≤100
585612111577960,AUTOMATICA,These ads ran without a disclaimer,≤100
112274361383738,Agonisten,These ads ran without a disclaimer,≤100
474330529388223,Sigr,These ads ran without a disclaimer,≤100
105387371911956,E. Vigolungo Plywood,These ads ran without a disclaimer,≤100
517231405008910,Global Landscapes Forum,These ads ran without a disclaimer,≤100
111361091313,NICABM,These ads ran without a disclaimer,≤100
763722197034246,En Développement,These ads ran without a disclaimer,≤100
811970368904497,Collection &H,These ads ran without a disclaimer,≤100
279656027220373,Macron Football,These ads ran without a disclaimer,≤100
112744108786424,hansgrohe,These ads ran without a disclaimer,≤100
117640348266286,Ballettseminare Stuttgart,These ads ran without a disclaimer,≤100
345531267911,Kölner Journalistenschule,These ads ran without a disclaimer,≤100
100488762759295,FOA_Invest,These ads ran without a disclaimer,≤100
130124167823452,Cosmea - Unbeschwerte Tage für Körper & Umwelt,These ads ran without a disclaimer,≤100