﻿Page ID,Page name,Disclaimer,Amount spent (CHF)
154212901272905,FDP.Die Liberalen Baselland,FDP.Die Liberalen Baselland,210
169510248558,Die Mitte - Le Centre,Die Mitte,105
364939817683277,Marco Hirzel Politik,Marco Hirzel Politik,≤100
154976914534194,Save the Children Schweiz/Suisse,Save the Children Schweiz,≤100
600706570124933,Verkehrssanierungen JA,Verkehrssanierungen JA,≤100
111081131629685,Blackout stoppen,Volksinitiative «Jederzeit Strom für alle (Blackout stoppen)»,≤100
1524859774444235,Koalition für Konzernverantwortung,Koalition für Konzernverantwortung,≤100
107552952619935,WWF Schweiz,These ads ran without a disclaimer,≤100
169752569742293,Schweizerischer Gewerbeverband sgv,Schweizerischer Gewerbeverband sgv,≤100
206831926864378,SVP Gelterkinden und Umgebung,SVP Gelterkinden und Umgebung,≤100
102014399307738,Direkt,direkt,≤100
260591187302640,Parti socialiste genevois,Parti socialiste genevois,≤100
106964611977537,Switlo,Switlo,≤100
1524954517562834,Prominis,Prominis GmbH,≤100
156218771073787,FDP Bezirk Dielsdorf,FDP Bezirk Dielsdorf,≤100
48980326364,Public Eye,Public Eye,≤100
259871484198551,Thomas Matter,Thomas Matter,≤100
105077090852878,Lucio Sansano,Lucio Carmelo Sansano,≤100
1396526693960299,Junge SVP Baselland,Junge SVP Baselland,≤100
231086633606227,SVP Baselland,SVP Baselland,≤100
981540548583751,W&K Gesellschaft für Industrietechnik,These ads ran without a disclaimer,≤100
107552952619935,WWF Schweiz,WWF Schweiz,≤100
212175019347952,SVP Horgen,SVP Horgen,≤100
257497631736082,Gletscher-Initiative,Verein Klimaschutz Schweiz,≤100
200825306651250,Renato Pfeffer EVP,EVP Kanton Zürich,≤100
102531252603779,Stephan Jung,Stephan Jung,≤100
921336971288655,Nagra,Nagra,≤100
101417574776507,Ja zur direkten Demokratie,New Swiss Journal,≤100
864604443735247,SVP Bezirk Dietikon,SVP Bezirk Dietikon,≤100
125466200895962,Valentin Landmann,Sven Kunz,≤100
1700824713324064,SP Zürich 10,SP Zürich 10,≤100
170262515730,FDP.Die Liberalen Arlesheim,FDP.Die Liberalen Arlesheim,≤100
109460255774283,"Soi Dog Foundation Schweiz, Deutschland, Österreich",These ads ran without a disclaimer,≤100
103865108846573,FDP.Die Liberalen Herzogenbuchsee,FDP Herzogenbuchsee,≤100
187828241245131,Grüne Baselland,Grüne Baselland,≤100
218538701651843,Union suisse des arts et métiers usam,Schweizerischer Gewerbeverband sgv,≤100
113273198762176,FDP.Die Liberalen Pratteln,FDP.Die Liberalen Pratteln,≤100
102691421255810,PlanBasel,PlanBasel,≤100
112625851413162,Roman Schmid,Roman Schmid,≤100
100980232576650,Muriel Langenberger,Muriel Langenberger,≤100
114584561517154,Komitee für ein JA zum Basler Steuerpaket,Komitee JA! zum Basler Steuerpaket,≤100
1483343695307824,Campax,Campax,≤100
107494077464434,Janine Vannaz,Janine Vannaz,≤100
111516028427691,Die Mitte Oberes Baselbiet,Die Mitte Oberes Baselbiet,≤100
100240749524401,Deborah Scharpf,Deborah Luzia Maryse Scharpf,≤100
103269145789541,Stop au blackout,Initiative populaire « De l’électricité pour tous en tout temps (Stop au blackout) »,≤100
533196430187039,KMU- und Gewerbeverband Kanton Zürich,KMU- und Gewerbeverband Kanton Zürich KGV,≤100
105262295297064,FDP.Die Liberalen Nürensdorf,FDP.Die Liberalen Nürensdorf,≤100
102578282597131,Kamylla Lisi-Brandino,Kamylla J. Lisi-Brandino,≤100
261452338060969,Domenik Lädi Ledergerber,Überparteiliches Unterstützungskomitee Domenik Ledergerber,≤100
345771805611954,ADROIT,These ads ran without a disclaimer,≤100
269029886456205,Giorgio Fonio,Giorgio Fonio,≤100
230522120377463,FDP Allschwil-Schönenbuch,FDP Allschwil-Schönenbuch,≤100
1092252917594218,Initiative pour les glaciers,Association suisse pour la protection du climat,≤100
329092184156849,Die Mitte Adliswil,Die Mitte Adliswil,≤100
1125155474201566,Mcg Carouge,Sandro Pistis,≤100
2034886056799460,Raphael Tobler,Raphael Tobler,≤100
175849189128043,"Andreas Seiler, FDP, Einwohnerrat Pratteln",Andreas Stefan Seiler,≤100
100211985747396,Klimaform,These ads ran without a disclaimer,≤100
305699609616768,Verdi Liberali Ticino,verdi liberali Ticino,≤100
809697199378485,Sandra Cellarius,Sandra Alice Cellarius,≤100
402052193189194,Siemens,These ads ran without a disclaimer,≤100
252652524823017,EVP Kanton Zürich,EVP Kanton Zürich,≤100
104942962435489,Sarah Regez,Sarah Regez,≤100
1587949341492441,Claudio Zihlmann,Claudio Zihlmann,≤100
190133177759419,Giuseppe Cotti,Giuseppe Cotti,≤100
627220684023668,GRÜNE Zürich,Grüne Kanton Zürich,≤100
100267076206781,Ensemble à Gauche solidaritéS-Parti du Travail-DAL,Ensemble à Gauche,≤100
2525584750795209,Nina Fehr Düsel,Nina Fehr Düsel,≤100
100369729335133,"Peter Grünenfelder, Regierungsratskandidat Zürich",Peter Grünenfelder c/o FDP Kanton Zürich,≤100
170449246402589,Grünliberale Stadt Zürich,Grünliberale Partei Stadt Zürich,≤100
104590425802557,Новости Дня,These ads ran without a disclaimer,≤100
142664095796912,GRÜNE Kanton Bern,GRÜNE Kanton Bern,≤100
1613234358893730,Die Mitte Emmental,These ads ran without a disclaimer,≤100
112125218380969,holgergurtner,These ads ran without a disclaimer,≤100
100732476262537,GLP Willisau,GLP Wahlkreis Willisau,≤100
285831198097799,Kloster Mariazell Wurmsbach,These ads ran without a disclaimer,≤100
131136176944674,FDP.Die Liberalen Bezirk Pfäffikon,FDP.Die Liberalen Bezirk Pfäffikon,≤100
813362708790951,UBP - Union Bancaire Privée,These ads ran without a disclaimer,≤100
100381452863244,Libertés et Justice sociale,Libertés et Justice sociale,≤100
608260099589519,Dominic Täubert,EVP Kanton Zürich,≤100
109213507316253,SP Zürich 11,SP Zürich,≤100
1225312564279075,Karin Fehr Thoma,Karin Fehr Thoma,≤100
1903129656584980,SP Uster,SP Uster,≤100
469738339721305,SP Zürich 3,Sozialdemokratische Partei Zürich 3,≤100
100832601433972,UDC Section Ville de Genève,These ads ran without a disclaimer,≤100
112744108786424,hansgrohe,These ads ran without a disclaimer,≤100
102944432128377,Der Pragmaticus,These ads ran without a disclaimer,≤100
103940168020269,terracare_leather,These ads ran without a disclaimer,≤100
345531267911,Kölner Journalistenschule,These ads ran without a disclaimer,≤100
116033721373210,Secret007,These ads ran without a disclaimer,≤100
544839015887197,OCHSNER Wärmepumpen GmbH,These ads ran without a disclaimer,≤100
111260891566401,musaidpb,These ads ran without a disclaimer,≤100
100696642943720,Daily Green,These ads ran without a disclaimer,≤100
139666286225597,Euranet Plus - Official,These ads ran without a disclaimer,≤100
102336322786355,Polska Prawda,These ads ran without a disclaimer,≤100
101727068829380,Контекст Европа,These ads ran without a disclaimer,≤100
474330529388223,Sigr,These ads ran without a disclaimer,≤100
585416874822974,Blowhammer,These ads ran without a disclaimer,≤100
124924180944506,IHED-Islamischer Humanitärer Entwicklungsdienst,These ads ran without a disclaimer,≤100
130124167823452,Cosmea - Unbeschwerte Tage für Körper & Umwelt,These ads ran without a disclaimer,≤100
111361091313,NICABM,These ads ran without a disclaimer,≤100
272391440246842,Radu Dalas,These ads ran without a disclaimer,≤100
117134184622690,Polska Prawda,These ads ran without a disclaimer,≤100
99208765016,kununu,These ads ran without a disclaimer,≤100
117640348266286,Ballettseminare Stuttgart,These ads ran without a disclaimer,≤100