﻿Page ID,Page name,Disclaimer,Amount spent (CHF)
169510248558,Die Mitte - Le Centre,Die Mitte,≤100
364939817683277,Marco Hirzel Politik,Marco Hirzel Politik,≤100
154976914534194,Save the Children Schweiz/Suisse,Save the Children Schweiz,≤100
111081131629685,Blackout stoppen,Volksinitiative «Jederzeit Strom für alle (Blackout stoppen)»,≤100
169752569742293,Schweizerischer Gewerbeverband sgv,Schweizerischer Gewerbeverband sgv,≤100
260591187302640,Parti socialiste genevois,Parti socialiste genevois,≤100
125466200895962,Valentin Landmann,Sven Kunz,≤100
106964611977537,Switlo,Switlo,≤100
102014399307738,Direkt,direkt,≤100
1524954517562834,Prominis,Prominis GmbH,≤100
48980326364,Public Eye,Public Eye,≤100
107552952619935,WWF Schweiz,These ads ran without a disclaimer,≤100
259871484198551,Thomas Matter,Thomas Matter,≤100
100213996124067,Grünliberale Sektion Emmen-Hochdorf,Grünliberale Sektion Emmen-Hochdorf,≤100
921336971288655,Nagra,Nagra,≤100
212175019347952,SVP Horgen,SVP Horgen,≤100
261452338060969,Domenik Lädi Ledergerber,Überparteiliches Unterstützungskomitee Domenik Ledergerber,≤100
200825306651250,Renato Pfeffer EVP,EVP Kanton Zürich,≤100
105858378539790,FDP Wädenswil,FDP Wädenswil,≤100
981540548583751,W&K Gesellschaft für Industrietechnik,These ads ran without a disclaimer,≤100
600706570124933,Verkehrssanierungen JA,Verkehrssanierungen JA,≤100
1700824713324064,SP Zürich 10,SP Zürich 10,≤100
257497631736082,Gletscher-Initiative,Verein Klimaschutz Schweiz,≤100
156218771073787,FDP Bezirk Dielsdorf,FDP Bezirk Dielsdorf,≤100
107552952619935,WWF Schweiz,WWF Schweiz,≤100
109460255774283,"Soi Dog Foundation Schweiz, Deutschland, Österreich",These ads ran without a disclaimer,≤100
445013152316995,Die Mitte Kriens,Die Mitte Kriens,≤100
101417574776507,Ja zur direkten Demokratie,New Swiss Journal,≤100
264952450282664,JUSO Luzern,JUSO Luzern,≤100
252652524823017,EVP Kanton Zürich,EVP Kanton Zürich,≤100
107494077464434,Janine Vannaz,Janine Vannaz,≤100
103269145789541,Stop au blackout,Initiative populaire « De l’électricité pour tous en tout temps (Stop au blackout) »,≤100
100980232576650,Muriel Langenberger,Muriel Langenberger,≤100
269029886456205,Giorgio Fonio,Giorgio Fonio,≤100
112625851413162,Roman Schmid,Roman Schmid,≤100
329092184156849,Die Mitte Adliswil,Die Mitte Adliswil,≤100
100211985747396,Klimaform,These ads ran without a disclaimer,≤100
102578282597131,Kamylla Lisi-Brandino,Kamylla J. Lisi-Brandino,≤100
864604443735247,SVP Bezirk Dietikon,SVP Bezirk Dietikon,≤100
1483343695307824,Campax,Campax,≤100
103440272521713,Sarah Fuchs in den Kantonsrat,Sarah Fuchs,≤100
1587949341492441,Claudio Zihlmann,Claudio Zihlmann,≤100
101120115685831,SVP Stäfa,SVP Stäfa,≤100
2525584750795209,Nina Fehr Düsel,Nina Fehr Düsel,≤100
190133177759419,Giuseppe Cotti,Giuseppe Cotti,≤100
285821738704789,Nathalie Aeschbacher,Nathalie Anna Aeschbacher,≤100
100267076206781,Ensemble à Gauche solidaritéS-Parti du Travail-DAL,Ensemble à Gauche,≤100
608260099589519,Dominic Täubert,EVP Kanton Zürich,≤100
2034886056799460,Raphael Tobler,Raphael Tobler,≤100
119245155521044,Ylli Doko - Politiker - FDP Die.Liberalen,Ylli Doko,≤100
105257442419923,Die Mitte Bezirk Bülach,Die Mitte Bezirk Bülach,≤100
1125155474201566,Mcg Carouge,Sandro Pistis,≤100
131136176944674,FDP.Die Liberalen Bezirk Pfäffikon,FDP.Die Liberalen Bezirk Pfäffikon,≤100
1464834243816568,Reise-ArchitekTour,These ads ran without a disclaimer,≤100
474330529388223,Sigr,These ads ran without a disclaimer,≤100
402052193189194,Siemens,These ads ran without a disclaimer,≤100
763722197034246,En Développement,These ads ran without a disclaimer,≤100
102944432128377,Der Pragmaticus,These ads ran without a disclaimer,≤100
112274361383738,Agonisten,These ads ran without a disclaimer,≤100
130124167823452,Cosmea - Unbeschwerte Tage für Körper & Umwelt,These ads ran without a disclaimer,≤100
103940168020269,terracare_leather,These ads ran without a disclaimer,≤100
107236885595260,Simple secret,These ads ran without a disclaimer,≤100