﻿Page ID,Page name,Disclaimer,Amount spent (CHF)
533196430187039,KMU- und Gewerbeverband Kanton Zürich,KMU- und Gewerbeverband Kanton Zürich KGV,124
106563052005929,SVP Kreuzlingen,SVP Kreuzlingen,≤100
169510248558,Die Mitte - Le Centre,Die Mitte,≤100
488909884546537,GLP Winterthur Land,GLP Winterthur Land,≤100
364939817683277,Marco Hirzel Politik,Marco Hirzel Politik,≤100
104265952574760,EVP Kreuzlingen,Adrian Robin Ziörjen,≤100
191136321464981,Die Mitte Stadt Winterthur,Die Mitte Stadt Winterthur,≤100
106105549469184,Der ROTE Stuhl,SP Weinfelden,≤100
154976914534194,Save the Children Schweiz/Suisse,Save the Children Schweiz,≤100
231320586878427,Hauseigentümerverband (HEV) Region Winterthur,Hauseigentümerverband Region Winterthur,≤100
107515328348195,Michael Uebersax,Michael Stefan Uebersax,≤100
111081131629685,Blackout stoppen,Volksinitiative «Jederzeit Strom für alle (Blackout stoppen)»,≤100
156218771073787,FDP Bezirk Dielsdorf,FDP Bezirk Dielsdorf,≤100
110018348077504,Stefan Klauer,Stefan Klauer,≤100
196056317938049,Roger Martin - Stadtpräsident Romanshorn,Roger Martin,≤100
105858378539790,FDP Wädenswil,FDP Wädenswil,≤100
1524954517562834,Prominis,Prominis GmbH,≤100
416870065122171,Jungfreisinnige Winterthur,Jungfreisinnige Winterthur,≤100
212175019347952,SVP Horgen,SVP Horgen,≤100
82752099000,Alternative Liste ZH,Alternative Liste Zürich,≤100
169752569742293,Schweizerischer Gewerbeverband sgv,Schweizerischer Gewerbeverband sgv,≤100
102014399307738,Direkt,direkt,≤100
650175488441328,Martin Farner,Farners GmbH,≤100
107717738487757,Viviane Kägi GLP,Viviane Kägi,≤100
107552952619935,WWF Schweiz,These ads ran without a disclaimer,≤100
48980326364,Public Eye,Public Eye,≤100
106964611977537,Switlo,Switlo,≤100
259871484198551,Thomas Matter,Thomas Matter,≤100
260591187302640,Parti socialiste genevois,Parti socialiste genevois,≤100
102578282597131,Kamylla Lisi-Brandino,Kamylla J. Lisi-Brandino,≤100
100240749524401,Deborah Scharpf,Deborah Luzia Maryse Scharpf,≤100
105262295297064,FDP.Die Liberalen Nürensdorf,FDP.Die Liberalen Nürensdorf,≤100
252652524823017,EVP Kanton Zürich,EVP Kanton Zürich,≤100
107552952619935,WWF Schweiz,WWF Schweiz,≤100
109742838576665,Sandro Gerber - FDP.Die Liberalen - Kantonsratskandidat ZH 2023,sandrogerber,≤100
200825306651250,Renato Pfeffer EVP,EVP Kanton Zürich,≤100
2034886056799460,Raphael Tobler,Raphael Tobler,≤100
347162492139048,SP Töss,Matthias Jakob Ernst Erzinger,≤100
109460255774283,"Soi Dog Foundation Schweiz, Deutschland, Österreich",These ads ran without a disclaimer,≤100
1700824713324064,SP Zürich 10,SP Zürich 10,≤100
257497631736082,Gletscher-Initiative,Verein Klimaschutz Schweiz,≤100
921336971288655,Nagra,Nagra,≤100
864604443735247,SVP Bezirk Dietikon,SVP Bezirk Dietikon,≤100
2525584750795209,Nina Fehr Düsel,Nina Fehr Düsel,≤100
125466200895962,Valentin Landmann,Sven Kunz,≤100
707321076049640,Monika Keller,Monika Keller,≤100
155659847849677,Martin Huber in den Kantonsrat,Martin Huber in den Kantonsrat,≤100
107494077464434,Janine Vannaz,Janine Vannaz,≤100
261452338060969,Domenik Lädi Ledergerber,Überparteiliches Unterstützungskomitee Domenik Ledergerber,≤100
348751641846632,JUSO Zürich Oberland,JUSO Zürcher Oberland,≤100
131136176944674,FDP.Die Liberalen Bezirk Pfäffikon,FDP.Die Liberalen Bezirk Pfäffikon,≤100
1903129656584980,SP Uster,SP Uster,≤100
101120115685831,SVP Stäfa,SVP Stäfa,≤100
192244290829565,Anita Borer,Anita Borer,≤100
112625851413162,Roman Schmid,Roman Schmid,≤100
182090205138056,jung & aktiv,These ads ran without a disclaimer,≤100
100980232576650,Muriel Langenberger,Muriel Langenberger,≤100
108392832120312,Perspektive Zürich,Perspektive Zürich,≤100
100369729335133,"Peter Grünenfelder, Regierungsratskandidat Zürich",Peter Grünenfelder c/o FDP Kanton Zürich,≤100
269029886456205,Giorgio Fonio,Giorgio Fonio,≤100
1599925810096142,Kreis 6/10 mit glp in die Zukunft,Grünliberale Kreis 6 und 10,≤100
1483343695307824,Campax,Campax,≤100
329092184156849,Die Mitte Adliswil,Die Mitte Adliswil,≤100
108692711660498,Urs Wegmann,Urs Wegmann,≤100
117741198303856,FDP Kanton Zürich,FDP Kanton Zürich,≤100
100489412910247,Nora Ernst - GLP,Nora Ernst - GLP,≤100
402052193189194,Siemens,These ads ran without a disclaimer,≤100
1587949341492441,Claudio Zihlmann,Claudio Zihlmann,≤100
231086633606227,SVP Baselland,SVP Baselland,≤100
1125155474201566,Mcg Carouge,Sandro Pistis,≤100
103269145789541,Stop au blackout,Initiative populaire « De l’électricité pour tous en tout temps (Stop au blackout) »,≤100
103571105961903,Marc-André Beck,Marc-André Beck,≤100
136341053227140,EVP Winterthur,EVP Kanton Zürich,≤100
100211985747396,Klimaform,These ads ran without a disclaimer,≤100
206817592664659,Junge Grünliberale Zürich - jglp ZH,Junge Grünliberale Zürich - jglp ZH,≤100
281675942494661,SVP Bezirk Pfäffikon ZH,SVP Bezirk Pfäffikon ZH,≤100
705478906236710,FDP.Die Liberalen Bezirk Uster,FDP.Die Liberalen Bezirk Uster,≤100
100116156110843,Stop al blackout,Iniziativa popolare «Energia elettrica in ogni tempo per tutti (Stop al blackout)»,≤100
103440272521713,Sarah Fuchs in den Kantonsrat,Sarah Fuchs,≤100
103850865786634,Grünliberale Bezirk Hinwil,Grünliberale Bezirk Hinwil,≤100
105257442419923,Die Mitte Bezirk Bülach,Die Mitte Bezirk Bülach,≤100
627220684023668,GRÜNE Zürich,Grüne Kanton Zürich,≤100
113201865012168,Claudia Bodmer-Furrer,Claudia Bodmer-Furrer,≤100
1092252917594218,Initiative pour les glaciers,Association suisse pour la protection du climat,≤100
113189798267288,Karl Heinz Meyer Wahlkampf 2023,Karl Heinz Meyer,≤100
109213507316253,SP Zürich 11,SP Zürich,≤100
190133177759419,Giuseppe Cotti,Giuseppe Cotti,≤100
305699609616768,Verdi Liberali Ticino,verdi liberali Ticino,≤100
170449246402589,Grünliberale Stadt Zürich,Grünliberale Partei Stadt Zürich,≤100
112125218380969,holgergurtner,These ads ran without a disclaimer,≤100
474330529388223,Sigr,These ads ran without a disclaimer,≤100
1464661227009326,SVP Bezirk Uster,SVP Bezirk Uster,≤100
104068392569671,Nein zum Stadtparlament Rapperswil-Jona,"Komitee «NEIN zur neuen Gemeindeordnung, NEIN zum Stadtparlament»",≤100
285831198097799,Kloster Mariazell Wurmsbach,These ads ran without a disclaimer,≤100
610098352377102,Christian Pfaller,Komitee Christian Pfaller,≤100
185561295623272,Move To Help Foundation,These ads ran without a disclaimer,≤100
100488762759295,FOA_Invest,These ads ran without a disclaimer,≤100
102336322786355,Polska Prawda,These ads ran without a disclaimer,≤100
345531267911,Kölner Journalistenschule,These ads ran without a disclaimer,≤100
104590425802557,Новости Дня,These ads ran without a disclaimer,≤100
102944432128377,Der Pragmaticus,These ads ran without a disclaimer,≤100
114896518181452,Polska Prawda,These ads ran without a disclaimer,≤100
585416874822974,Blowhammer,These ads ran without a disclaimer,≤100
124924180944506,IHED-Islamischer Humanitärer Entwicklungsdienst,These ads ran without a disclaimer,≤100
103940168020269,terracare_leather,These ads ran without a disclaimer,≤100
117640348266286,Ballettseminare Stuttgart,These ads ran without a disclaimer,≤100
99208765016,kununu,These ads ran without a disclaimer,≤100
112744108786424,hansgrohe,These ads ran without a disclaimer,≤100
544839015887197,OCHSNER Wärmepumpen GmbH,These ads ran without a disclaimer,≤100
272391440246842,Radu Dalas,These ads ran without a disclaimer,≤100
111260891566401,musaidpb,These ads ran without a disclaimer,≤100
981540548583751,W&K Gesellschaft für Industrietechnik,These ads ran without a disclaimer,≤100