﻿Page ID,Page name,Disclaimer,Amount spent (CHF)
107552952619935,WWF Schweiz,WWF Schweiz,≤100
169510248558,Die Mitte - Le Centre,Die Mitte,≤100
364939817683277,Marco Hirzel Politik,Marco Hirzel Politik,≤100
154976914534194,Save the Children Schweiz/Suisse,Save the Children Schweiz,≤100
105858378539790,FDP Wädenswil,FDP Wädenswil,≤100
107552952619935,WWF Schweiz,These ads ran without a disclaimer,≤100
111081131629685,Blackout stoppen,Volksinitiative «Jederzeit Strom für alle (Blackout stoppen)»,≤100
212175019347952,SVP Horgen,SVP Horgen,≤100
1524954517562834,Prominis,Prominis GmbH,≤100
169752569742293,Schweizerischer Gewerbeverband sgv,Schweizerischer Gewerbeverband sgv,≤100
260591187302640,Parti socialiste genevois,Parti socialiste genevois,≤100
102014399307738,Direkt,direkt,≤100
106964611977537,Switlo,Switlo,≤100
48980326364,Public Eye,Public Eye,≤100
261452338060969,Domenik Lädi Ledergerber,Überparteiliches Unterstützungskomitee Domenik Ledergerber,≤100
259871484198551,Thomas Matter,Thomas Matter,≤100
125466200895962,Valentin Landmann,Sven Kunz,≤100
102578282597131,Kamylla Lisi-Brandino,Kamylla J. Lisi-Brandino,≤100
156218771073787,FDP Bezirk Dielsdorf,FDP Bezirk Dielsdorf,≤100
200825306651250,Renato Pfeffer EVP,EVP Kanton Zürich,≤100
921336971288655,Nagra,Nagra,≤100
257497631736082,Gletscher-Initiative,Verein Klimaschutz Schweiz,≤100
109460255774283,"Soi Dog Foundation Schweiz, Deutschland, Österreich",These ads ran without a disclaimer,≤100
1700824713324064,SP Zürich 10,SP Zürich 10,≤100
2525584750795209,Nina Fehr Düsel,Nina Fehr Düsel,≤100
101120115685831,SVP Stäfa,SVP Stäfa,≤100
100980232576650,Muriel Langenberger,Muriel Langenberger,≤100
269029886456205,Giorgio Fonio,Giorgio Fonio,≤100
2034886056799460,Raphael Tobler,Raphael Tobler,≤100
864604443735247,SVP Bezirk Dietikon,SVP Bezirk Dietikon,≤100
112625851413162,Roman Schmid,Roman Schmid,≤100
231086633606227,SVP Baselland,SVP Baselland,≤100
100369729335133,"Peter Grünenfelder, Regierungsratskandidat Zürich",Peter Grünenfelder c/o FDP Kanton Zürich,≤100
329092184156849,Die Mitte Adliswil,Die Mitte Adliswil,≤100
252652524823017,EVP Kanton Zürich,EVP Kanton Zürich,≤100
101417574776507,Ja zur direkten Demokratie,New Swiss Journal,≤100
109742838576665,Sandro Gerber - FDP.Die Liberalen - Kantonsratskandidat ZH 2023,sandrogerber,≤100
119245155521044,Ylli Doko - Politiker - FDP Die.Liberalen,Ylli Doko,≤100
131136176944674,FDP.Die Liberalen Bezirk Pfäffikon,FDP.Die Liberalen Bezirk Pfäffikon,≤100
103269145789541,Stop au blackout,Initiative populaire « De l’électricité pour tous en tout temps (Stop au blackout) »,≤100
103440272521713,Sarah Fuchs in den Kantonsrat,Sarah Fuchs,≤100
100267076206781,Ensemble à Gauche solidaritéS-Parti du Travail-DAL,Ensemble à Gauche,≤100
100211985747396,Klimaform,These ads ran without a disclaimer,≤100
107494077464434,Janine Vannaz,Janine Vannaz,≤100
105257442419923,Die Mitte Bezirk Bülach,Die Mitte Bezirk Bülach,≤100
136341053227140,EVP Winterthur,EVP Kanton Zürich,≤100
102269201722239,TV Riviera 24,Tv Riviera 24,≤100
471258816239362,Junge SVP Luzern,Junge SVP Luzern,≤100
627220684023668,GRÜNE Zürich,Grüne Kanton Zürich,≤100
113189798267288,Karl Heinz Meyer Wahlkampf 2023,Karl Heinz Meyer,≤100
104265952574760,EVP Kreuzlingen,Adrian Robin Ziörjen,≤100
1092252917594218,Initiative pour les glaciers,Association suisse pour la protection du climat,≤100
355710291577008,Grüne Kreis 3/9,Grüne Kreis 3/9,≤100
106691785461809,Meu Raio De Sol Geny Silva,These ads ran without a disclaimer,≤100
264952450282664,JUSO Luzern,These ads ran without a disclaimer,≤100
114896518181452,Polska Prawda,These ads ran without a disclaimer,≤100
101727068829380,Контекст Европа,These ads ran without a disclaimer,≤100
112744108786424,hansgrohe,These ads ran without a disclaimer,≤100
130124167823452,Cosmea - Unbeschwerte Tage für Körper & Umwelt,These ads ran without a disclaimer,≤100