﻿Page ID,Page name,Disclaimer,Amount spent (CHF)
364939817683277,Marco Hirzel Politik,Marco Hirzel Politik,≤100
169510248558,Die Mitte - Le Centre,Die Mitte,≤100
212175019347952,SVP Horgen,SVP Horgen,≤100
154976914534194,Save the Children Schweiz/Suisse,Save the Children Schweiz,≤100
105858378539790,FDP Wädenswil,FDP Wädenswil,≤100
107552952619935,WWF Schweiz,These ads ran without a disclaimer,≤100
102578282597131,Kamylla Lisi-Brandino,Kamylla J. Lisi-Brandino,≤100
111081131629685,Blackout stoppen,Volksinitiative «Jederzeit Strom für alle (Blackout stoppen)»,≤100
169752569742293,Schweizerischer Gewerbeverband sgv,Schweizerischer Gewerbeverband sgv,≤100
106964611977537,Switlo,Switlo,≤100
107515328348195,Michael Uebersax,Michael Stefan Uebersax,≤100
260591187302640,Parti socialiste genevois,Parti socialiste genevois,≤100
107552952619935,WWF Schweiz,WWF Schweiz,≤100
102014399307738,Direkt,direkt,≤100
1524954517562834,Prominis,Prominis GmbH,≤100
2525584750795209,Nina Fehr Düsel,Nina Fehr Düsel,≤100
261452338060969,Domenik Lädi Ledergerber,Überparteiliches Unterstützungskomitee Domenik Ledergerber,≤100
48980326364,Public Eye,Public Eye,≤100
156218771073787,FDP Bezirk Dielsdorf,FDP Bezirk Dielsdorf,≤100
259871484198551,Thomas Matter,Thomas Matter,≤100
707321076049640,Monika Keller,Monika Keller,≤100
921336971288655,Nagra,Nagra,≤100
200825306651250,Renato Pfeffer EVP,EVP Kanton Zürich,≤100
329092184156849,Die Mitte Adliswil,Die Mitte Adliswil,≤100
864604443735247,SVP Bezirk Dietikon,SVP Bezirk Dietikon,≤100
252652524823017,EVP Kanton Zürich,EVP Kanton Zürich,≤100
257497631736082,Gletscher-Initiative,Verein Klimaschutz Schweiz,≤100
112625851413162,Roman Schmid,Roman Schmid,≤100
2034886056799460,Raphael Tobler,Raphael Tobler,≤100
101120115685831,SVP Stäfa,SVP Stäfa,≤100
107494077464434,Janine Vannaz,Janine Vannaz,≤100
100240749524401,Deborah Scharpf,Deborah Luzia Maryse Scharpf,≤100
1700824713324064,SP Zürich 10,SP Zürich 10,≤100
100980232576650,Muriel Langenberger,Muriel Langenberger,≤100
109460255774283,"Soi Dog Foundation Schweiz, Deutschland, Österreich",These ads ran without a disclaimer,≤100
1587949341492441,Claudio Zihlmann,Claudio Zihlmann,≤100
100369729335133,"Peter Grünenfelder, Regierungsratskandidat Zürich",Peter Grünenfelder c/o FDP Kanton Zürich,≤100
125466200895962,Valentin Landmann,Sven Kunz,≤100
1483343695307824,Campax,Campax,≤100
106598718789052,Absolicon Solar Collector AB,These ads ran without a disclaimer,≤100
131136176944674,FDP.Die Liberalen Bezirk Pfäffikon,FDP.Die Liberalen Bezirk Pfäffikon,≤100
269029886456205,Giorgio Fonio,Giorgio Fonio,≤100
285821738704789,Nathalie Aeschbacher,Nathalie Anna Aeschbacher,≤100
1125155474201566,Mcg Carouge,Sandro Pistis,≤100
103440272521713,Sarah Fuchs in den Kantonsrat,Sarah Fuchs,≤100
103269145789541,Stop au blackout,Initiative populaire « De l’électricité pour tous en tout temps (Stop au blackout) »,≤100
627220684023668,GRÜNE Zürich,Grüne Kanton Zürich,≤100
1476717905682561,SP Zürich 6,SP Zürich 6,≤100
170449246402589,Grünliberale Stadt Zürich,Grünliberale Partei Stadt Zürich,≤100
119245155521044,Ylli Doko - Politiker - FDP Die.Liberalen,Ylli Doko,≤100
101759462695729,Seraina Billeter-Ihre Kandidatin,Seraina Sara Billeter,≤100
100116156110843,Stop al blackout,Iniziativa popolare «Energia elettrica in ogni tempo per tutti (Stop al blackout)»,≤100
113189798267288,Karl Heinz Meyer Wahlkampf 2023,Karl Heinz Meyer,≤100
130124167823452,Cosmea - Unbeschwerte Tage für Körper & Umwelt,These ads ran without a disclaimer,≤100
112744108786424,hansgrohe,These ads ran without a disclaimer,≤100
100211985747396,Klimaform,These ads ran without a disclaimer,≤100
402052193189194,Siemens,These ads ran without a disclaimer,≤100
101853839247846,Quintet Private Bank,These ads ran without a disclaimer,≤100
124924180944506,IHED-Islamischer Humanitärer Entwicklungsdienst,These ads ran without a disclaimer,≤100
102944432128377,Der Pragmaticus,These ads ran without a disclaimer,≤100
185561295623272,Move To Help Foundation,These ads ran without a disclaimer,≤100