﻿Page ID,Page name,Disclaimer,Amount spent (CHF)
533196430187039,KMU- und Gewerbeverband Kanton Zürich,KMU- und Gewerbeverband Kanton Zürich KGV,957
154212901272905,FDP.Die Liberalen Baselland,FDP.Die Liberalen Baselland,370
169510248558,Die Mitte - Le Centre,Die Mitte,232
113772441580575,JA zu Kies aus Birmenstorf,JA zu Kies aus Birmenstorf,142
364939817683277,Marco Hirzel Politik,Marco Hirzel Politik,≤100
154976914534194,Save the Children Schweiz/Suisse,Save the Children Schweiz,≤100
156218771073787,FDP Bezirk Dielsdorf,FDP Bezirk Dielsdorf,≤100
212175019347952,SVP Horgen,SVP Horgen,≤100
105858378539790,FDP Wädenswil,FDP Wädenswil,≤100
210502125711731,FDP Bezirk Affoltern,FDP.Die Liberalen Knonaueramt,≤100
1524859774444235,Koalition für Konzernverantwortung,Koalition für Konzernverantwortung,≤100
488909884546537,GLP Winterthur Land,GLP Winterthur Land,≤100
375845269120737,FDP. Die Liberalen Dietikon,FDP. Die Liberalen Dietikon,≤100
109742838576665,Sandro Gerber - FDP.Die Liberalen - Kantonsratskandidat ZH 2023,sandrogerber,≤100
111081131629685,Blackout stoppen,Volksinitiative «Jederzeit Strom für alle (Blackout stoppen)»,≤100
100213996124067,Grünliberale Sektion Emmen-Hochdorf,Grünliberale Sektion Emmen-Hochdorf,≤100
107552952619935,WWF Schweiz,These ads ran without a disclaimer,≤100
107515328348195,Michael Uebersax,Michael Stefan Uebersax,≤100
169752569742293,Schweizerischer Gewerbeverband sgv,Schweizerischer Gewerbeverband sgv,≤100
106964611977537,Switlo,Switlo,≤100
1524954517562834,Prominis,Prominis GmbH,≤100
102578282597131,Kamylla Lisi-Brandino,Kamylla J. Lisi-Brandino,≤100
102014399307738,Direkt,direkt,≤100
260591187302640,Parti socialiste genevois,Parti socialiste genevois,≤100
100240749524401,Deborah Scharpf,Deborah Luzia Maryse Scharpf,≤100
105262295297064,FDP.Die Liberalen Nürensdorf,FDP.Die Liberalen Nürensdorf,≤100
48980326364,Public Eye,Public Eye,≤100
194790813901953,Grüne Schweiz,Grüne Schweiz,≤100
82752099000,Alternative Liste ZH,Alternative Liste Zürich,≤100
107552952619935,WWF Schweiz,WWF Schweiz,≤100
259871484198551,Thomas Matter,Thomas Matter,≤100
206831926864378,SVP Gelterkinden und Umgebung,SVP Gelterkinden und Umgebung,≤100
245489546137580,Christoph Riner - bodenständige Politik,Christoph Riner - bodenständige Politik,≤100
921336971288655,Nagra,Nagra,≤100
106264082355003,Sven Heinzelmann,Komitee «Sven Heinzelmann in den Kantonsrat»,≤100
200825306651250,Renato Pfeffer EVP,EVP Kanton Zürich,≤100
1396526693960299,Junge SVP Baselland,Junge SVP Baselland,≤100
257497631736082,Gletscher-Initiative,Verein Klimaschutz Schweiz,≤100
854141954663925,Isabel Garcia GLP,Isabel Garcia Brunisholz,≤100
109460255774283,"Soi Dog Foundation Schweiz, Deutschland, Österreich",These ads ran without a disclaimer,≤100
125466200895962,Valentin Landmann,Sven Kunz,≤100
261452338060969,Domenik Lädi Ledergerber,Überparteiliches Unterstützungskomitee Domenik Ledergerber,≤100
2525584750795209,Nina Fehr Düsel,Nina Fehr Düsel,≤100
101500332827222,SVP Wahlkreis Sursee,SVP Wahlkreis Sursee,≤100
600706570124933,Verkehrssanierungen JA,Verkehrssanierungen JA,≤100
809697199378485,Sandra Cellarius,Sandra Alice Cellarius,≤100
101120115685831,SVP Stäfa,SVP Stäfa,≤100
329092184156849,Die Mitte Adliswil,Die Mitte Adliswil,≤100
108392832120312,Perspektive Zürich,Perspektive Zürich,≤100
981540548583751,W&K Gesellschaft für Industrietechnik,These ads ran without a disclaimer,≤100
707321076049640,Monika Keller,Monika Keller,≤100
416743625125770,Grüne Zürichsee,GRÜNE Bezirk Meilen,≤100
1700824713324064,SP Zürich 10,SP Zürich 10,≤100
192244290829565,Anita Borer,Anita Borer,≤100
864604443735247,SVP Bezirk Dietikon,SVP Bezirk Dietikon,≤100
100369729335133,"Peter Grünenfelder, Regierungsratskandidat Zürich",Peter Grünenfelder c/o FDP Kanton Zürich,≤100
107717738487757,Viviane Kägi GLP,Viviane Kägi,≤100
1607548886172610,Hans-Ulrich Bigler,Hans-Ulrich Bigler,≤100
101417574776507,Ja zur direkten Demokratie,New Swiss Journal,≤100
231086633606227,SVP Baselland,SVP Baselland,≤100
252652524823017,EVP Kanton Zürich,EVP Kanton Zürich,≤100
107494077464434,Janine Vannaz,Janine Vannaz,≤100
101767182105712,Grüne Bezirk Affoltern,GRÜNE Bezirk Affoltern,≤100
102531252603779,Stephan Jung,Stephan Jung,≤100
100732476262537,GLP Willisau,GLP Wahlkreis Willisau,≤100
170262515730,FDP.Die Liberalen Arlesheim,FDP.Die Liberalen Arlesheim,≤100
100980232576650,Muriel Langenberger,Muriel Langenberger,≤100
112625851413162,Roman Schmid,Roman Schmid,≤100
689505424449213,Jungfreisinnige Limmattal,Jungfreisinnige Limmattal,≤100
1764183190338571,SVP Kreis 3,Derek Richter,≤100
113273198762176,FDP.Die Liberalen Pratteln,FDP.Die Liberalen Pratteln,≤100
1462022710772147,Hans Egli,Hans Egli,≤100
102691421255810,PlanBasel,PlanBasel,≤100
113189798267288,Karl Heinz Meyer Wahlkampf 2023,Karl Heinz Meyer,≤100
2034886056799460,Raphael Tobler,Raphael Tobler,≤100
111516028427691,Die Mitte Oberes Baselbiet,Die Mitte Oberes Baselbiet,≤100
114584561517154,Komitee für ein JA zum Basler Steuerpaket,Komitee JA! zum Basler Steuerpaket,≤100
269029886456205,Giorgio Fonio,Giorgio Fonio,≤100
347162492139048,SP Töss,Matthias Jakob Ernst Erzinger,≤100
305699609616768,Verdi Liberali Ticino,verdi liberali Ticino,≤100
103865108846573,FDP.Die Liberalen Herzogenbuchsee,FDP Herzogenbuchsee,≤100
107911655043545,SVP Beromünster,SVP Beromünster,≤100
1483343695307824,Campax,Campax,≤100
103269145789541,Stop au blackout,Initiative populaire « De l’électricité pour tous en tout temps (Stop au blackout) »,≤100
104942962435489,Sarah Regez,Sarah Regez,≤100
1599925810096142,Kreis 6/10 mit glp in die Zukunft,Grünliberale Kreis 6 und 10,≤100
101292009486072,Simon Affentranger GLP,Simon Johannes Affentranger Jäger,≤100
402052193189194,Siemens,These ads ran without a disclaimer,≤100
175849189128043,"Andreas Seiler, FDP, Einwohnerrat Pratteln",Andreas Stefan Seiler,≤100
1587949341492441,Claudio Zihlmann,Claudio Zihlmann,≤100
170449246402589,Grünliberale Stadt Zürich,Grünliberale Partei Stadt Zürich,≤100
285304141802550,FDP Niederhasli,FDP Niederhasli,≤100
230522120377463,FDP Allschwil-Schönenbuch,FDP Allschwil-Schönenbuch,≤100
1125155474201566,Mcg Carouge,Sandro Pistis,≤100
100211985747396,Klimaform,These ads ran without a disclaimer,≤100
103215392637344,Robin Kuhn,Robin Jonas Kuhn,≤100
102833318045836,Nick Glättli,Nick Didier Glättli,≤100
119245155521044,Ylli Doko - Politiker - FDP Die.Liberalen,Ylli Doko,≤100
100267076206781,Ensemble à Gauche solidaritéS-Parti du Travail-DAL,Ensemble à Gauche,≤100
187828241245131,Grüne Baselland,Grüne Baselland,≤100
102944432128377,Der Pragmaticus,These ads ran without a disclaimer,≤100
103440272521713,Sarah Fuchs in den Kantonsrat,Sarah Fuchs,≤100
109213507316253,SP Zürich 11,SP Zürich,≤100
190133177759419,Giuseppe Cotti,Giuseppe Cotti,≤100
117027101705789,FDP Stadt Zürich,FDP Stadt Zürich,≤100
627220684023668,GRÜNE Zürich,Grüne Kanton Zürich,≤100
117741198303856,FDP Kanton Zürich,FDP Kanton Zürich,≤100
264952450282664,JUSO Luzern,JUSO Luzern,≤100
131136176944674,FDP.Die Liberalen Bezirk Pfäffikon,FDP.Die Liberalen Bezirk Pfäffikon,≤100
108351771294208,Hubert Boog,Hubert Walter Boog,≤100
136341053227140,EVP Winterthur,EVP Kanton Zürich,≤100
104590425802557,Новости Дня,These ads ran without a disclaimer,≤100
608260099589519,Dominic Täubert,EVP Kanton Zürich,≤100
1092252917594218,Initiative pour les glaciers,Association suisse pour la protection du climat,≤100
474330529388223,Sigr,These ads ran without a disclaimer,≤100
471258816239362,Junge SVP Luzern,Junge SVP Luzern,≤100
105257442419923,Die Mitte Bezirk Bülach,Die Mitte Bezirk Bülach,≤100
813362708790951,UBP - Union Bancaire Privée,These ads ran without a disclaimer,≤100
1959919117421939,FDP.Die Liberalen Bezirk Bülach,FDP.Die Liberalen Bezirk Bülach,≤100
112125218380969,holgergurtner,These ads ran without a disclaimer,≤100
202006389857644,Grünliberale Kanton Zürich,Grünliberale Partei Zürich,≤100
100116156110843,Stop al blackout,Iniziativa popolare «Energia elettrica in ogni tempo per tutti (Stop al blackout)»,≤100
108206818777404,Bezirksgewerbeverband Bülach,Bezirksgewerbeverband Bülach,≤100
285821738704789,Nathalie Aeschbacher,Nathalie Anna Aeschbacher,≤100
116063758043441,Facundo Zimmerli,Facundo Nahuel Zimmerli,≤100
610098352377102,Christian Pfaller,Komitee Christian Pfaller,≤100
355710291577008,Grüne Kreis 3/9,Grüne Kreis 3/9,≤100
112524957892586,the.cartographist,These ads ran without a disclaimer,≤100
104068392569671,Nein zum Stadtparlament Rapperswil-Jona,"Komitee «NEIN zur neuen Gemeindeordnung, NEIN zum Stadtparlament»",≤100
389006641956517,Natalie Imboden,These ads ran without a disclaimer,≤100
272391440246842,Radu Dalas,These ads ran without a disclaimer,≤100
113671758293671,JA zum Stadtparlament,Komitee JA zum Stadtparlament Rapperswil-Jona,≤100
1225312564279075,Karin Fehr Thoma,Karin Fehr Thoma,≤100
106241572361769,Carmen Walker Späh FDP,Carmen Walker Späh,≤100
1476717905682561,SP Zürich 6,SP Zürich 6,≤100
533196430187039,KMU- und Gewerbeverband Kanton Zürich,These ads ran without a disclaimer,≤100
216444012216,EDU - UDF (Eidgenössisch-Demokratische Union),Eidgenössisch-Demokratische Union Schweiz,≤100
100832601433972,UDC Section Ville de Genève,These ads ran without a disclaimer,≤100
104265952574760,EVP Kreuzlingen,Adrian Robin Ziörjen,≤100
139666286225597,Euranet Plus - Official,These ads ran without a disclaimer,≤100
100608205575732,idealolife,These ads ran without a disclaimer,≤100
103940168020269,terracare_leather,These ads ran without a disclaimer,≤100
117134184622690,Polska Prawda,These ads ran without a disclaimer,≤100
100488762759295,FOA_Invest,These ads ran without a disclaimer,≤100
130124167823452,Cosmea - Unbeschwerte Tage für Körper & Umwelt,These ads ran without a disclaimer,≤100
101727068829380,Контекст Европа,These ads ran without a disclaimer,≤100
99208765016,kununu,These ads ran without a disclaimer,≤100
111260891566401,musaidpb,These ads ran without a disclaimer,≤100
185561295623272,Move To Help Foundation,These ads ran without a disclaimer,≤100
105962808801596,IZZY - Stream Israel,These ads ran without a disclaimer,≤100
351365901647856,Reima,These ads ran without a disclaimer,≤100
116033721373210,Secret007,These ads ran without a disclaimer,≤100
544839015887197,OCHSNER Wärmepumpen GmbH,These ads ran without a disclaimer,≤100
124924180944506,IHED-Islamischer Humanitärer Entwicklungsdienst,These ads ran without a disclaimer,≤100
112744108786424,hansgrohe,These ads ran without a disclaimer,≤100
101853839247846,Quintet Private Bank,These ads ran without a disclaimer,≤100
117640348266286,Ballettseminare Stuttgart,These ads ran without a disclaimer,≤100