﻿Page ID,Page name,Disclaimer,Amount spent (CHF)
488909884546537,GLP Winterthur Land,GLP Winterthur Land,≤100
533196430187039,KMU- und Gewerbeverband Kanton Zürich,KMU- und Gewerbeverband Kanton Zürich KGV,≤100
169510248558,Die Mitte - Le Centre,Die Mitte,≤100
650175488441328,Martin Farner,Farners GmbH,≤100
364939817683277,Marco Hirzel Politik,Marco Hirzel Politik,≤100
154976914534194,Save the Children Schweiz/Suisse,Save the Children Schweiz,≤100
231320586878427,Hauseigentümerverband (HEV) Region Winterthur,Hauseigentümerverband Region Winterthur,≤100
156218771073787,FDP Bezirk Dielsdorf,FDP Bezirk Dielsdorf,≤100
107515328348195,Michael Uebersax,Michael Stefan Uebersax,≤100
111081131629685,Blackout stoppen,Volksinitiative «Jederzeit Strom für alle (Blackout stoppen)»,≤100
109742838576665,Sandro Gerber - FDP.Die Liberalen - Kantonsratskandidat ZH 2023,sandrogerber,≤100
169752569742293,Schweizerischer Gewerbeverband sgv,Schweizerischer Gewerbeverband sgv,≤100
1524954517562834,Prominis,Prominis GmbH,≤100
106964611977537,Switlo,Switlo,≤100
212175019347952,SVP Horgen,SVP Horgen,≤100
107552952619935,WWF Schweiz,These ads ran without a disclaimer,≤100
260591187302640,Parti socialiste genevois,Parti socialiste genevois,≤100
107717738487757,Viviane Kägi GLP,Viviane Kägi,≤100
102578282597131,Kamylla Lisi-Brandino,Kamylla J. Lisi-Brandino,≤100
48980326364,Public Eye,Public Eye,≤100
102014399307738,Direkt,direkt,≤100
107552952619935,WWF Schweiz,WWF Schweiz,≤100
610098352377102,Christian Pfaller,Komitee Christian Pfaller,≤100
105262295297064,FDP.Die Liberalen Nürensdorf,FDP.Die Liberalen Nürensdorf,≤100
100240749524401,Deborah Scharpf,Deborah Luzia Maryse Scharpf,≤100
252652524823017,EVP Kanton Zürich,EVP Kanton Zürich,≤100
112713445046863,Thomas Schlumpf,Thomas Schlumpf,≤100
2034886056799460,Raphael Tobler,Raphael Tobler,≤100
261452338060969,Domenik Lädi Ledergerber,Überparteiliches Unterstützungskomitee Domenik Ledergerber,≤100
200825306651250,Renato Pfeffer EVP,EVP Kanton Zürich,≤100
259871484198551,Thomas Matter,Thomas Matter,≤100
921336971288655,Nagra,Nagra,≤100
707321076049640,Monika Keller,Monika Keller,≤100
347162492139048,SP Töss,Matthias Jakob Ernst Erzinger,≤100
981540548583751,W&K Gesellschaft für Industrietechnik,These ads ran without a disclaimer,≤100
109460255774283,"Soi Dog Foundation Schweiz, Deutschland, Österreich",These ads ran without a disclaimer,≤100
1722137767860098,Grüne Bülach,Grüne Bülach,≤100
257497631736082,Gletscher-Initiative,Verein Klimaschutz Schweiz,≤100
1700824713324064,SP Zürich 10,SP Zürich 10,≤100
2525584750795209,Nina Fehr Düsel,Nina Fehr Düsel,≤100
107494077464434,Janine Vannaz,Janine Vannaz,≤100
108392832120312,Perspektive Zürich,Perspektive Zürich,≤100
125466200895962,Valentin Landmann,Sven Kunz,≤100
864604443735247,SVP Bezirk Dietikon,SVP Bezirk Dietikon,≤100
191136321464981,Die Mitte Stadt Winterthur,Die Mitte Stadt Winterthur,≤100
1599925810096142,Kreis 6/10 mit glp in die Zukunft,Grünliberale Kreis 6 und 10,≤100
100369729335133,"Peter Grünenfelder, Regierungsratskandidat Zürich",Peter Grünenfelder c/o FDP Kanton Zürich,≤100
112625851413162,Roman Schmid,Roman Schmid,≤100
100980232576650,Muriel Langenberger,Muriel Langenberger,≤100
108206818777404,Bezirksgewerbeverband Bülach,Bezirksgewerbeverband Bülach,≤100
105257442419923,Die Mitte Bezirk Bülach,Die Mitte Bezirk Bülach,≤100
329092184156849,Die Mitte Adliswil,Die Mitte Adliswil,≤100
416870065122171,Jungfreisinnige Winterthur,Jungfreisinnige Winterthur,≤100
269029886456205,Giorgio Fonio,Giorgio Fonio,≤100
131136176944674,FDP.Die Liberalen Bezirk Pfäffikon,FDP.Die Liberalen Bezirk Pfäffikon,≤100
82752099000,Alternative Liste ZH,Alternative Liste Zürich,≤100
116063758043441,Facundo Zimmerli,Facundo Nahuel Zimmerli,≤100
106264082355003,Sven Heinzelmann,Komitee «Sven Heinzelmann in den Kantonsrat»,≤100
105858378539790,FDP Wädenswil,FDP Wädenswil,≤100
155659847849677,Martin Huber in den Kantonsrat,Martin Huber in den Kantonsrat,≤100
1483343695307824,Campax,Campax,≤100
402052193189194,Siemens,These ads ran without a disclaimer,≤100
136341053227140,EVP Winterthur,EVP Kanton Zürich,≤100
103269145789541,Stop au blackout,Initiative populaire « De l’électricité pour tous en tout temps (Stop au blackout) »,≤100
117741198303856,FDP Kanton Zürich,FDP Kanton Zürich,≤100
108351771294208,Hubert Boog,Hubert Walter Boog,≤100
1092252917594218,Initiative pour les glaciers,Association suisse pour la protection du climat,≤100
1587949341492441,Claudio Zihlmann,Claudio Zihlmann,≤100
627220684023668,GRÜNE Zürich,Grüne Kanton Zürich,≤100
192244290829565,Anita Borer,Anita Borer,≤100
102833318045836,Nick Glättli,Nick Didier Glättli,≤100
305699609616768,Verdi Liberali Ticino,verdi liberali Ticino,≤100
231086633606227,SVP Baselland,SVP Baselland,≤100
1125155474201566,Mcg Carouge,Sandro Pistis,≤100
113189798267288,Karl Heinz Meyer Wahlkampf 2023,Karl Heinz Meyer,≤100
111516028427691,Die Mitte Oberes Baselbiet,Die Mitte Oberes Baselbiet,≤100
119245155521044,Ylli Doko - Politiker - FDP Die.Liberalen,Ylli Doko,≤100
202006389857644,Grünliberale Kanton Zürich,Grünliberale Partei Zürich,≤100
109213507316253,SP Zürich 11,SP Zürich,≤100
154212901272905,FDP.Die Liberalen Baselland,FDP.Die Liberalen Baselland,≤100
103440272521713,Sarah Fuchs in den Kantonsrat,Sarah Fuchs,≤100
170449246402589,Grünliberale Stadt Zürich,Grünliberale Partei Stadt Zürich,≤100
101120115685831,SVP Stäfa,SVP Stäfa,≤100
108692711660498,Urs Wegmann,Urs Wegmann,≤100
104590425802557,Новости Дня,These ads ran without a disclaimer,≤100
103940168020269,terracare_leather,These ads ran without a disclaimer,≤100
272391440246842,Radu Dalas,These ads ran without a disclaimer,≤100
102944432128377,Der Pragmaticus,These ads ran without a disclaimer,≤100
100211985747396,Klimaform,These ads ran without a disclaimer,≤100
112744108786424,hansgrohe,These ads ran without a disclaimer,≤100
100488762759295,FOA_Invest,These ads ran without a disclaimer,≤100
117640348266286,Ballettseminare Stuttgart,These ads ran without a disclaimer,≤100