﻿Page ID,Page name,Disclaimer,Amount spent (CHF)
154212901272905,FDP.Die Liberalen Baselland,FDP.Die Liberalen Baselland,2110
187828241245131,Grüne Baselland,Grüne Baselland,494
245030556232364,Grünliberale Partei Basel-Landschaft,Grünliberale Partei Basel-Landschaft,436
194790813901953,Grüne Schweiz,Grüne Schweiz,316
106020715591381,"Thomi Jourdan - Regierungsratskandidat Baselland - ""fürs Baselbiet vo morn""",Thomi Jourdan in den Regierungsrat,301
102691421255810,PlanBasel,PlanBasel,297
231086633606227,SVP Baselland,SVP Baselland,248
104942962435489,Sarah Regez,Sarah Regez,181
111516028427691,Die Mitte Oberes Baselbiet,Die Mitte Oberes Baselbiet,≤100
169510248558,Die Mitte - Le Centre,Die Mitte,≤100
105077090852878,Lucio Sansano,Lucio Carmelo Sansano,≤100
105382355680021,Unterwägs uf Lieschtel,Unterwägs uf Lieschtel,≤100
778855988853776,SP Allschwil-Schönenbuch,SP Allschwil Schönenbuch,≤100
364939817683277,Marco Hirzel Politik,Marco Hirzel Politik,≤100
106254955524910,SVP Binningen,SVP Binningen,≤100
154976914534194,Save the Children Schweiz/Suisse,Save the Children Schweiz,≤100
113273198762176,FDP.Die Liberalen Pratteln,FDP.Die Liberalen Pratteln,≤100
356407481399967,FDP.Die Liberalen Sissach und Umgebung,FDP Sissach und Umgebung,≤100
170262515730,FDP.Die Liberalen Arlesheim,FDP.Die Liberalen Arlesheim,≤100
205235402844715,SP Binningen,SP Binningen,≤100
265041068300,JUSO Baselland,JUSO Baselland,≤100
114998068149733,Dr. Stefan Meyer,Stefan Jörg Meyer,≤100
657830007560468,SP Aesch-Pfeffingen,SP Aesch-Pfeffingen,≤100
206831926864378,SVP Gelterkinden und Umgebung,SVP Gelterkinden und Umgebung,≤100
111081131629685,Blackout stoppen,Volksinitiative «Jederzeit Strom für alle (Blackout stoppen)»,≤100
101012679501703,Stephan Siegel in den Landrat,Stephan Siegel in den Landrat,≤100
100505278746845,Gesunde Finanzen,Organisation für gesunde Gemeindefinanzen,≤100
1396526693960299,Junge SVP Baselland,Junge SVP Baselland,≤100
107552952619935,WWF Schweiz,These ads ran without a disclaimer,≤100
260591187302640,Parti socialiste genevois,Parti socialiste genevois,≤100
102531252603779,Stephan Jung,Stephan Jung,≤100
169752569742293,Schweizerischer Gewerbeverband sgv,Schweizerischer Gewerbeverband sgv,≤100
48980326364,Public Eye,Public Eye,≤100
1524954517562834,Prominis,Prominis GmbH,≤100
102014399307738,Direkt,direkt,≤100
114584561517154,Komitee für ein JA zum Basler Steuerpaket,Komitee JA! zum Basler Steuerpaket,≤100
259871484198551,Thomas Matter,Thomas Matter,≤100
106964611977537,Switlo,Switlo,≤100
156218771073787,FDP Bezirk Dielsdorf,FDP Bezirk Dielsdorf,≤100
175849189128043,"Andreas Seiler, FDP, Einwohnerrat Pratteln",Andreas Stefan Seiler,≤100
107552952619935,WWF Schweiz,WWF Schweiz,≤100
104937837702194,SP EVP GRÜNE für Gelterkinden,SP EVP GRÜNE für Gelterkinden,≤100
257497631736082,Gletscher-Initiative,Verein Klimaschutz Schweiz,≤100
1700824713324064,SP Zürich 10,SP Zürich 10,≤100
864604443735247,SVP Bezirk Dietikon,SVP Bezirk Dietikon,≤100
921336971288655,Nagra,Nagra,≤100
200825306651250,Renato Pfeffer EVP,EVP Kanton Zürich,≤100
230522120377463,FDP Allschwil-Schönenbuch,FDP Allschwil-Schönenbuch,≤100
109460255774283,"Soi Dog Foundation Schweiz, Deutschland, Österreich",These ads ran without a disclaimer,≤100
600706570124933,Verkehrssanierungen JA,Verkehrssanierungen JA,≤100
981540548583751,W&K Gesellschaft für Industrietechnik,These ads ran without a disclaimer,≤100
107494077464434,Janine Vannaz,Janine Vannaz,≤100
112625851413162,Roman Schmid,Roman Schmid,≤100
305699609616768,Verdi Liberali Ticino,verdi liberali Ticino,≤100
269029886456205,Giorgio Fonio,Giorgio Fonio,≤100
125466200895962,Valentin Landmann,Sven Kunz,≤100
100980232576650,Muriel Langenberger,Muriel Langenberger,≤100
103269145789541,Stop au blackout,Initiative populaire « De l’électricité pour tous en tout temps (Stop au blackout) »,≤100
101417574776507,Ja zur direkten Demokratie,New Swiss Journal,≤100
1483343695307824,Campax,Campax,≤100
100211985747396,Klimaform,These ads ran without a disclaimer,≤100
1125155474201566,Mcg Carouge,Sandro Pistis,≤100
1599925810096142,Kreis 6/10 mit glp in die Zukunft,Grünliberale Kreis 6 und 10,≤100
1092252917594218,Initiative pour les glaciers,Association suisse pour la protection du climat,≤100
2034886056799460,Raphael Tobler,Raphael Tobler,≤100
190133177759419,Giuseppe Cotti,Giuseppe Cotti,≤100
402052193189194,Siemens,These ads ran without a disclaimer,≤100
100369729335133,"Peter Grünenfelder, Regierungsratskandidat Zürich",Peter Grünenfelder c/o FDP Kanton Zürich,≤100
100116156110843,Stop al blackout,Iniziativa popolare «Energia elettrica in ogni tempo per tutti (Stop al blackout)»,≤100
252652524823017,EVP Kanton Zürich,EVP Kanton Zürich,≤100
101853839247846,Quintet Private Bank,These ads ran without a disclaimer,≤100
1587949341492441,Claudio Zihlmann,Claudio Zihlmann,≤100
212175019347952,SVP Horgen,SVP Horgen,≤100
105262295297064,FDP.Die Liberalen Nürensdorf,FDP.Die Liberalen Nürensdorf,≤100
112125218380969,holgergurtner,These ads ran without a disclaimer,≤100
245489546137580,Christoph Riner - bodenständige Politik,Christoph Riner - bodenständige Politik,≤100
131136176944674,FDP.Die Liberalen Bezirk Pfäffikon,FDP.Die Liberalen Bezirk Pfäffikon,≤100
170449246402589,Grünliberale Stadt Zürich,Grünliberale Partei Stadt Zürich,≤100
100267076206781,Ensemble à Gauche solidaritéS-Parti du Travail-DAL,Ensemble à Gauche,≤100
285831198097799,Kloster Mariazell Wurmsbach,These ads ran without a disclaimer,≤100
1613234358893730,Die Mitte Emmental,These ads ran without a disclaimer,≤100
103865108846573,FDP.Die Liberalen Herzogenbuchsee,FDP Herzogenbuchsee,≤100
608260099589519,Dominic Täubert,EVP Kanton Zürich,≤100
103440272521713,Sarah Fuchs in den Kantonsrat,Sarah Fuchs,≤100
109213507316253,SP Zürich 11,SP Zürich,≤100
1476717905682561,SP Zürich 6,SP Zürich 6,≤100
104590425802557,Новости Дня,These ads ran without a disclaimer,≤100
100240749524401,Deborah Scharpf,Deborah Luzia Maryse Scharpf,≤100
115728326474243,SVP Stadt Rheinfelden,These ads ran without a disclaimer,≤100
474330529388223,Sigr,These ads ran without a disclaimer,≤100
185561295623272,Move To Help Foundation,These ads ran without a disclaimer,≤100
112744108786424,hansgrohe,These ads ran without a disclaimer,≤100
117640348266286,Ballettseminare Stuttgart,These ads ran without a disclaimer,≤100
117134184622690,Polska Prawda,These ads ran without a disclaimer,≤100
103940168020269,terracare_leather,These ads ran without a disclaimer,≤100
130124167823452,Cosmea - Unbeschwerte Tage für Körper & Umwelt,These ads ran without a disclaimer,≤100
763722197034246,En Développement,These ads ran without a disclaimer,≤100
102944432128377,Der Pragmaticus,These ads ran without a disclaimer,≤100
100430331857111,photographtastic,These ads ran without a disclaimer,≤100
111260891566401,musaidpb,These ads ran without a disclaimer,≤100