﻿Page ID,Page name,Disclaimer,Amount spent (CHF)
202006389857644,Grünliberale Kanton Zürich,Grünliberale Partei Zürich,10547
533196430187039,KMU- und Gewerbeverband Kanton Zürich,KMU- und Gewerbeverband Kanton Zürich KGV,5836
428690117258417,SVP des Kantons Zürich,SVP des Kantons Zürich,4159
627220684023668,GRÜNE Zürich,Grüne Kanton Zürich,3413
100369729335133,"Peter Grünenfelder, Regierungsratskandidat Zürich",Peter Grünenfelder c/o FDP Kanton Zürich,2733
970401509667271,Priska Seiler Graf - Nationalrätin,Priska Seiler Graf in den Regierungsrat,2695
252652524823017,EVP Kanton Zürich,EVP Kanton Zürich,2575
450602808776880,Martin Neukom,Martin Neukom,2498
610098352377102,Christian Pfaller,Komitee Christian Pfaller,1596
109123788743774,Benjamin Frei,Benjamin Rolf Frei,1440
170449246402589,Grünliberale Stadt Zürich,Grünliberale Partei Stadt Zürich,1334
1959919117421939,FDP.Die Liberalen Bezirk Bülach,FDP.Die Liberalen Bezirk Bülach,1233
116663695061094,SP Bezirk Meilen,SP Bezirk Meilen,1199
224581297586778,Gewerkschaftsbund des Kantons Zürich,Gewerkschaftsbund des Kantons Zürich,1198
705478906236710,FDP.Die Liberalen Bezirk Uster,FDP.Die Liberalen Bezirk Uster,1147
109213507316253,SP Zürich 11,SP Zürich,941
106241572361769,Carmen Walker Späh FDP,Carmen Walker Späh,934
131066326987,SP Kanton Zürich,SP Kanton Zürich,918
108392832120312,Perspektive Zürich,Perspektive Zürich,881
117741198303856,FDP Kanton Zürich,FDP Kanton Zürich,810
119245155521044,Ylli Doko - Politiker - FDP Die.Liberalen,Ylli Doko,787
82752099000,Alternative Liste ZH,Alternative Liste Zürich,671
131136176944674,FDP.Die Liberalen Bezirk Pfäffikon,FDP.Die Liberalen Bezirk Pfäffikon,641
194790813901953,Grüne Schweiz,Grüne Schweiz,623
1903129656584980,SP Uster,SP Uster,582
364939817683277,Marco Hirzel Politik,Marco Hirzel Politik,558
169510248558,Die Mitte - Le Centre,Die Mitte,532
191136321464981,Die Mitte Stadt Winterthur,Die Mitte Stadt Winterthur,525
375845269120737,FDP. Die Liberalen Dietikon,FDP. Die Liberalen Dietikon,524
416743625125770,Grüne Zürichsee,GRÜNE Bezirk Meilen,506
207703323162140,"Doris Meier, Kantonsrätin und a. Gemeindepräsidentin von Bassersdorf",Doris Meier-Kobler,475
324773857561365,Die Mitte Kanton Zürich,Die Mitte Kanton Zürich,468
117027101705789,FDP Stadt Zürich,FDP Stadt Zürich,459
145402065523845,Kanton Zürich,Kanton Zürich,458
105257442419923,Die Mitte Bezirk Bülach,Die Mitte Bezirk Bülach,447
108206818777404,Bezirksgewerbeverband Bülach,Bezirksgewerbeverband Bülach,433
161852057173460,SP Bezirk Affoltern,SP Bezirk Affoltern,421
488909884546537,GLP Winterthur Land,GLP Winterthur Land,416
156831187737967,JUSO Kanton Zürich,Jungsozialist*innen Kanton Zürich,397
103440272521713,Sarah Fuchs in den Kantonsrat,Sarah Fuchs,396
109742838576665,Sandro Gerber - FDP.Die Liberalen - Kantonsratskandidat ZH 2023,sandrogerber,384
1722137767860098,Grüne Bülach,Grüne Bülach,332
113035494739725,Simon Vlk,Simon Vlk,328
101669982579717,Die Mitte Bezirk Uster,Die Mitte Bezirk Uster,325
164288990272811,FDP Region Winterthur in den Zürcher Kantonsrat,FDP Region Winterthur in den Zürcher Kantonsrat,317
100195119489766,Benno Scherrer in den Regierungsrat,Benno Scherrer,310
113189798267288,Karl Heinz Meyer Wahlkampf 2023,Karl Heinz Meyer,303
1476717905682561,SP Zürich 6,SP Zürich 6,301
155659847849677,Martin Huber in den Kantonsrat,Martin Huber in den Kantonsrat,291
354548604968651,Peter Metzinger in den Kantonsrat,Peter Alois Metzinger,265
108351771294208,Hubert Boog,Hubert Walter Boog,264
110707875106219,SVP Bezirk Hinwil,SVP Bezirk Hinwil,262
112713445046863,Thomas Schlumpf,Thomas Schlumpf,257
100247945907067,Züri wählt,züri wählt,252
2034886056799460,Raphael Tobler,Raphael Tobler,251
355645665140771,Nicola Forster,Nicola Forster,247
103082059271118,SP Bezirk Hinwil,SP Wetzikon,228
105858378539790,FDP Wädenswil,FDP Wädenswil,224
106264082355003,Sven Heinzelmann,Komitee «Sven Heinzelmann in den Kantonsrat»,214
154976914534194,Save the Children Schweiz/Suisse,Save the Children Schweiz,211
1700824713324064,SP Zürich 10,SP Zürich 10,206
156218771073787,FDP Bezirk Dielsdorf,FDP Bezirk Dielsdorf,203
136341053227140,EVP Winterthur,EVP Kanton Zürich,195
231320586878427,Hauseigentümerverband (HEV) Region Winterthur,Hauseigentümerverband Region Winterthur,191
1587949341492441,Claudio Zihlmann,Claudio Zihlmann,187
210502125711731,FDP Bezirk Affoltern,FDP.Die Liberalen Knonaueramt,186
377292365618914,SVP Stadt Winterthur,SVP Winterthur,183
1483343695307824,Campax,Campax,183
1764183190338571,SVP Kreis 3,Derek Richter,165
192244290829565,Anita Borer,Anita Borer,157
469738339721305,SP Zürich 3,Sozialdemokratische Partei Zürich 3,155
123731471009473,Yvonne Bürgin,Yvonne Bürgin,154
106463701741400,Die Mitte Zürich 3+9,Die Mitte Zürich Kreis 3+9,147
105268722430698,Philippe Guldin GLP,Grunliberale,145
113201865012168,Claudia Bodmer-Furrer,Claudia Bodmer-Furrer,142
388815591176119,SP Zürich 9,SP Zürich,139
212175019347952,SVP Horgen,SVP Horgen,130
110409811924321,Urs Christian Eugster FDP,Urs Christian Eugster,118
416870065122171,Jungfreisinnige Winterthur,Jungfreisinnige Winterthur,115
261452338060969,Domenik Lädi Ledergerber,Überparteiliches Unterstützungskomitee Domenik Ledergerber,109
216444012216,EDU - UDF (Eidgenössisch-Demokratische Union),Eidgenössisch-Demokratische Union Schweiz,101
1607548886172610,Hans-Ulrich Bigler,Hans-Ulrich Bigler,≤100
864604443735247,SVP Bezirk Dietikon,SVP Bezirk Dietikon,≤100
200825306651250,Renato Pfeffer EVP,EVP Kanton Zürich,≤100
103571105961903,Marc-André Beck,Marc-André Beck,≤100
110336161874621,Urban Husi in den Kantonsrat ZH,Urban Pius Matthäus Husi Fiechter,≤100
107515328348195,Michael Uebersax,Michael Stefan Uebersax,≤100
534190816671421,Michael Wiget,Michael Peter Wiget,≤100
103580977678645,Julian Croci,Julian Andrea Croci,≤100
854141954663925,Isabel Garcia GLP,Isabel Garcia Brunisholz,≤100
281675942494661,SVP Bezirk Pfäffikon ZH,SVP Bezirk Pfäffikon ZH,≤100
107552952619935,WWF Schweiz,These ads ran without a disclaimer,≤100
105386249047369,Jakob Ehrensperger,Jakob Ehrensperger,≤100
285821738704789,Nathalie Aeschbacher,Nathalie Anna Aeschbacher,≤100
301243053989575,Mario Senn,Mario Senn,≤100
1582348792001263,SP 4&5 Zürich,SP Zürich 4 & 5,≤100
348751641846632,JUSO Zürich Oberland,JUSO Zürcher Oberland,≤100
48980326364,Public Eye,Public Eye,≤100
583706025047684,Pierre Rappazzo in den Zürcher Kantonsrat,Pierre Rappazzo,≤100
285304141802550,FDP Niederhasli,FDP Niederhasli,≤100
1225312564279075,Karin Fehr Thoma,Karin Fehr Thoma,≤100
135366813191979,Urs Waser Kantonsrat,Waser Urs,≤100
169752569742293,Schweizerischer Gewerbeverband sgv,Schweizerischer Gewerbeverband sgv,≤100
355710291577008,Grüne Kreis 3/9,Grüne Kreis 3/9,≤100
111081131629685,Blackout stoppen,Volksinitiative «Jederzeit Strom für alle (Blackout stoppen)»,≤100
190285574861316,Grüne Uster,Grüne Bezirk Uster,≤100
101622582809771,lucaft,lucaft,≤100
751036244998194,FDP Stadt Zürich Kreis 4&5,FDP Kreis 4&5,≤100
105306632453966,Tobias Mäder,Tobias Mäder,≤100
101767182105712,Grüne Bezirk Affoltern,GRÜNE Bezirk Affoltern,≤100
116063758043441,Facundo Zimmerli,Facundo Nahuel Zimmerli,≤100
106964611977537,Switlo,Switlo,≤100
106591559016696,Guido Lehmann,Guido Lehmann,≤100
591968957877984,Andrea Isler,Andrea Lara Isler,≤100
112662478341274,joelgretsch,Joel Gretsch,≤100
589840718124415,Grünliberale Knonaueramt,Grünliberale Knonaueramt,≤100
106856564074635,Hansjörg Germann FDP in den Kantonsrat,Hansjörg Beat Germann,≤100
1769803096579445,Grünliberale Bezirk Horgen,Grünliberale Bezirk Horgen,≤100
102578282597131,Kamylla Lisi-Brandino,Kamylla J. Lisi-Brandino,≤100
143714586302267,Urs Bänziger FDP,Urs Baenziger,≤100
1556534881244272,Grünliberale Bezirk Uster,Grünliberale Bezirk Uster,≤100
190435673212,Grünliberale Kreis 4&5,GLP 4&5 – Grünliberale Partei,≤100
650175488441328,Martin Farner,Farners GmbH,≤100
608260099589519,Dominic Täubert,EVP Kanton Zürich,≤100
107717738487757,Viviane Kägi GLP,Viviane Kägi,≤100
105262295297064,FDP.Die Liberalen Nürensdorf,FDP.Die Liberalen Nürensdorf,≤100
108692711660498,Urs Wegmann,Urs Wegmann,≤100
100240749524401,Deborah Scharpf,Deborah Luzia Maryse Scharpf,≤100
102014399307738,Direkt,direkt,≤100
260591187302640,Parti socialiste genevois,Parti socialiste genevois,≤100
107552952619935,WWF Schweiz,WWF Schweiz,≤100
1464661227009326,SVP Bezirk Uster,SVP Bezirk Uster,≤100
101120115685831,SVP Stäfa,SVP Stäfa,≤100
476237372525131,Christa Isabelle Stünzi - glp ZH,Christa Isabelle Stünzi - glp ZH,≤100
110448418161537,FDP Hinwil,FDP Hinwil,≤100
100489412910247,Nora Ernst - GLP,Nora Ernst - GLP,≤100
206817592664659,Junge Grünliberale Zürich - jglp ZH,Junge Grünliberale Zürich - jglp ZH,≤100
1524954517562834,Prominis,Prominis GmbH,≤100
125466200895962,Valentin Landmann,Sven Kunz,≤100
205884466254019,Alexandra Pfister in der Politik,Alexandra Pfister-Nevrala,≤100
103850865786634,Grünliberale Bezirk Hinwil,Grünliberale Bezirk Hinwil,≤100
113326388690102,SP Zürich 1 und 2,SP Zürich 1+2,≤100
347162492139048,SP Töss,Matthias Jakob Ernst Erzinger,≤100
257497631736082,Gletscher-Initiative,Verein Klimaschutz Schweiz,≤100
689505424449213,Jungfreisinnige Limmattal,Jungfreisinnige Limmattal,≤100
743745965833626,Benjamin Stricker,Benjamin Stricker,≤100
317591871730585,SVP Bezirk Meilen,Marc Michel Wachter,≤100
904812763060757,Michael De Vita-Läubli,Michael De Vita-Läubli,≤100
101292009486072,Simon Affentranger GLP,Simon Johannes Affentranger Jäger,≤100
2525584750795209,Nina Fehr Düsel,Nina Fehr Düsel,≤100
135939773133793,Grüne Winterthur,Grüne Winterthur,≤100
109460255774283,"Soi Dog Foundation Schweiz, Deutschland, Österreich",These ads ran without a disclaimer,≤100
100160498946252,Grüne Volketswil,Grüne Bezirk Uster,≤100
109425352024980,Sebastian Hektor Vogel am 12. Februar 2023 in den Kantonsrat,DarkHorse,≤100
1462022710772147,Hans Egli,Hans Egli,≤100
259871484198551,Thomas Matter,Thomas Matter,≤100
154212901272905,FDP.Die Liberalen Baselland,FDP.Die Liberalen Baselland,≤100
1524859774444235,Koalition für Konzernverantwortung,Koalition für Konzernverantwortung,≤100
1578229959077185,"Matthias Bickel, in den Kantonsrat für die FDP.Die Liberalen","Matthias Bickel, in den Kantonsrat für die FDP.Die Liberalen",≤100
355257441326519,Fabian Müller,Fabian Francois Müller,≤100
580012422156679,Grüne Stadt Dübendorf,Grüne Stadt Dübendorf,≤100
1599925810096142,Kreis 6/10 mit glp in die Zukunft,Grünliberale Kreis 6 und 10,≤100
107494077464434,Janine Vannaz,Janine Vannaz,≤100
921336971288655,Nagra,Nagra,≤100
101417574776507,Ja zur direkten Demokratie,New Swiss Journal,≤100
1984141558513511,Franziska Barmettler,Franziska Barmettler,≤100
100213996124067,Grünliberale Sektion Emmen-Hochdorf,Grünliberale Sektion Emmen-Hochdorf,≤100
627220684023668,GRÜNE Zürich,Grüne Stadt Zürich,≤100
993815333967102,Andreas Leupi,Andreas Patrick Leupi,≤100
101759462695729,Seraina Billeter-Ihre Kandidatin,Seraina Sara Billeter,≤100
269029886456205,Giorgio Fonio,Giorgio Fonio,≤100
103215392637344,Robin Kuhn,Robin Jonas Kuhn,≤100
707321076049640,Monika Keller,Monika Keller,≤100
108843502117518,Andreas Baeckert,Andreas Peter Baeckert,≤100
102833318045836,Nick Glättli,Nick Didier Glättli,≤100
329092184156849,Die Mitte Adliswil,Die Mitte Adliswil,≤100
100980232576650,Muriel Langenberger,Muriel Langenberger,≤100
456093941086244,FDP.Die Liberalen Illnau-Effretikon,FDP. Die Liberalen Illnau-Effretikon,≤100
100211985747396,Klimaform,These ads ran without a disclaimer,≤100
345771805611954,ADROIT,These ads ran without a disclaimer,≤100
533196430187039,KMU- und Gewerbeverband Kanton Zürich,These ads ran without a disclaimer,≤100
103269145789541,Stop au blackout,Initiative populaire « De l’électricité pour tous en tout temps (Stop au blackout) »,≤100
104203868811586,Martina Dürr,Martina Regula  Dürr,≤100
305699609616768,Verdi Liberali Ticino,verdi liberali Ticino,≤100
1092252917594218,Initiative pour les glaciers,Association suisse pour la protection du climat,≤100
112625851413162,Roman Schmid,Roman Schmid,≤100
231086633606227,SVP Baselland,SVP Baselland,≤100
402052193189194,Siemens,These ads ran without a disclaimer,≤100
981540548583751,W&K Gesellschaft für Industrietechnik,These ads ran without a disclaimer,≤100
117640348266286,Ballettseminare Stuttgart,These ads ran without a disclaimer,≤100
1125155474201566,Mcg Carouge,Sandro Pistis,≤100
586790338516270,Nicole Ward-Brändli,These ads ran without a disclaimer,≤100
112125218380969,holgergurtner,These ads ran without a disclaimer,≤100
190133177759419,Giuseppe Cotti,Giuseppe Cotti,≤100
100267076206781,Ensemble à Gauche solidaritéS-Parti du Travail-DAL,Ensemble à Gauche,≤100
100590056191622,affen_s_tranger,These ads ran without a disclaimer,≤100
364939817683277,Marco Hirzel Politik,These ads ran without a disclaimer,≤100
100116156110843,Stop al blackout,Iniziativa popolare «Energia elettrica in ogni tempo per tutti (Stop al blackout)»,≤100
104590425802557,Новости Дня,These ads ran without a disclaimer,≤100
763722197034246,En Développement,These ads ran without a disclaimer,≤100
102531252603779,Stephan Jung,Stephan Jung,≤100
206831926864378,SVP Gelterkinden und Umgebung,SVP Gelterkinden und Umgebung,≤100
104068392569671,Nein zum Stadtparlament Rapperswil-Jona,"Komitee «NEIN zur neuen Gemeindeordnung, NEIN zum Stadtparlament»",≤100
285831198097799,Kloster Mariazell Wurmsbach,These ads ran without a disclaimer,≤100
113671758293671,JA zum Stadtparlament,Komitee JA zum Stadtparlament Rapperswil-Jona,≤100
474330529388223,Sigr,These ads ran without a disclaimer,≤100
104265952574760,EVP Kreuzlingen,Adrian Robin Ziörjen,≤100
813362708790951,UBP - Union Bancaire Privée,These ads ran without a disclaimer,≤100
600706570124933,Verkehrssanierungen JA,Verkehrssanierungen JA,≤100
100488762759295,FOA_Invest,These ads ran without a disclaimer,≤100
107236885595260,Simple secret,These ads ran without a disclaimer,≤100
112524957892586,the.cartographist,These ads ran without a disclaimer,≤100
471258816239362,Junge SVP Luzern,Junge SVP Luzern,≤100
389006641956517,Natalie Imboden,These ads ran without a disclaimer,≤100
100832601433972,UDC Section Ville de Genève,These ads ran without a disclaimer,≤100
100381452863244,Libertés et Justice sociale,Libertés et Justice sociale,≤100
117134184622690,Polska Prawda,These ads ran without a disclaimer,≤100
99208765016,kununu,These ads ran without a disclaimer,≤100
130124167823452,Cosmea - Unbeschwerte Tage für Körper & Umwelt,These ads ran without a disclaimer,≤100
1390745591150821,NRC - Norwegian Refugee Council,These ads ran without a disclaimer,≤100
101853839247846,Quintet Private Bank,These ads ran without a disclaimer,≤100
103360719348709,Tech Baltic Oil,These ads ran without a disclaimer,≤100
100964811927669,green__philosophy,These ads ran without a disclaimer,≤100
811970368904497,Collection &H,These ads ran without a disclaimer,≤100
116208604400692,Megadeals International AB,These ads ran without a disclaimer,≤100
113917621071936,demetriscx,These ads ran without a disclaimer,≤100
154235850999,gestalten,These ads ran without a disclaimer,≤100
102336322786355,Polska Prawda,These ads ran without a disclaimer,≤100
279656027220373,Macron Football,These ads ran without a disclaimer,≤100
100430331857111,photographtastic,These ads ran without a disclaimer,≤100
1464834243816568,Reise-ArchitekTour,These ads ran without a disclaimer,≤100
112274361383738,Agonisten,These ads ran without a disclaimer,≤100
106598718789052,Absolicon Solar Collector AB,These ads ran without a disclaimer,≤100
1352874084790500,Fresenius Kabi,These ads ran without a disclaimer,≤100
139666286225597,Euranet Plus - Official,These ads ran without a disclaimer,≤100
585612111577960,AUTOMATICA,These ads ran without a disclaimer,≤100
319932354389,Revolution,These ads ran without a disclaimer,≤100
103619205988668,Polska Prawda,These ads ran without a disclaimer,≤100
185561295623272,Move To Help Foundation,These ads ran without a disclaimer,≤100
111361091313,NICABM,These ads ran without a disclaimer,≤100
112744108786424,hansgrohe,These ads ran without a disclaimer,≤100
156788224389897,University of Toronto Scarborough (UTSC),These ads ran without a disclaimer,≤100
116033721373210,Secret007,These ads ran without a disclaimer,≤100
106942452264389,Fashion Globe,These ads ran without a disclaimer,≤100
351365901647856,Reima,These ads ran without a disclaimer,≤100
101727068829380,Контекст Европа,These ads ran without a disclaimer,≤100
272391440246842,Radu Dalas,These ads ran without a disclaimer,≤100
544839015887197,OCHSNER Wärmepumpen GmbH,These ads ran without a disclaimer,≤100
103940168020269,terracare_leather,These ads ran without a disclaimer,≤100
124924180944506,IHED-Islamischer Humanitärer Entwicklungsdienst,These ads ran without a disclaimer,≤100
111260891566401,musaidpb,These ads ran without a disclaimer,≤100
102944432128377,Der Pragmaticus,These ads ran without a disclaimer,≤100
10750083165,The Africa Report,These ads ran without a disclaimer,≤100
345531267911,Kölner Journalistenschule,These ads ran without a disclaimer,≤100
622390311179612,وقف الأمة Ümmet Vakfı,These ads ran without a disclaimer,≤100