﻿Page ID,Page name,Disclaimer,Amount spent (CHF)
169510248558,Die Mitte - Le Centre,Die Mitte,153
103550668590403,Mieux vivre sa vie,Mieux Vivre Sa Vie,121
260591187302640,Parti socialiste genevois,Parti socialiste genevois,≤100
169752569742293,Schweizerischer Gewerbeverband sgv,Schweizerischer Gewerbeverband sgv,≤100
364939817683277,Marco Hirzel Politik,Marco Hirzel Politik,≤100
103269145789541,Stop au blackout,Initiative populaire « De l’électricité pour tous en tout temps (Stop au blackout) »,≤100
218538701651843,Union suisse des arts et métiers usam,Schweizerischer Gewerbeverband sgv,≤100
111081131629685,Blackout stoppen,Volksinitiative «Jederzeit Strom für alle (Blackout stoppen)»,≤100
1092252917594218,Initiative pour les glaciers,Association suisse pour la protection du climat,≤100
107552952619935,WWF Schweiz,These ads ran without a disclaimer,≤100
200825306651250,Renato Pfeffer EVP,EVP Kanton Zürich,≤100
107552952619935,WWF Schweiz,WWF Schweiz,≤100
259871484198551,Thomas Matter,Thomas Matter,≤100
864604443735247,SVP Bezirk Dietikon,SVP Bezirk Dietikon,≤100
921336971288655,Nagra,Nagra,≤100
257497631736082,Gletscher-Initiative,Verein Klimaschutz Schweiz,≤100
158820214312321,Citations Ron Hubbard,Mieux Vivre Sa Vie,≤100
600706570124933,Verkehrssanierungen JA,Verkehrssanierungen JA,≤100
48980326364,Public Eye,Public Eye,≤100
1537771523171079,Entremont Autrement,Entremont Autrement,≤100
1700824713324064,SP Zürich 10,SP Zürich 10,≤100
102014399307738,Direkt,direkt,≤100
1524954517562834,Prominis,Prominis GmbH,≤100
112625851413162,Roman Schmid,Roman Schmid,≤100
100980232576650,Muriel Langenberger,Muriel Langenberger,≤100
101452637971744,Le Centre Lancy,Le Centre Lancy,≤100
763722197034246,En Développement,These ads ran without a disclaimer,≤100
1125155474201566,Mcg Carouge,Sandro Pistis,≤100
100267076206781,Ensemble à Gauche solidaritéS-Parti du Travail-DAL,Ensemble à Gauche,≤100
100381452863244,Libertés et Justice sociale,Libertés et Justice sociale,≤100
269029886456205,Giorgio Fonio,Giorgio Fonio,≤100
1483343695307824,Campax,Campax,≤100
109460255774283,"Soi Dog Foundation Schweiz, Deutschland, Österreich",These ads ran without a disclaimer,≤100
120307884715130,Les Vert•e•s Valais - Grüne Wallis,These ads ran without a disclaimer,≤100
107494077464434,Janine Vannaz,Janine Vannaz,≤100
238982909481105,Les Vert·e·s Genevois·es,Les Vert-e-s genevois-es,≤100
125466200895962,Valentin Landmann,Sven Kunz,≤100
2034886056799460,Raphael Tobler,Raphael Tobler,≤100
305699609616768,Verdi Liberali Ticino,verdi liberali Ticino,≤100
1599925810096142,Kreis 6/10 mit glp in die Zukunft,Grünliberale Kreis 6 und 10,≤100
102944432128377,Der Pragmaticus,These ads ran without a disclaimer,≤100
402052193189194,Siemens,These ads ran without a disclaimer,≤100
231086633606227,SVP Baselland,SVP Baselland,≤100
190133177759419,Giuseppe Cotti,Giuseppe Cotti,≤100
252652524823017,EVP Kanton Zürich,EVP Kanton Zürich,≤100
10150100771335484,24 heures,These ads ran without a disclaimer,≤100
109213507316253,SP Zürich 11,SP Zürich,≤100
100832601433972,UDC Section Ville de Genève,These ads ran without a disclaimer,≤100
100116156110843,Stop al blackout,Iniziativa popolare «Energia elettrica in ogni tempo per tutti (Stop al blackout)»,≤100
1587949341492441,Claudio Zihlmann,Claudio Zihlmann,≤100
112125218380969,holgergurtner,These ads ran without a disclaimer,≤100
608260099589519,Dominic Täubert,EVP Kanton Zürich,≤100
627220684023668,GRÜNE Zürich,Grüne Kanton Zürich,≤100
113189798267288,Karl Heinz Meyer Wahlkampf 2023,Karl Heinz Meyer,≤100
102269201722239,TV Riviera 24,Tv Riviera 24,≤100
103440272521713,Sarah Fuchs in den Kantonsrat,Sarah Fuchs,≤100
117027101705789,FDP Stadt Zürich,FDP Stadt Zürich,≤100
1476717905682561,SP Zürich 6,SP Zürich 6,≤100
136341053227140,EVP Winterthur,EVP Kanton Zürich,≤100
285831198097799,Kloster Mariazell Wurmsbach,These ads ran without a disclaimer,≤100
131136176944674,FDP.Die Liberalen Bezirk Pfäffikon,FDP.Die Liberalen Bezirk Pfäffikon,≤100
100608205575732,idealolife,These ads ran without a disclaimer,≤100
117640348266286,Ballettseminare Stuttgart,These ads ran without a disclaimer,≤100
100964811927669,green__philosophy,These ads ran without a disclaimer,≤100
185561295623272,Move To Help Foundation,These ads ran without a disclaimer,≤100
107236885595260,Simple secret,These ads ran without a disclaimer,≤100
112744108786424,hansgrohe,These ads ran without a disclaimer,≤100
101941088222965,cecilecantele,These ads ran without a disclaimer,≤100
124924180944506,IHED-Islamischer Humanitärer Entwicklungsdienst,These ads ran without a disclaimer,≤100
154235850999,gestalten,These ads ran without a disclaimer,≤100
100488762759295,FOA_Invest,These ads ran without a disclaimer,≤100
130124167823452,Cosmea - Unbeschwerte Tage für Körper & Umwelt,These ads ran without a disclaimer,≤100
112274361383738,Agonisten,These ads ran without a disclaimer,≤100
117134184622690,Polska Prawda,These ads ran without a disclaimer,≤100
139666286225597,Euranet Plus - Official,These ads ran without a disclaimer,≤100
102336322786355,Polska Prawda,These ads ran without a disclaimer,≤100
103940168020269,terracare_leather,These ads ran without a disclaimer,≤100
474330529388223,Sigr,These ads ran without a disclaimer,≤100
272391440246842,Radu Dalas,These ads ran without a disclaimer,≤100
585416874822974,Blowhammer,These ads ran without a disclaimer,≤100
100211985747396,Klimaform,These ads ran without a disclaimer,≤100