﻿Page ID,Page name,Disclaimer,Amount spent (CHF),Number of ads in Library
191859734164694,Pro Infirmis,Pro Infirmis,6404,19
100332749664541,Ja zum Klimaschutz-Gesetz,JA zum Klimaschutz,5173,49
103915262545181,KMU geprüft,KMU geprüft,4985,15
169510248558,Die Mitte - Le Centre,Die Mitte,3801,32
349450293419,Schweizerische Energie-Stiftung SES,Schweizerische Energie-Stiftung SES,3342,15
1027844850652657,Boomerang Ideas,Boomerang Ideas AG,2922,133
108204507991414,Zukunft sichern,Allianz für ein JA zur OECD-Mindeststeuer,1400,7
255506388731408,Biodiversitätsinitiative / Initiative biodiversité,Biodiversitätsinitiative / Initiative biodiversité,1276,21
97220294896,SP Schweiz,SP Schweiz,1148,1
1659576160959696,Guido Fluri Stiftung,Guido Fluri Stiftung,1092,29
106348682400630,Nova - AI Chatbot,These ads ran without a disclaimer,1052,6
48980326364,Public Eye,Public Eye,989,9
114275974912005,GE équilibre fiscal,GE équilibre fiscal,874,8
15733998334,FDP,FDP,806,13
102014399307738,Direkt,direkt,792,7
291359247729208,PS Suisse,PS Suisse,772,1
124266620968132,FDP.Die Liberalen Kanton Thurgau,FDP Thurgau,762,6
97721121385,Public Eye,Public Eye,640,9
18087904183,PLR,PLR,617,13
599025353636034,B Lab Switzerland,B LAB (SWITZERLAND),569,2
103550668590403,Mieux vivre sa vie,Mieux Vivre Sa Vie,555,18
169752569742293,Schweizerischer Gewerbeverband sgv,Schweizerischer Gewerbeverband sgv,536,8
921336971288655,Nagra,Nagra,447,6
535897123124799,Jeunes Libéraux-Radicaux Suisse,Jeunes Libéraux-Radicaux Suisses,442,13
257497631736082,Gletscher-Initiative,Verein Klimaschutz Schweiz,386,4
154976914534194,Save the Children Schweiz/Suisse,Save the Children Schweiz,353,10
809010089207949,Aperta e sovrana,aperta e sovrana,343,2
200480966638039,Supremacy 1914,These ads ran without a disclaimer,293,2
131066326987,SP Kanton Zürich,SP Kanton Zürich,285,5
1579272705641700,Gabriela Suter,Gabriela Suter,247,5
175478195846132,Les Vert·e·s suisses,Grüne Schweiz,202,1
220197041662012,Kleinbauern-Vereinigung / Petits paysans,Kleinbauern-Vereinigung VKMB,181,6
104803175931011,Vjollca Gashi,Vjollca Vivi Gashi,175,1
51415837765,Greenpeace Switzerland,Greenpeace Switzerland,167,4
8142847754,Jungfreisinnige Schweiz,Jungfreisinnige Schweiz,161,14
112233721686095,Ylfete Fanaj in den Regierungsrat,Ylfete Fanaj in den Regierungsrat,150,4
112878345109547,NON-in181 - NON à cette bombe fiscale,Fer Genève,145,6
218538701651843,Union suisse des arts et métiers usam,Schweizerischer Gewerbeverband sgv,142,4
111081131629685,Blackout stoppen,Volksinitiative «Jederzeit Strom für alle (Blackout stoppen)»,141,2
1991942507517845,Römisch-Katholische Kirche im Aargau,Römisch-Katholische Landeskirche des Kantons Aargau,140,5
2759282954298123,Emmanuel Amoos - conseiller national,Emmanuel Didier Amoos,121,1
100341315500438,Kirchensteuern sei Dank - St.Gallen,Katholischer Kofessionsteil des Kantons St.Gallen,113,2
106964611977537,Switlo,Switlo,107,2
1483343695307824,Campax,Campax,107,4
105457179189438,Karin Jung-Riedweg,Karin Jung-Riedweg,106,5
898028146978844,SUPSI Landquart Physiotherapie,These ads ran without a disclaimer,≤100,1
125466200895962,Valentin Landmann,Sven Kunz,≤100,1
135939773133793,Grüne Winterthur,Grüne Winterthur,≤100,5
145845125487053,"Jürg Grossen, Präsident Grünliberale",Jürg Grossen,≤100,3
105527252338650,perspektiveschweiz.ch,IG Wirtschaftsverbände,≤100,5
132497703498525,Pro Velo Schweiz,Pro Velo Schweiz,≤100,10
1419223321733027,Parti Socialiste Vaudois,PS vaudois,≤100,1
103237956032492,Willy Portmann,Willy Portmann,≤100,2
183441641693664,Philippe Nantermod,Etude Philippe Nantermod Sàrl,≤100,1
103269145789541,Stop au blackout,Initiative populaire « De l’électricité pour tous en tout temps (Stop au blackout) »,≤100,4
1575444522744962,Nils Fiechter,Nils Fiechter,≤100,1
113106815069066,"OUI à la LEFI - Notre logement, c’est toute notre vie",CGI,≤100,6
814161388652681,Samira Marti,Nationalrätin Samira Marti,≤100,3
490059521190894,Cercle démocratique,Barry Lopez,≤100,2
265786100439644,Grüne Freie Liste Stadt Bern,Grüne Freie Liste Stadt Bern,≤100,2
115134174862244,perspectivesuisse.ch,IG Wirtschaftsverbände,≤100,5
104460881166122,Pro Natura Valais / Wallis,Pro Natura Valais / Wallis,≤100,1
102718129475079,Ambil Sandy,Sandy Iwan Ambil,≤100,4
354548604968651,Peter Metzinger Gemeinderat FDP Dietikon,Peter Alois Metzinger,≤100,1
102733401616452,Tanja Miljanović in den Nationalrat,Tanja Miljanović,≤100,1
121446461263308,SP Kanton Schwyz,SP Kanton Schwyz,≤100,1
172348652806226,DEKRA,These ads ran without a disclaimer,≤100,1
1393128654260543,talendo,These ads ran without a disclaimer,≤100,1
784812424962943,Tele Z,TELE Z,≤100,1
100119208056282,Christian Dandrès,Christian Joseph Dandrès,≤100,1
580012422156679,Grüne Stadt Dübendorf,Grüne Stadt Dübendorf,≤100,1
106459178771498,Antonia Martina Durisch,Antonia Martina Durisch,≤100,2
155659847849677,Kantonsrat Martin Huber,Kantonsrat Martin Huber,≤100,1
108625789179165,Soi Dog Foundation,These ads ran without a disclaimer,≤100,4
115010674866173,prospettivasvizzera.ch,IG Wirtschaftsverbände,≤100,5
106080328954492,SP Gelterkinden und Umgebung,SP Gelterkinden und Umgebung,≤100,2
538981346500133,Rotho,These ads ran without a disclaimer,≤100,3
149693388517002,Equiwent int. Pferde- & Kinderhilfe,These ads ran without a disclaimer,≤100,1
106563052005929,SVP Kreuzlingen,SVP Kreuzlingen,≤100,1
2011626645562796,Andri Silberschmidt,Komitee Andri Silberschmidt,≤100,1
139890720097051,Die Mitte Muttenz,Die Mitte Muttenz,≤100,1
100116156110843,Stop al blackout,Iniziativa popolare «Energia elettrica in ogni tempo per tutti (Stop al blackout)»,≤100,12
185927128110913,SMA Solar Technology,These ads ran without a disclaimer,≤100,1
102779519060637,SP Vorderland AR,SP Vorderland AR,≤100,3
109381070613028,THE CLIMATE CHOICE,These ads ran without a disclaimer,≤100,2
110336161874621,Urban Husi in den Kantonsrat ZH,Urban Pius Matthäus Husi Fiechter,≤100,1
108232155430828,Lawyer Jan,These ads ran without a disclaimer,≤100,6
784812424962943,Tele Z,These ads ran without a disclaimer,≤100,1
109605484115257,Delphine Klopfenstein Broggini,Delphine Klopfenstein Broggini,≤100,1
2075832665775532,FDP Hochdorf,FDP.Die Liberalen Hochdorf,≤100,1
167983071434,SP Kriens,SP Kriens,≤100,1
245489546137580,Christoph Riner - bodenständige Politik,Christoph Riner - bodenständige Politik,≤100,3
654086281432152,Société pour les peuples menacés Suisse - SPM,These ads ran without a disclaimer,≤100,2
265786100439644,Grüne Freie Liste Stadt Bern,Grüne Freie Liste Bern,≤100,1
163017527046459,Jungheinrich,These ads ran without a disclaimer,≤100,1
143714586302267,Urs Bänziger FDP,Urs Baenziger,≤100,1
789371434477510,GRÜNE Basel-Stadt,Grüne Basel-Stadt,≤100,1
467503303605894,PLR Castel San Pietro,PLR Castel San Pietro,≤100,1
763722197034246,En Développement,These ads ran without a disclaimer,≤100,1
547115755657303,ReThink Daylight,These ads ran without a disclaimer,≤100,1
158820214312321,Citations Ron Hubbard,Mieux Vivre Sa Vie,≤100,1
186008238755917,amplify.ooo,These ads ran without a disclaimer,≤100,1
364457210935073,Vert'libéraux Valais / Grünliberale Wallis,Vert'libéraux Valais / Grünliberale Wallis,≤100,1
116663695061094,SP Bezirk Meilen,SP Bezirk Meilen,≤100,1
267272696776611,"Maja Riniker, Nationalrätin",Maja Riniker,≤100,1
74203385744,éditions markus haller,These ads ran without a disclaimer,≤100,1
344556287396,Penguin Bücher,These ads ran without a disclaimer,≤100,2
2261709760740382,wirtschaftskomitee.ch,Wirtschaftskomitee.ch,≤100,1
533196430187039,KMU- und Gewerbeverband Kanton Zürich,KMU- und Gewerbeverband Kanton Zürich,≤100,1
98673036962,ROLDA,These ads ran without a disclaimer,≤100,6
135816069903817,Dirk Kreuter,These ads ran without a disclaimer,≤100,5
238982909481105,Les Vert·e·s Genevois·es,Les Vert-e-s genevois-es,≤100,2
272968897162,Ferienregion Toggenburg,These ads ran without a disclaimer,≤100,1
107494077464434,Janine Vannaz,Janine Vannaz,≤100,1
1135730413199942,Mary Rose,These ads ran without a disclaimer,≤100,1
491603277588348,VTA Group,These ads ran without a disclaimer,≤100,1
117275531631620,Le Centre Fribourg-Ville / Die Mitte Stadt Freiburg,Le Centre Fribourg-Ville / Die Mitte Stadt Freiburg,≤100,1
108166048910328,Срочные Новости,These ads ran without a disclaimer,≤100,2
567417573785872,RefLab,These ads ran without a disclaimer,≤100,1
136266656430479,Volkswagen R,These ads ran without a disclaimer,≤100,1
107552952619935,WWF Schweiz,WWF Schweiz,≤100,3
103344742624341,Skarb narodowy,These ads ran without a disclaimer,≤100,1
106227118235466,IamExpat in Switzerland,These ads ran without a disclaimer,≤100,1
2569346123080290,Biznis Centar,These ads ran without a disclaimer,≤100,1
100374392742057,Weregreenly- Magazine,These ads ran without a disclaimer,≤100,33
845293775587671,Statista France,These ads ran without a disclaimer,≤100,1
12185972707,350.org,These ads ran without a disclaimer,≤100,1
105267088402300,Komisija Bijelih Traka - Commission Brassards Blancs,These ads ran without a disclaimer,≤100,1
121191740953524,Новости Европы,These ads ran without a disclaimer,≤100,1
358660427653741,UBS Formula 1,These ads ran without a disclaimer,≤100,1
117720231300445,Важно Знать,These ads ran without a disclaimer,≤100,1
487359271292536,Greator,These ads ran without a disclaimer,≤100,1
181890091876904,Medair,These ads ran without a disclaimer,≤100,1
103022776117511,Сводка новостей,These ads ran without a disclaimer,≤100,1
107237888124833,Vy Oanh Authentic - Túi xách cao cấp uy tín,These ads ran without a disclaimer,≤100,1
102964102556890,Bettermanly - Magazine page 2,These ads ran without a disclaimer,≤100,1
102072599470181,Advanced Trading,These ads ran without a disclaimer,≤100,5
110318858712956,Новости Европы,These ads ran without a disclaimer,≤100,1
110198429024146,Grünliberale Dielsdorf,These ads ran without a disclaimer,≤100,1
1408487869370774,Woody Display,These ads ran without a disclaimer,≤100,1
880959905352884,SVP Weggis,These ads ran without a disclaimer,≤100,1
805945416454845,veikko_bartel,These ads ran without a disclaimer,≤100,1
112528551833342,Mark News,These ads ran without a disclaimer,≤100,2
101176682686881,Caldwell Hutchinson,These ads ran without a disclaimer,≤100,1
112996681156640,aura_collective_,These ads ran without a disclaimer,≤100,1
771462172882741,OnePath Network,These ads ran without a disclaimer,≤100,1
111969398555528,События Дня,These ads ran without a disclaimer,≤100,1
102734576127485,Wedare 56,These ads ran without a disclaimer,≤100,1
110198429024146,Grünliberale Dielsdorf,Grünliberale Dielsdorf,≤100,2
10150100771335484,24 heures,These ads ran without a disclaimer,≤100,17
106031815565093,Geeksoutfit,These ads ran without a disclaimer,≤100,4
104990002304165,João Pedro,These ads ran without a disclaimer,≤100,1
250305668489402,Professor Kenny,These ads ran without a disclaimer,≤100,5
35779367485,Pure London,These ads ran without a disclaimer,≤100,1
110463704610731,Cute Kiwi,These ads ran without a disclaimer,≤100,1
608650595820049,The Conqueror Challenges,These ads ran without a disclaimer,≤100,1
107005552383474,Umweltecke,These ads ran without a disclaimer,≤100,1
107616545277373,YYOfi3,These ads ran without a disclaimer,≤100,1
104200678369483,CUPGRADE,These ads ran without a disclaimer,≤100,1
176508225770197,Austrian Master Classes,These ads ran without a disclaimer,≤100,1
103015059417615,emp_one,These ads ran without a disclaimer,≤100,2
153063591397681,Amazon Web Services,These ads ran without a disclaimer,≤100,1
1390745591150821,NRC - Norwegian Refugee Council,These ads ran without a disclaimer,≤100,1
110038557114533,Imagine5,These ads ran without a disclaimer,≤100,1
105188432853984,Tribune de Genève,These ads ran without a disclaimer,≤100,9
122026544199679,ID1,These ads ran without a disclaimer,≤100,1
1249630708423717,MUNER Motorvehicle University of Emilia-Romagna,These ads ran without a disclaimer,≤100,1
1643396942585509,Adventerra Games,These ads ran without a disclaimer,≤100,1
1803279899993382,"Ni Una Palmadita, Fernanda Restrepo",These ads ran without a disclaimer,≤100,2
114860764826938,nora.pragmatik,These ads ran without a disclaimer,≤100,1
100721861905643,Corinne Vonaesch - Mes Albums,These ads ran without a disclaimer,≤100,1
102855665965014,kayombo_casto,These ads ran without a disclaimer,≤100,1
114400445304441,Suunto Diving,These ads ran without a disclaimer,≤100,1
114184975000819,Unexplained Beasts,These ads ran without a disclaimer,≤100,1
105607552434777,Instalador Solar,These ads ran without a disclaimer,≤100,1
609131619115590,O čem se mluví,These ads ran without a disclaimer,≤100,1
104593458269168,Your Daily Fun Break,These ads ran without a disclaimer,≤100,3
1220981994590364,FT Partner Content,These ads ran without a disclaimer,≤100,1
368757963825913,WasteFuel,These ads ran without a disclaimer,≤100,1
112511361680353,Life at Rimac,These ads ran without a disclaimer,≤100,1
104099512361482,Funnies Now - Magazine,These ads ran without a disclaimer,≤100,2
142914269087072,Cornell Lab of Ornithology,These ads ran without a disclaimer,≤100,1
842484635804171,International Expert,These ads ran without a disclaimer,≤100,1
100451933698060,AdVenture Communist,These ads ran without a disclaimer,≤100,1
324950845227,VerkehrsRundschau,These ads ran without a disclaimer,≤100,1
113388621278432,Freedom for Norway,These ads ran without a disclaimer,≤100,1
106299475598378,profkevinfenton,These ads ran without a disclaimer,≤100,1
1914522068608165,Autolidersv,These ads ran without a disclaimer,≤100,1
184745071568863,Heumilch,These ads ran without a disclaimer,≤100,1
100810011798438,female_leadership_summit_,These ads ran without a disclaimer,≤100,1
116393014767087,ID10,These ads ran without a disclaimer,≤100,1
102669822169207,liuccina,These ads ran without a disclaimer,≤100,1
102500518635499,ENTR en,These ads ran without a disclaimer,≤100,1
108757387727541,Visite La Cruz,These ads ran without a disclaimer,≤100,1
115895401463440,Entretenimiento,These ads ran without a disclaimer,≤100,3
140556749292891,National Library of Israel,These ads ran without a disclaimer,≤100,1
102952309457793,History in Number,These ads ran without a disclaimer,≤100,2
101054365776547,Charming Changzhou,These ads ran without a disclaimer,≤100,1
110099331940978,More Hackz - MediaSmarter,These ads ran without a disclaimer,≤100,2
107514105652766,META VOCUS,These ads ran without a disclaimer,≤100,2
109135987977596,Mazzarò Sea Palace,These ads ran without a disclaimer,≤100,1
104187209333343,KI - Topaktuell,These ads ran without a disclaimer,≤100,1
100233409159869,Hilarious Slugs,These ads ran without a disclaimer,≤100,1
315543515306,Jing Daily,These ads ran without a disclaimer,≤100,1
35335786143,Cat Electric Power,These ads ran without a disclaimer,≤100,1
115540694483809,pretawolzak,These ads ran without a disclaimer,≤100,1
299227550122220,Radio Cina Internazionale,These ads ran without a disclaimer,≤100,1
111526801918998,FutureForum Alps,These ads ran without a disclaimer,≤100,1
117711131281125,Goldfinch.pro,These ads ran without a disclaimer,≤100,1
47815171686,Banyan Tree Hotels & Resorts,These ads ran without a disclaimer,≤100,1
128322628212,Falling Walls,These ads ran without a disclaimer,≤100,2
100714742526270,FTD.de,These ads ran without a disclaimer,≤100,1
324862764624322,BeautyMute Magazine,These ads ran without a disclaimer,≤100,1
114980244815721,Polistudio,These ads ran without a disclaimer,≤100,1
103940752286011,The Third Option.,These ads ran without a disclaimer,≤100,1
115643645121323,Deuter,These ads ran without a disclaimer,≤100,1
216550520609,CLAE,These ads ran without a disclaimer,≤100,1
198892435401,University of Chicago Booth School of Business,These ads ran without a disclaimer,≤100,1
100133042448587,Sneaker Toast Magazine,These ads ran without a disclaimer,≤100,1
994977213848354,Sarx,These ads ran without a disclaimer,≤100,1
112757083778788,"Economic Daily, China",These ads ran without a disclaimer,≤100,1
1249402458491333,"ThreatLocker, Inc",These ads ran without a disclaimer,≤100,1
113067177682259,PMD - Dogs is my  world,These ads ran without a disclaimer,≤100,3
1384346251813235,Frequent Traveller Circle,These ads ran without a disclaimer,≤100,1
100162738241949,Xu Zeyu,These ads ran without a disclaimer,≤100,1
103074474949945,judowasseraufbereitung,These ads ran without a disclaimer,≤100,1
155174084508744,Banque mondiale,These ads ran without a disclaimer,≤100,1
194886144517585,Solid English School,These ads ran without a disclaimer,≤100,1
301745209882851,Culture Amp,These ads ran without a disclaimer,≤100,1
722256984867966,Raytheon Missiles & Defense,These ads ran without a disclaimer,≤100,1
109023530752200,Changing Markets Foundation,These ads ran without a disclaimer,≤100,1
108733008364786,The Emissary,These ads ran without a disclaimer,≤100,1
100691083019005,Green Living Genius,These ads ran without a disclaimer,≤100,1
101678448468048,Sunbrella Europe,These ads ran without a disclaimer,≤100,1
112991661776428,ID11,These ads ran without a disclaimer,≤100,1
106933965668760,MoYah,These ads ran without a disclaimer,≤100,1
100582266255364,International Molecular Plant Protection Congress,These ads ran without a disclaimer,≤100,2
371764683018,Bezbednost.org,These ads ran without a disclaimer,≤100,1
351365901647856,Reima,These ads ran without a disclaimer,≤100,1
476179919621255,Misbar - مسبار,These ads ran without a disclaimer,≤100,1
102998939765184,Persian bms,These ads ran without a disclaimer,≤100,1
106722822373735,The Fun Insider,These ads ran without a disclaimer,≤100,2
17043549797,MIT Technology Review,These ads ran without a disclaimer,≤100,2
155438574470276,DW українською,These ads ran without a disclaimer,≤100,1
224597158386607,Rosa Luxemburg Foundation,These ads ran without a disclaimer,≤100,1
123546032572,Eppendorf Group,These ads ran without a disclaimer,≤100,1
120223804387904,dailypositivityboost,These ads ran without a disclaimer,≤100,2
333293986861604,Jean Richard MusiK,These ads ran without a disclaimer,≤100,2
105945458999217,Demenswear,These ads ran without a disclaimer,≤100,1
124275457632741,ElectronicSpecifier,These ads ran without a disclaimer,≤100,1
1457915704536726,Advokatfirmaet Magnus Legal,These ads ran without a disclaimer,≤100,1
134331253305084,ITI International Team for Implantology,These ads ran without a disclaimer,≤100,1