﻿Page ID,Page name,Disclaimer,Amount spent (CHF)
176998335660824,PLRT,PLRT,390
463645587339110,Piero Marchesi,Piero Marchesi,351
111539168454051,Avanti,Avanti,267
269029886456205,Giorgio Fonio,Giorgio Fonio,259
1439209716323593,UDC Ticino,UDC Ticino,218
305699609616768,Verdi Liberali Ticino,verdi liberali Ticino,217
190133177759419,Giuseppe Cotti,Giuseppe Cotti,152
453655411351244,Giovani UDC Ticino,Giovani UDC Ticino,138
676306169090037,Remzi Durmishi,Remzi Durmishi,117
283357338846138,Alain Bühler - UDC,Alain Bühler - UDC,114
291504744242501,Lega dei Ticinesi - sezione Chiasso,Stefano Tonini,≤100
164505246934484,"Gianluca Padlina, il Centro",Gianluca Padlina,≤100
512160575468385,Rodolfo Pulino,Rodolfo Pulino,≤100
353969997649,Partito Comunista - Svizzera,Partito Comunista,≤100
160010804210071,Diego Baratti - UDC,Diego Baratti,≤100
105890175750510,Luca Carbone  lucacarbone.ch,Luca Carbone,≤100
1526697364280066,Partito Socialista Ticino,Partito Socialista Ticino,≤100
390928554334317,Il Centro Mendrisio,Il Centro Mendrisio,≤100
101122865395791,Matteo Buzzi,Matteo Buzzi,≤100
119653091058565,Arik Fallet,Arik Patrik Fallet,≤100
104426225059688,Daniele Piccaluga,Daniele Piccaluga,≤100
97220294896,SP Schweiz,SP Schweiz,≤100
618990544877607,Natalia Ferrara,Natalia Ferrara,≤100
102269201722239,TV Riviera 24,Tv Riviera 24,≤100
104176871670876,Renteninitiative - Für eine sichere & nachhaltige Altersvorsorge,Verein Renteninitiative,≤100
105091890833799,Cristina Zanini Barzaghi,Cristina Zanini Barzaghi,≤100
1228764747205797,Partito Socialista comune di Riviera,José Del Romano,≤100
104436099264189,Chiappini Giorgio,Giorgio Chiappini,≤100
407589322626461,Centro di socializzazione Baby Planet,These ads ran without a disclaimer,≤100
48980326364,Public Eye,Public Eye,≤100
169752569742293,Schweizerischer Gewerbeverband sgv,Schweizerischer Gewerbeverband sgv,≤100
1033932949973658,Sara Demir,Sara Demir,≤100
553101375069991,Jacopo Scacchi,Jacopo Scacchi,≤100
1636440209972703,Alberto Togni,Alberto Togni,≤100
859017794123127,Gioventù Socialista Ticino,These ads ran without a disclaimer,≤100
353685744720476,Jungfreisinnige Stadt Luzern,Jungfreisinnige Stadt Luzern,≤100
1119743458038095,I Verdi del Bellinzonese,These ads ran without a disclaimer,≤100
203499872999296,Die Mitte Weinfelden,Die Mitte Weinfelden,≤100
100799119620947,Mirco De Savelli,Mirco De Savelli,≤100
194790813901953,Grüne Schweiz,Grüne Schweiz,≤100
100980232576650,Muriel Langenberger,Muriel Langenberger,≤100
111081131629685,Blackout stoppen,Volksinitiative «Jederzeit Strom für alle (Blackout stoppen)»,≤100
100116156110843,Stop al blackout,Iniziativa popolare «Energia elettrica in ogni tempo per tutti (Stop al blackout)»,≤100
175478195846132,Les Vert·e·s suisses,Grüne Schweiz,≤100
169510248558,Die Mitte - Le Centre,Die Mitte,≤100
102014399307738,Direkt,direkt,≤100
149693388517002,Equiwent int. Pferde- & Kinderhilfe,These ads ran without a disclaimer,≤100
1483343695307824,Campax,Campax,≤100
103190662706168,NON à la Loi sur la Chasse.,Rolf Hugo Hilfiker,≤100
921336971288655,Nagra,Nagra,≤100
663896104043182,Kultur Luzern,Kultur Luzern,≤100
105182149185389,Andrea Saporito PLR,Andrea Saporito,≤100
107126168963330,Pascal Mueller-Born,Pascal Alois Müller Born,≤100
104539708901187,CHARGENOW,These ads ran without a disclaimer,≤100
100267076206781,Ensemble à Gauche solidaritéS-Parti du Travail-DAL,Ensemble à Gauche,≤100
1524954517562834,Prominis,Prominis GmbH,≤100
259871484198551,Thomas Matter,Thomas Matter,≤100
1786281698254156,Grether’s Pastilles,These ads ran without a disclaimer,≤100
1012263022170223,HotellerieSuisse,HotellerieSuisse,≤100
80305304937,Grünliberale Partei Sursee,Grünliberale Partei Sursee,≤100
143674429003483,PLR.Les Libéraux-Radicaux Lausanne,Sandro Guiseppe Patronaggio,≤100
251838211585945,SP Basel-Stadt,SP Basel-Stadt,≤100
125466200895962,Valentin Landmann,Sven Kunz,≤100
467503303605894,PLR Castel San Pietro,PLR Castel San Pietro,≤100
100326286331923,nidwalden2040,These ads ran without a disclaimer,≤100
232500263453549,Air Zermatt AG,These ads ran without a disclaimer,≤100
193388757364033,Solidar Suisse,Solidar Suisse,≤100
101670246199662,Claudia Wicki-Huonder,Claudia Wicki-Huonder,≤100
202907189862969,Verdi Liberali,Parti vert'libéral Suisse,≤100
103269145789541,Stop au blackout,Initiative populaire « De l’électricité pour tous en tout temps (Stop au blackout) »,≤100
100381452863244,Libertés et Justice sociale,Libertés et Justice sociale,≤100
478670012154037,Think Then Choose Wisely,These ads ran without a disclaimer,≤100
809697199378485,Sandra Cellarius,Sandra Alice Cellarius,≤100
126289610761942,Grünliberale,Grünliberale,≤100
179829952053386,Vert'libéraux,Parti vert'libéral Suisse,≤100
114584561517154,Komitee für ein JA zum Basler Steuerpaket,Komitee JA! zum Basler Steuerpaket,≤100
763722197034246,En Développement,These ads ran without a disclaimer,≤100
100395329108239,Game brave HJGFD,These ads ran without a disclaimer,≤100
443759602329201,AT Verlag,These ads ran without a disclaimer,≤100
109213507316253,SP Zürich 11,SP Zürich,≤100
1668727020033292,Givaudan,These ads ran without a disclaimer,≤100
106342144370236,Human Rights Watch Switzerland,Human Rights Watch Inc.,≤100
104265952574760,EVP Kreuzlingen,Adrian Robin Ziörjen,≤100
1428446103911001,Glas Za Bosnu,These ads ran without a disclaimer,≤100
102832392688253,Southland 360,These ads ran without a disclaimer,≤100
654086281432152,Société pour les peuples menacés Suisse - SPM,These ads ran without a disclaimer,≤100
729580320403780,BauernZeitung,These ads ran without a disclaimer,≤100
1389696117991409,Voix de Gauche Confignon,These ads ran without a disclaimer,≤100
93922637103,digitec.ch,These ads ran without a disclaimer,≤100
108291922141516,Lawk Kuncryni,These ads ran without a disclaimer,≤100
1415439555351343,Life Forestry,These ads ran without a disclaimer,≤100
100989286088085,Door To Door Travel - CA,These ads ran without a disclaimer,≤100
354001835636181,Espresso Pionorissimo,These ads ran without a disclaimer,≤100
103172615751312,Switch2Zero,These ads ran without a disclaimer,≤100
544839015887197,OCHSNER Wärmepumpen GmbH,These ads ran without a disclaimer,≤100
132819526758532,Siemens Healthineers,These ads ran without a disclaimer,≤100
141122182573017,World Vision Österreich,These ads ran without a disclaimer,≤100
155174084508744,Banque mondiale,These ads ran without a disclaimer,≤100
1115002345189042,Netzwerk Culinaria,These ads ran without a disclaimer,≤100
103984249303226,Hnidari,These ads ran without a disclaimer,≤100
107923355561174,شاوي في سويسرا,These ads ran without a disclaimer,≤100
104905208856666,Єдиний державний хаб зі збору доказів воєнних злочинів,These ads ran without a disclaimer,≤100
106598315582418,wodewa,These ads ran without a disclaimer,≤100
109460255774283,"Soi Dog Foundation Schweiz, Deutschland, Österreich",These ads ran without a disclaimer,≤100
103327575982403,Vality,These ads ran without a disclaimer,≤100
112274361383738,Agonisten,These ads ran without a disclaimer,≤100
267264199961398,Change the World Model United Nations,These ads ran without a disclaimer,≤100
106333540990746,Hytecon,These ads ran without a disclaimer,≤100
184530568252115,Sündflut,These ads ran without a disclaimer,≤100