﻿Page ID,Page name,Disclaimer,Amount spent (CHF)
112750821712602,Ruedi Hug als Bezirksrichter,Rudolf Hug,1645
97220294896,SP Schweiz,SP Schweiz,829
108843502117518,Andreas Baeckert,Andreas Peter Baeckert,330
154976914534194,Save the Children Schweiz/Suisse,Save the Children Schweiz,254
123181265014100,FDP.Die Liberalen Oberrieden,FDP Oberrieden,138
109213507316253,SP Zürich 11,SP Zürich,124
106591559016696,Guido Lehmann,Guido Lehmann,104
194790813901953,Grüne Schweiz,Grüne Schweiz,≤100
1524859774444235,Koalition für Konzernverantwortung,Koalition für Konzernverantwortung,≤100
104176871670876,Renteninitiative - Für eine sichere & nachhaltige Altersvorsorge,Verein Renteninitiative,≤100
231320586878427,Hauseigentümerverband (HEV) Region Winterthur,Hauseigentümerverband Region Winterthur,≤100
1769803096579445,Grünliberale Bezirk Horgen,Grünliberale Bezirk Horgen,≤100
169510248558,Die Mitte - Le Centre,Die Mitte,≤100
784812424962943,Tele Z,TELE Z,≤100
169752569742293,Schweizerischer Gewerbeverband sgv,Schweizerischer Gewerbeverband sgv,≤100
192244290829565,Anita Borer,Anita Borer,≤100
125466200895962,Valentin Landmann,Sven Kunz,≤100
1524954517562834,Prominis,Prominis GmbH,≤100
1483343695307824,Campax,Campax,≤100
103237956032492,Willy Portmann,Willy Portmann,≤100
111081131629685,Blackout stoppen,Volksinitiative «Jederzeit Strom für alle (Blackout stoppen)»,≤100
48980326364,Public Eye,Public Eye,≤100
102014399307738,Direkt,direkt,≤100
259871484198551,Thomas Matter,Thomas Matter,≤100
117741198303856,FDP Kanton Zürich,FDP Kanton Zürich,≤100
1786281698254156,Grether’s Pastilles,These ads ran without a disclaimer,≤100
2011626645562796,Andri Silberschmidt,Komitee Andri Silberschmidt,≤100
100160498946252,Grüne Volketswil,Grüne Bezirk Uster,≤100
149693388517002,Equiwent int. Pferde- & Kinderhilfe,These ads ran without a disclaimer,≤100
105890175750510,Luca Carbone  lucacarbone.ch,Luca Carbone,≤100
203499872999296,Die Mitte Weinfelden,Die Mitte Weinfelden,≤100
1012263022170223,HotellerieSuisse,HotellerieSuisse,≤100
122849551077569,Democrats Abroad Switzerland,Democrats Abroad,≤100
100213996124067,Grünliberale Sektion Emmen-Hochdorf,Grünliberale Sektion Emmen-Hochdorf,≤100
663896104043182,Kultur Luzern,Kultur Luzern,≤100
580012422156679,Grüne Stadt Dübendorf,Grüne Stadt Dübendorf,≤100
533593610474670,Susanne Vincenz-Stauffacher,Susanne Vincenz-Stauffacher,≤100
921336971288655,Nagra,Nagra,≤100
353685744720476,Jungfreisinnige Stadt Luzern,Jungfreisinnige Stadt Luzern,≤100
888626258006362,"Barbara Gysi, Nationalrätin SP",Barbara Gysi,≤100
107126168963330,Pascal Mueller-Born,Pascal Alois Müller Born,≤100
100980232576650,Muriel Langenberger,Muriel Langenberger,≤100
1476717905682561,SP Zürich 6,SP Zürich 6,≤100
251838211585945,SP Basel-Stadt,SP Basel-Stadt,≤100
109460255774283,"Soi Dog Foundation Schweiz, Deutschland, Österreich",These ads ran without a disclaimer,≤100
600706570124933,Verkehrssanierungen JA,Komitee Verkehrssanierungen JA,≤100
101670246199662,Claudia Wicki-Huonder,Claudia Wicki-Huonder,≤100
101986432797310,Anna-Sophia Spieler,Anna-Sophia Spieler,≤100
809697199378485,Sandra Cellarius,Sandra Alice Cellarius,≤100
36735923253,umverkehR,umverkehR,≤100
103190662706168,NON à la Loi sur la Chasse.,Rolf Hugo Hilfiker,≤100
175478195846132,Les Vert·e·s suisses,Grüne Schweiz,≤100
104539708901187,CHARGENOW,These ads ran without a disclaimer,≤100
100116156110843,Stop al blackout,Iniziativa popolare «Energia elettrica in ogni tempo per tutti (Stop al blackout)»,≤100
478670012154037,Think Then Choose Wisely,These ads ran without a disclaimer,≤100
80305304937,Grünliberale Partei Sursee,Grünliberale Partei Sursee,≤100
93922637103,digitec.ch,These ads ran without a disclaimer,≤100
104265952574760,EVP Kreuzlingen,Adrian Robin Ziörjen,≤100
113705888299386,Hermone,These ads ran without a disclaimer,≤100
1115002345189042,Netzwerk Culinaria,These ads ran without a disclaimer,≤100
104905208856666,Єдиний державний хаб зі збору доказів воєнних злочинів,These ads ran without a disclaimer,≤100
100326286331923,nidwalden2040,These ads ran without a disclaimer,≤100
107781380556722,Jonas Ineichen,Jonas Ineichen,≤100
223727604375090,EVP Frauenfeld,EVP Frauenfeld,≤100
193388757364033,Solidar Suisse,Solidar Suisse,≤100
103269145789541,Stop au blackout,Initiative populaire « De l’électricité pour tous en tout temps (Stop au blackout) »,≤100
104068392569671,Nein zum Stadtparlament Rapperswil-Jona,"Komitee «NEIN zur neuen Gemeindeordnung, NEIN zum Stadtparlament»",≤100
114584561517154,Komitee für ein JA zum Basler Steuerpaket,Komitee JA! zum Basler Steuerpaket,≤100
100756302940852,Raimund Wenger - Kantonsratswahlen 2023,Raimund Wenger,≤100
113671758293671,JA zum Stadtparlament,Komitee JA zum Stadtparlament Rapperswil-Jona,≤100
143674429003483,PLR.Les Libéraux-Radicaux Lausanne,Sandro Guiseppe Patronaggio,≤100
100381452863244,Libertés et Justice sociale,Libertés et Justice sociale,≤100
264952450282664,JUSO Luzern,JUSO Luzern,≤100
372803770225965,Mario Cozzio - GLP,Mario Cozzio - GLP,≤100
100267076206781,Ensemble à Gauche solidaritéS-Parti du Travail-DAL,Ensemble à Gauche,≤100
106342144370236,Human Rights Watch Switzerland,Human Rights Watch Inc.,≤100
467503303605894,PLR Castel San Pietro,PLR Castel San Pietro,≤100
729580320403780,BauernZeitung,These ads ran without a disclaimer,≤100
1668727020033292,Givaudan,These ads ran without a disclaimer,≤100
126289610761942,Grünliberale,Grünliberale,≤100
245489546137580,Christoph Riner - bodenständige Politik,Christoph Riner - bodenständige Politik,≤100
202907189862969,Verdi Liberali,Parti vert'libéral Suisse,≤100
443759602329201,AT Verlag,These ads ran without a disclaimer,≤100
100604746308170,Nora Stahr,Nora Katrina Stahr,≤100
102832392688253,Southland 360,These ads ran without a disclaimer,≤100
179829952053386,Vert'libéraux,Parti vert'libéral Suisse,≤100
1428446103911001,Glas Za Bosnu,These ads ran without a disclaimer,≤100
354001835636181,Espresso Pionorissimo,These ads ran without a disclaimer,≤100
338594860170192,Vân Thâm Nhất Mộng,These ads ran without a disclaimer,≤100
108291922141516,Lawk Kuncryni,These ads ran without a disclaimer,≤100
107377835575567,Ronity,These ads ran without a disclaimer,≤100
81806132468,Bilan Magazine,These ads ran without a disclaimer,≤100
1389696117991409,Voix de Gauche Confignon,These ads ran without a disclaimer,≤100
267264199961398,Change the World Model United Nations,These ads ran without a disclaimer,≤100
102582072617001,Yey Story,These ads ran without a disclaimer,≤100
195527633503,Famille Perrin,These ads ran without a disclaimer,≤100
103327575982403,Vality,These ads ran without a disclaimer,≤100
544839015887197,OCHSNER Wärmepumpen GmbH,These ads ran without a disclaimer,≤100
112274361383738,Agonisten,These ads ran without a disclaimer,≤100
655306304621174,Udemy Business,These ads ran without a disclaimer,≤100
105224495517698,Nikolaos Kalodimidis,These ads ran without a disclaimer,≤100
1415439555351343,Life Forestry,These ads ran without a disclaimer,≤100
200061417400138,Frank Aulich,These ads ran without a disclaimer,≤100
1809714036021581,ProVeg International,These ads ran without a disclaimer,≤100
155174084508744,Banque mondiale,These ads ran without a disclaimer,≤100
184530568252115,Sündflut,These ads ran without a disclaimer,≤100
106598315582418,wodewa,These ads ran without a disclaimer,≤100
104764224882840,Magico,These ads ran without a disclaimer,≤100
61863318139,World Resources Institute,These ads ran without a disclaimer,≤100
100989286088085,Door To Door Travel - CA,These ads ran without a disclaimer,≤100
102224325029636,Sunčica studio,These ads ran without a disclaimer,≤100
2035414053248406,Trashbin.store,These ads ran without a disclaimer,≤100
1394433430864608,GIGOS,These ads ran without a disclaimer,≤100
1386091578286558,ARX,These ads ran without a disclaimer,≤100
103172615751312,Switch2Zero,These ads ran without a disclaimer,≤100
141122182573017,World Vision Österreich,These ads ran without a disclaimer,≤100
111423344754873,Ngọc Sương,These ads ran without a disclaimer,≤100
106333540990746,Hytecon,These ads ran without a disclaimer,≤100
763722197034246,En Développement,These ads ran without a disclaimer,≤100
106914145511790,Family Unit,These ads ran without a disclaimer,≤100
108677198363140,blacklivesfromgeneration,These ads ran without a disclaimer,≤100
103984249303226,Hnidari,These ads ran without a disclaimer,≤100
114898228070062,So Savvy,These ads ran without a disclaimer,≤100