﻿Page ID,Page name,Disclaimer,Amount spent (CHF)
105380182425137,Michael Jäger,Hans Michael Jäger,≤100
97220294896,SP Schweiz,SP Schweiz,≤100
533593610474670,Susanne Vincenz-Stauffacher,Susanne Vincenz-Stauffacher,≤100
154976914534194,Save the Children Schweiz/Suisse,Save the Children Schweiz,≤100
104176871670876,Renteninitiative - Für eine sichere & nachhaltige Altersvorsorge,Verein Renteninitiative,≤100
169752569742293,Schweizerischer Gewerbeverband sgv,Schweizerischer Gewerbeverband sgv,≤100
1524954517562834,Prominis,Prominis GmbH,≤100
169510248558,Die Mitte - Le Centre,Die Mitte,≤100
259871484198551,Thomas Matter,Thomas Matter,≤100
104265952574760,EVP Kreuzlingen,Adrian Robin Ziörjen,≤100
100604746308170,Nora Stahr,Nora Katrina Stahr,≤100
105890175750510,Luca Carbone  lucacarbone.ch,Luca Carbone,≤100
111081131629685,Blackout stoppen,Volksinitiative «Jederzeit Strom für alle (Blackout stoppen)»,≤100
102014399307738,Direkt,direkt,≤100
1786281698254156,Grether’s Pastilles,These ads ran without a disclaimer,≤100
1012263022170223,HotellerieSuisse,HotellerieSuisse,≤100
353685744720476,Jungfreisinnige Stadt Luzern,Jungfreisinnige Stadt Luzern,≤100
101670246199662,Claudia Wicki-Huonder,Claudia Wicki-Huonder,≤100
203499872999296,Die Mitte Weinfelden,Die Mitte Weinfelden,≤100
80305304937,Grünliberale Partei Sursee,Grünliberale Partei Sursee,≤100
125466200895962,Valentin Landmann,Sven Kunz,≤100
100980232576650,Muriel Langenberger,Muriel Langenberger,≤100
122849551077569,Democrats Abroad Switzerland,Democrats Abroad,≤100
1483343695307824,Campax,Campax,≤100
729580320403780,BauernZeitung,These ads ran without a disclaimer,≤100
48980326364,Public Eye,Public Eye,≤100
103190662706168,NON à la Loi sur la Chasse.,Rolf Hugo Hilfiker,≤100
93922637103,digitec.ch,These ads ran without a disclaimer,≤100
194790813901953,Grüne Schweiz,Grüne Schweiz,≤100
106342144370236,Human Rights Watch Switzerland,Human Rights Watch Inc.,≤100
888626258006362,"Barbara Gysi, Nationalrätin SP",Barbara Gysi,≤100
193388757364033,Solidar Suisse,Solidar Suisse,≤100
107126168963330,Pascal Mueller-Born,Pascal Alois Müller Born,≤100
921336971288655,Nagra,Nagra,≤100
100381452863244,Libertés et Justice sociale,Libertés et Justice sociale,≤100
104539708901187,CHARGENOW,These ads ran without a disclaimer,≤100
149693388517002,Equiwent int. Pferde- & Kinderhilfe,These ads ran without a disclaimer,≤100