﻿Page ID,Page name,Disclaimer,Amount spent (CHF)
106252468372887,Isabelle Chassot,Isabelle Chassot,463
600706570124933,Verkehrssanierungen JA,Komitee Verkehrssanierungen JA,304
1375919459335334,Le Centre Fribourg I Die Mitte Freiburg,Le Centre Fribourg,115
103550668590403,Mieux vivre sa vie,Mieux Vivre Sa Vie,≤100
97220294896,SP Schweiz,SP Schweiz,≤100
510352742440847,Coalition pour des multinationales responsables,Coalition pour des multinationales responsables,≤100
154976914534194,Save the Children Schweiz/Suisse,Save the Children Schweiz,≤100
144333642290202,Savio Michellod - Par amour de la Veveyse,Savio Herve Michellod,≤100
104176871670876,Renteninitiative - Für eine sichere & nachhaltige Altersvorsorge,Verein Renteninitiative,≤100
175478195846132,Les Vert·e·s suisses,Grüne Schweiz,≤100
232500263453549,Air Zermatt AG,These ads ran without a disclaimer,≤100
169510248558,Die Mitte - Le Centre,Die Mitte,≤100
764858193642975,"Pierre-André Page, Conseiller National",Pierre André Page,≤100
103190662706168,NON à la Loi sur la Chasse.,Rolf Hugo Hilfiker,≤100
169752569742293,Schweizerischer Gewerbeverband sgv,Schweizerischer Gewerbeverband sgv,≤100
48980326364,Public Eye,Public Eye,≤100
194790813901953,Grüne Schweiz,Grüne Schweiz,≤100
105890175750510,Luca Carbone  lucacarbone.ch,Luca Carbone,≤100
111081131629685,Blackout stoppen,Volksinitiative «Jederzeit Strom für alle (Blackout stoppen)»,≤100
353685744720476,Jungfreisinnige Stadt Luzern,Jungfreisinnige Stadt Luzern,≤100
169801146096,Chaîne du Bonheur,These ads ran without a disclaimer,≤100
1524954517562834,Prominis,Prominis GmbH,≤100
158820214312321,Citations Ron Hubbard,Mieux Vivre Sa Vie,≤100
203499872999296,Die Mitte Weinfelden,Die Mitte Weinfelden,≤100
102014399307738,Direkt,direkt,≤100
103269145789541,Stop au blackout,Initiative populaire « De l’électricité pour tous en tout temps (Stop au blackout) »,≤100
100980232576650,Muriel Langenberger,Muriel Langenberger,≤100
54635177985,FIFDH Genève,FIFDH Genève,≤100
149693388517002,Equiwent int. Pferde- & Kinderhilfe,These ads ran without a disclaimer,≤100
1483343695307824,Campax,Campax,≤100
1786281698254156,Grether’s Pastilles,These ads ran without a disclaimer,≤100
259871484198551,Thomas Matter,Thomas Matter,≤100
106633338588922,"Association Biodiversité, Culture et Patrimoine",These ads ran without a disclaimer,≤100
100267076206781,Ensemble à Gauche solidaritéS-Parti du Travail-DAL,Ensemble à Gauche,≤100
1435425713453929,PS Gros de Vaud,PS Gros-de-Vaud,≤100
663896104043182,Kultur Luzern,Kultur Luzern,≤100
100381452863244,Libertés et Justice sociale,Libertés et Justice sociale,≤100
921336971288655,Nagra,Nagra,≤100
1012263022170223,HotellerieSuisse,HotellerieSuisse,≤100
104539708901187,CHARGENOW,These ads ran without a disclaimer,≤100
143674429003483,PLR.Les Libéraux-Radicaux Lausanne,Sandro Guiseppe Patronaggio,≤100
117275531631620,Le Centre Fribourg-Ville / Die Mitte Stadt Freiburg,Le Centre Fribourg-Ville / Die Mitte Stadt Freiburg,≤100
763722197034246,En Développement,These ads ran without a disclaimer,≤100
107126168963330,Pascal Mueller-Born,Pascal Alois Müller Born,≤100
1004669426211864,Parti socialiste Prilly,Parti socialiste de Prilly,≤100
122849551077569,Democrats Abroad Switzerland,Democrats Abroad,≤100
106829796092871,Mieterinnen- & Mieterverband Kanton Bern,Mieterinnen- und Mieterverband Kanton Bern,≤100
109889895328694,Megastrassen 2 x NEIN,Komitee gegen Megastrassen,≤100
125466200895962,Valentin Landmann,Sven Kunz,≤100
101670246199662,Claudia Wicki-Huonder,Claudia Wicki-Huonder,≤100
114583194860029,Association Chantal Mauduit Suisse,These ads ran without a disclaimer,≤100
100116156110843,Stop al blackout,Iniziativa popolare «Energia elettrica in ogni tempo per tutti (Stop al blackout)»,≤100
600706570124933,Verkehrssanierungen JA,Verkehrssanierungen JA,≤100
251838211585945,SP Basel-Stadt,SP Basel-Stadt,≤100
100326286331923,nidwalden2040,These ads ran without a disclaimer,≤100
478670012154037,Think Then Choose Wisely,These ads ran without a disclaimer,≤100
80305304937,Grünliberale Partei Sursee,Grünliberale Partei Sursee,≤100
93922637103,digitec.ch,These ads ran without a disclaimer,≤100
654086281432152,Société pour les peuples menacés Suisse - SPM,These ads ran without a disclaimer,≤100
179829952053386,Vert'libéraux,Parti vert'libéral Suisse,≤100
814167488642404,La Media,These ads ran without a disclaimer,≤100
809697199378485,Sandra Cellarius,Sandra Alice Cellarius,≤100
443759602329201,AT Verlag,These ads ran without a disclaimer,≤100
193388757364033,Solidar Suisse,Solidar Suisse,≤100
202907189862969,Verdi Liberali,Parti vert'libéral Suisse,≤100
102832392688253,Southland 360,These ads ran without a disclaimer,≤100
467503303605894,PLR Castel San Pietro,PLR Castel San Pietro,≤100
729580320403780,BauernZeitung,These ads ran without a disclaimer,≤100
113671758293671,JA zum Stadtparlament,Komitee JA zum Stadtparlament Rapperswil-Jona,≤100
1389696117991409,Voix de Gauche Confignon,These ads ran without a disclaimer,≤100
1668727020033292,Givaudan,These ads ran without a disclaimer,≤100
81806132468,Bilan Magazine,These ads ran without a disclaimer,≤100
113153791715534,ironroca83,These ads ran without a disclaimer,≤100
106342144370236,Human Rights Watch Switzerland,Human Rights Watch Inc.,≤100
108291922141516,Lawk Kuncryni,These ads ran without a disclaimer,≤100
126289610761942,Grünliberale,Grünliberale,≤100
103984249303226,Hnidari,These ads ran without a disclaimer,≤100
61863318139,World Resources Institute,These ads ran without a disclaimer,≤100
106598315582418,wodewa,These ads ran without a disclaimer,≤100
100989286088085,Door To Door Travel - CA,These ads ran without a disclaimer,≤100
112274361383738,Agonisten,These ads ran without a disclaimer,≤100
111423344754873,Ngọc Sương,These ads ran without a disclaimer,≤100
103172615751312,Switch2Zero,These ads ran without a disclaimer,≤100
155174084508744,Banque mondiale,These ads ran without a disclaimer,≤100
104905208856666,Єдиний державний хаб зі збору доказів воєнних злочинів,These ads ran without a disclaimer,≤100
354001835636181,Espresso Pionorissimo,These ads ran without a disclaimer,≤100
107923355561174,شاوي في سويسرا,These ads ran without a disclaimer,≤100
106333540990746,Hytecon,These ads ran without a disclaimer,≤100
109460255774283,"Soi Dog Foundation Schweiz, Deutschland, Österreich",These ads ran without a disclaimer,≤100
200061417400138,Frank Aulich,These ads ran without a disclaimer,≤100
544839015887197,OCHSNER Wärmepumpen GmbH,These ads ran without a disclaimer,≤100
1415439555351343,Life Forestry,These ads ran without a disclaimer,≤100
109376282081332,Instant Hacking,These ads ran without a disclaimer,≤100
100395329108239,Game brave HJGFD,These ads ran without a disclaimer,≤100
141122182573017,World Vision Österreich,These ads ran without a disclaimer,≤100
106770895646817,daniel.hrts,These ads ran without a disclaimer,≤100
105224495517698,Nikolaos Kalodimidis,These ads ran without a disclaimer,≤100
184530568252115,Sündflut,These ads ran without a disclaimer,≤100
1115002345189042,Netzwerk Culinaria,These ads ran without a disclaimer,≤100