﻿Page ID,Page name,Disclaimer,Amount spent (CHF)
97220294896,SP Schweiz,SP Schweiz,≤100
169510248558,Die Mitte - Le Centre,Die Mitte,≤100
111081131629685,Blackout stoppen,Volksinitiative «Jederzeit Strom für alle (Blackout stoppen)»,≤100
105890175750510,Luca Carbone  lucacarbone.ch,Luca Carbone,≤100
194790813901953,Grüne Schweiz,Grüne Schweiz,≤100
102014399307738,Direkt,direkt,≤100
104176871670876,Renteninitiative - Für eine sichere & nachhaltige Altersvorsorge,Verein Renteninitiative,≤100
169752569742293,Schweizerischer Gewerbeverband sgv,Schweizerischer Gewerbeverband sgv,≤100
48980326364,Public Eye,Public Eye,≤100
100326286331923,nidwalden2040,These ads ran without a disclaimer,≤100
1786281698254156,Grether’s Pastilles,These ads ran without a disclaimer,≤100
921336971288655,Nagra,Nagra,≤100
125466200895962,Valentin Landmann,Sven Kunz,≤100
101670246199662,Claudia Wicki-Huonder,Claudia Wicki-Huonder,≤100
175478195846132,Les Vert·e·s suisses,Grüne Schweiz,≤100