﻿Page ID,Page name,Disclaimer,Amount spent (CHF)
335404453537186,Die Mitte Binningen-Bottmingen,Die Mitte Binningen-Bottmingen,366
97220294896,SP Schweiz,SP Schweiz,≤100
251838211585945,SP Basel-Stadt,SP Basel-Stadt,≤100
154976914534194,Save the Children Schweiz/Suisse,Save the Children Schweiz,≤100
600706570124933,Verkehrssanierungen JA,Komitee Verkehrssanierungen JA,≤100
106254955524910,SVP Binningen,SVP Binningen,≤100
1524859774444235,Koalition für Konzernverantwortung,Koalition für Konzernverantwortung,≤100
194790813901953,Grüne Schweiz,Grüne Schweiz,≤100
169752569742293,Schweizerischer Gewerbeverband sgv,Schweizerischer Gewerbeverband sgv,≤100
104176871670876,Renteninitiative - Für eine sichere & nachhaltige Altersvorsorge,Verein Renteninitiative,≤100
1524954517562834,Prominis,Prominis GmbH,≤100
103190662706168,NON à la Loi sur la Chasse.,Rolf Hugo Hilfiker,≤100
114584561517154,Komitee für ein JA zum Basler Steuerpaket,Komitee JA! zum Basler Steuerpaket,≤100
111081131629685,Blackout stoppen,Volksinitiative «Jederzeit Strom für alle (Blackout stoppen)»,≤100
48980326364,Public Eye,Public Eye,≤100
169510248558,Die Mitte - Le Centre,Die Mitte,≤100
102014399307738,Direkt,direkt,≤100
149693388517002,Equiwent int. Pferde- & Kinderhilfe,These ads ran without a disclaimer,≤100
259871484198551,Thomas Matter,Thomas Matter,≤100
1786281698254156,Grether’s Pastilles,These ads ran without a disclaimer,≤100
203499872999296,Die Mitte Weinfelden,Die Mitte Weinfelden,≤100
663896104043182,Kultur Luzern,Kultur Luzern,≤100
105890175750510,Luca Carbone  lucacarbone.ch,Luca Carbone,≤100
125466200895962,Valentin Landmann,Sven Kunz,≤100
1483343695307824,Campax,Campax,≤100
1012263022170223,HotellerieSuisse,HotellerieSuisse,≤100
122849551077569,Democrats Abroad Switzerland,Democrats Abroad,≤100
353685744720476,Jungfreisinnige Stadt Luzern,Jungfreisinnige Stadt Luzern,≤100
100980232576650,Muriel Langenberger,Muriel Langenberger,≤100
101670246199662,Claudia Wicki-Huonder,Claudia Wicki-Huonder,≤100
921336971288655,Nagra,Nagra,≤100
107126168963330,Pascal Mueller-Born,Pascal Alois Müller Born,≤100
80305304937,Grünliberale Partei Sursee,Grünliberale Partei Sursee,≤100
809697199378485,Sandra Cellarius,Sandra Alice Cellarius,≤100
193388757364033,Solidar Suisse,Solidar Suisse,≤100
478670012154037,Think Then Choose Wisely,These ads ran without a disclaimer,≤100
100116156110843,Stop al blackout,Iniziativa popolare «Energia elettrica in ogni tempo per tutti (Stop al blackout)»,≤100
93922637103,digitec.ch,These ads ran without a disclaimer,≤100
100326286331923,nidwalden2040,These ads ran without a disclaimer,≤100
175478195846132,Les Vert·e·s suisses,Grüne Schweiz,≤100
1476717905682561,SP Zürich 6,SP Zürich 6,≤100
729580320403780,BauernZeitung,These ads ran without a disclaimer,≤100
100381452863244,Libertés et Justice sociale,Libertés et Justice sociale,≤100
443759602329201,AT Verlag,These ads ran without a disclaimer,≤100
179829952053386,Vert'libéraux,Parti vert'libéral Suisse,≤100
126289610761942,Grünliberale,Grünliberale,≤100
143674429003483,PLR.Les Libéraux-Radicaux Lausanne,Sandro Guiseppe Patronaggio,≤100
1668727020033292,Givaudan,These ads ran without a disclaimer,≤100
202907189862969,Verdi Liberali,Parti vert'libéral Suisse,≤100
600706570124933,Verkehrssanierungen JA,Verkehrssanierungen JA,≤100
113705888299386,Hermone,These ads ran without a disclaimer,≤100
100989286088085,Door To Door Travel - CA,These ads ran without a disclaimer,≤100
354001835636181,Espresso Pionorissimo,These ads ran without a disclaimer,≤100
1115002345189042,Netzwerk Culinaria,These ads ran without a disclaimer,≤100
104539708901187,CHARGENOW,These ads ran without a disclaimer,≤100
104905208856666,Єдиний державний хаб зі збору доказів воєнних злочинів,These ads ran without a disclaimer,≤100
103984249303226,Hnidari,These ads ran without a disclaimer,≤100
1415439555351343,Life Forestry,These ads ran without a disclaimer,≤100
104764224882840,Magico,These ads ran without a disclaimer,≤100
111423344754873,Ngọc Sương,These ads ran without a disclaimer,≤100
184530568252115,Sündflut,These ads ran without a disclaimer,≤100
109460255774283,"Soi Dog Foundation Schweiz, Deutschland, Österreich",These ads ran without a disclaimer,≤100
544839015887197,OCHSNER Wärmepumpen GmbH,These ads ran without a disclaimer,≤100