﻿Page ID,Page name,Disclaimer,Amount spent (CHF)
600706570124933,Verkehrssanierungen JA,Komitee Verkehrssanierungen JA,174
103550668590403,Mieux vivre sa vie,Mieux Vivre Sa Vie,≤100
510352742440847,Coalition pour des multinationales responsables,Coalition pour des multinationales responsables,≤100
103190662706168,NON à la Loi sur la Chasse.,Rolf Hugo Hilfiker,≤100
175478195846132,Les Vert·e·s suisses,Grüne Schweiz,≤100
97220294896,SP Schweiz,SP Schweiz,≤100
154976914534194,Save the Children Schweiz/Suisse,Save the Children Schweiz,≤100
104176871670876,Renteninitiative - Für eine sichere & nachhaltige Altersvorsorge,Verein Renteninitiative,≤100
169510248558,Die Mitte - Le Centre,Die Mitte,≤100
48980326364,Public Eye,Public Eye,≤100
169752569742293,Schweizerischer Gewerbeverband sgv,Schweizerischer Gewerbeverband sgv,≤100
105890175750510,Luca Carbone  lucacarbone.ch,Luca Carbone,≤100
111081131629685,Blackout stoppen,Volksinitiative «Jederzeit Strom für alle (Blackout stoppen)»,≤100
353685744720476,Jungfreisinnige Stadt Luzern,Jungfreisinnige Stadt Luzern,≤100
149693388517002,Equiwent int. Pferde- & Kinderhilfe,These ads ran without a disclaimer,≤100
203499872999296,Die Mitte Weinfelden,Die Mitte Weinfelden,≤100
100267076206781,Ensemble à Gauche solidaritéS-Parti du Travail-DAL,Ensemble à Gauche,≤100
158820214312321,Citations Ron Hubbard,Mieux Vivre Sa Vie,≤100
103269145789541,Stop au blackout,Initiative populaire « De l’électricité pour tous en tout temps (Stop au blackout) »,≤100
100980232576650,Muriel Langenberger,Muriel Langenberger,≤100
663896104043182,Kultur Luzern,Kultur Luzern,≤100
169801146096,Chaîne du Bonheur,These ads ran without a disclaimer,≤100
54635177985,FIFDH Genève,FIFDH Genève,≤100
102014399307738,Direkt,direkt,≤100
143674429003483,PLR.Les Libéraux-Radicaux Lausanne,Sandro Guiseppe Patronaggio,≤100
194790813901953,Grüne Schweiz,Grüne Schweiz,≤100
122849551077569,Democrats Abroad Switzerland,Democrats Abroad,≤100
107126168963330,Pascal Mueller-Born,Pascal Alois Müller Born,≤100
1483343695307824,Campax,Campax,≤100
764858193642975,"Pierre-André Page, Conseiller National",Pierre André Page,≤100
80305304937,Grünliberale Partei Sursee,Grünliberale Partei Sursee,≤100
921336971288655,Nagra,Nagra,≤100
100381452863244,Libertés et Justice sociale,Libertés et Justice sociale,≤100
259871484198551,Thomas Matter,Thomas Matter,≤100
114583194860029,Association Chantal Mauduit Suisse,These ads ran without a disclaimer,≤100
1786281698254156,Grether’s Pastilles,These ads ran without a disclaimer,≤100
478670012154037,Think Then Choose Wisely,These ads ran without a disclaimer,≤100
114584561517154,Komitee für ein JA zum Basler Steuerpaket,Komitee JA! zum Basler Steuerpaket,≤100
106633338588922,"Association Biodiversité, Culture et Patrimoine",These ads ran without a disclaimer,≤100
100116156110843,Stop al blackout,Iniziativa popolare «Energia elettrica in ogni tempo per tutti (Stop al blackout)»,≤100
193388757364033,Solidar Suisse,Solidar Suisse,≤100
1389696117991409,Voix de Gauche Confignon,These ads ran without a disclaimer,≤100
654086281432152,Société pour les peuples menacés Suisse - SPM,These ads ran without a disclaimer,≤100
1524954517562834,Prominis,Prominis GmbH,≤100
101670246199662,Claudia Wicki-Huonder,Claudia Wicki-Huonder,≤100
251838211585945,SP Basel-Stadt,SP Basel-Stadt,≤100
814167488642404,La Media,These ads ran without a disclaimer,≤100
108291922141516,Lawk Kuncryni,These ads ran without a disclaimer,≤100
126289610761942,Grünliberale,Grünliberale,≤100
600706570124933,Verkehrssanierungen JA,Verkehrssanierungen JA,≤100
1012263022170223,HotellerieSuisse,HotellerieSuisse,≤100
106342144370236,Human Rights Watch Switzerland,Human Rights Watch Inc.,≤100
202907189862969,Verdi Liberali,Parti vert'libéral Suisse,≤100
100326286331923,nidwalden2040,These ads ran without a disclaimer,≤100
108143568493460,Gabriel Rebetez Avocat,These ads ran without a disclaimer,≤100
467503303605894,PLR Castel San Pietro,PLR Castel San Pietro,≤100
1428446103911001,Glas Za Bosnu,These ads ran without a disclaimer,≤100
179829952053386,Vert'libéraux,Parti vert'libéral Suisse,≤100
729580320403780,BauernZeitung,These ads ran without a disclaimer,≤100
107552952619935,WWF Schweiz,WWF Schweiz,≤100
109213507316253,SP Zürich 11,SP Zürich,≤100
354001835636181,Espresso Pionorissimo,These ads ran without a disclaimer,≤100
104539708901187,CHARGENOW,These ads ran without a disclaimer,≤100
763722197034246,En Développement,These ads ran without a disclaimer,≤100
155174084508744,Banque mondiale,These ads ran without a disclaimer,≤100
1115002345189042,Netzwerk Culinaria,These ads ran without a disclaimer,≤100
107923355561174,شاوي في سويسرا,These ads ran without a disclaimer,≤100
108260530929750,RyanDoank,These ads ran without a disclaimer,≤100
109460255774283,"Soi Dog Foundation Schweiz, Deutschland, Österreich",These ads ran without a disclaimer,≤100
102832392688253,Southland 360,These ads ran without a disclaimer,≤100
106598315582418,wodewa,These ads ran without a disclaimer,≤100
544839015887197,OCHSNER Wärmepumpen GmbH,These ads ran without a disclaimer,≤100
111423344754873,Ngọc Sương,These ads ran without a disclaimer,≤100
522037684635166,MAHLE,These ads ran without a disclaimer,≤100
104905208856666,Єдиний державний хаб зі збору доказів воєнних злочинів,These ads ran without a disclaimer,≤100
106333540990746,Hytecon,These ads ran without a disclaimer,≤100
103172615751312,Switch2Zero,These ads ran without a disclaimer,≤100
267264199961398,Change the World Model United Nations,These ads ran without a disclaimer,≤100
113705888299386,Hermone,These ads ran without a disclaimer,≤100
115524461449447,"Jinhui New Energy Co. , Ltd",These ads ran without a disclaimer,≤100