﻿Page ID,Page name,Disclaimer,Amount spent (CHF),Number of ads in Library
533196430187039,KMU- und Gewerbeverband Kanton Zürich,KMU- und Gewerbeverband Kanton Zürich,2721,33
255506388731408,Biodiversitätsinitiative,Biodiversitätsinitiative,2428,18
110533229026103,EVP / PEV,EVP Schweiz,2226,33
15733998334,FDP,FDP,2203,19
126289610761942,Grünliberale,Grünliberale,2035,64
921336971288655,Nagra,Nagra,1994,13
194790813901953,Grüne Schweiz,Grüne Schweiz,1667,13
18087904183,PLR,PLR,1516,21
109554945523780,Initiative biodiversité,Initiative biodiversité,1473,33
114803848589834,DIE ZEIT,These ads ran without a disclaimer,1097,6
105527252338650,perspektiveschweiz.ch,IG Wirtschaftsverbände,1017,6
8142847754,Jungfreisinnige Schweiz,Jungfreisinnige Schweiz,930,9
141626852595827,Philipp Kutter,Philipp Kutter,842,3
260591187302640,Parti socialiste genevois,Parti socialiste genevois,830,17
179829952053386,Vert'libéraux,Parti vert'libéral Suisse,731,64
154976914534194,Save the Children Schweiz/Suisse,Save the Children Schweiz,657,36
231086633606227,SVP Baselland,SVP Baselland,587,2
120307884715130,Les Vert•e•s Valais - Grüne Wallis,Les Vert•e•s Valais - Grüne Wallis,567,4
169510248558,Die Mitte - Le Centre,Die Mitte,554,6
1017458318384189,Sympany,These ads ran without a disclaimer,541,1
106758017401357,Gerber Markus,Markus Gerber,540,8
115134174862244,perspectivesuisse.ch,IG Wirtschaftsverbände,514,6
110981058712788,Iniziativa biodiversità,Iniziativa biodiversità,487,27
162931923790797,PLR Canton de Fribourg,PLR.Les Libéraux-Radicaux Fribourg,482,4
113292715120155,Matthias Müller,Matthias Müller,482,17
97220294896,SP Schweiz,SP Schweiz,472,3
1524859774444235,Koalition für Konzernverantwortung,Koalition für Konzernverantwortung,464,5
36735923253,umverkehR,umverkehR,444,8
259871484198551,Thomas Matter,Thomas Matter,413,2
194211650769327,Damian Müller,Damian Müller,404,4
145577158797944,PLR.Les Libéraux-Radicaux Vaud,PLR. Les Libéraux-Radicaux Vaud,375,14
145845125487053,"Jürg Grossen, Präsident Grünliberale","Jürg Grossen, Präsident Grünliberale",360,21
180501591989950,Jungfreisinnige Kanton Zürich,Jungfreisinnige Kanton Zürich,353,5
1621304948106504,Je vote. Je m'informe. VS,Je vote. Je m'informe. VS,339,2
111081131629685,Blackout stoppen,Volksinitiative «Jederzeit Strom für alle (Blackout stoppen)»,334,26
535897123124799,Jeunes Libéraux-Radicaux Suisse,Jeunes Libéraux-Radicaux Suisses,327,7
110058702093703,Matthias Tischhauser,Matthias Tischhauser,324,1
111079585410388,Heinz Siegenthaler,These ads ran without a disclaimer,314,2
51415837765,Greenpeace Switzerland,Greenpeace Switzerland,298,10
169752569742293,Schweizerischer Gewerbeverband sgv,Schweizerischer Gewerbeverband sgv,294,7
100341315500438,Kirchensteuern sei Dank - St.Gallen,Katholischer Kofessionsteil des Kantons St.Gallen,286,8
101253266185327,Krisnachbern,Kris Vietze,280,20
102014399307738,Direkt,direkt,279,7
755554214495636,Parti Socialiste Neuchâtelois,Parti socialiste neuchâtelois,270,7
464961997209800,Daniel Leupi,Daniel Leupi,266,4
103074632758864,Natacha Albrecht au Conseil National,Natacha Albrecht au Conseil National,266,5
106166125878847,Michèle Strähl,Wahlkomitee Michèle Strähl,263,4
105302842574771,FDP.Die Liberalen Kanton Zug,FDP.Die Liberalen Zug,262,10
1317000255036258,Mouvement européen suisse - section Genève,Mouvement européen suisse - section Genève,259,4
451151132108215,Tiana Moser,Grünliberale Kanton Zürich,254,3
101986432797310,Anna-Sophia Spieler,Anna-Sophia Spieler,253,5
102104005601597,42hacks,42hacks.com,249,10
824045367664868,Laurent Wehrli,Laurent Wehrli,245,9
376640739090595,Baloise.CH,These ads ran without a disclaimer,239,3
510352742440847,Coalition pour des multinationales responsables,Coalition pour des multinationales responsables,237,4
175478195846132,Les Vert·e·s suisses,Grüne Schweiz,234,5
478040605021,Junge Grüne Schweiz,Junge Grüne Schweiz,233,2
103550668590403,Mieux vivre sa vie,Mieux Vivre Sa Vie,211,18
115010674866173,prospettivasvizzera.ch,IG Wirtschaftsverbände,204,6
109242778901363,Rutz fuer Zueri,Rutz fuer Zueri,199,4
100649012962611,Direct,Direct,196,10
82752099000,Alternative Liste ZH,Alternative Liste Zürich,196,7
463109137176918,Hansjörg Brunner,Hansjörg Brunner in den Nationalrat,196,22
101432554786737,Verein Stadtgrün,Verein Stadtgrün,182,5
121607420925633,Catherine Meyer in den Nationalrat,Wahlkomitee Catherine Meyer,179,1
265041068300,JUSO Baselland,JUSO Baselland,173,2
501353237059520,Johanna Gapany,Johanna Gapany,166,2
119724661100167,Josef Ender i Nationalrat,Josef Ender i Nationalrat,164,15
116890591678651,Vert'libéraux - Genève,Parti vert'libéral genevois,162,2
108204507991414,Zukunft sichern,Zukunft sichern,159,3
295886637766842,Othmar Reichmuth,Othmar Reichmuth,158,2
106300899437929,Patrick Hässig,Patrick Hässig,155,3
104460881166122,Pro Natura Valais / Wallis,Pro Natura Valais / Wallis,155,3
218538701651843,Union suisse des arts et métiers usam,Schweizerischer Gewerbeverband sgv,149,4
100960685986242,FDP Zürich 7+8,FDP Kreis 7+8,148,13
100122342080658,SVP Oberwallis,SVP Oberwallis,147,8
202907189862969,Verdi Liberali,Parti vert'libéral Suisse,147,32
111572431777901,Simon Michel in den Nationalrat,Simon Michel in den Nationalrat,145,2
97721121385,Public Eye,Public Eye,144,3
106252468372887,Isabelle Chassot,Isabelle Chassot,143,4
245489546137580,Christoph Riner - bodenständige Politik,Christoph Riner - bodenständige Politik,142,11
114991241616639,Jan Köbeli,Jan Köbeli,128,2
101023239974455,Europäische Bewegung Schweiz - Mouvement européen Suisse,European Movement Switzerland,119,4
1989388664637991,Salon Public,These ads ran without a disclaimer,117,1
2068625050104664,Jeunes Vert•e•x•s Suisse,Junge Grüne Schweiz,115,2
607076092768471,Bastien Girod,Bastien Girod,115,5
109923167202864,Grünliberale Linth,Grünliberale Linth,106,1
154767748463500,Raphael Lanz,Raphael Lanz,106,1
238982909481105,Les Vert·e·s Genevois·es,Les Vert-e-s genevois-es,106,3
2151592515105217,Christina Bachmann-Roth,Christina Bachmann-Roth,103,3
117741198303856,FDP Kanton Zürich,FDP Kanton Zürich,≤100,2
142664095796912,GRÜNE Kanton Bern,GRÜNE Kanton Bern,≤100,4
820391221400929,Unser Stadtrat Florin Scherrer,Unser Stadtrat Florin Scherrer,≤100,12
1246741332049284,Union Patronale du Canton de Fribourg,Union Patronale du Canton de Fribourg,≤100,2
109605484115257,Delphine Klopfenstein Broggini,Delphine Klopfenstein Broggini,≤100,6
274309186054845,JUSO Kanton St.Gallen,JUSO Kanton St.Gallen,≤100,1
101016155153638,Sarah Constantin,Sarah Constantin,≤100,7
178775348914227,FDP.Die Liberalen Kanton Schwyz,FDP Kanton Schwyz,≤100,2
100254145084547,Anna Staub,Anna Staub,≤100,2
186008238755917,amplify.ooo,amplify.ooo,≤100,1
592045444309191,DIRECT NEWS by Michel Robadin,DIRECT NEWS by Michel Robadin,≤100,1
138011779601470,Grünes Bündnis Stadt Bern,Grünes Bündnis Bern (GB),≤100,1
110963352037179,Pfeffinger Forum,Pfeffinger Forum,≤100,5
170449246402589,Grünliberale Stadt Zürich,Grünliberale Partei Stadt Zürich,≤100,1
429727144111769,FDP.Die Liberalen  Oberaargau,FDP.Die Liberalen Oberaargau,≤100,1
140726925997098,Jungfreisinnige Thurgau,Jungfreisinnige Thurgau,≤100,3
106964611977537,Switlo,Switlo,≤100,1
154738781313603,Simone Gianini,Simone Gianini,≤100,3
1091412070891154,Florian Kobler in den Stadtrat,Florian Kobler in den Stadtrat,≤100,1
289772074451810,FDP.Die Liberalen Aargau,FDP.Die Liberalen Aargau,≤100,7
1926643484312795,Tamara Funiciello,Tamara Funiciello,≤100,2
101470852404108,Grüne Opfikon,Grüne Opfikon,≤100,3
1587949341492441,Claudio Zihlmann,Claudio Zihlmann,≤100,9
1240731822752891,Roger Bachmann,Roger Bachmann,≤100,3
104895519308218,Florian Chappot  - Candidat au Conseil national,Florian Chappot  - Candidat au Conseil national,≤100,3
48980326364,Public Eye,Public Eye,≤100,2
900898629982366,Florence Brenzikofer - Nationalrätin,Florence Brenzikofer - Nationalrätin,≤100,1
291359247729208,PS Suisse,PS Suisse,≤100,2
238711029872717,Die Mitte Sarganserland - Für ein starkes Sarganserland,Die Mitte Sarganserland - Für ein starkes Sarganserland,≤100,5
804116206362750,animaux-parlement,animaux-parlement,≤100,1
101363464745836,"Anny Klawa-Morf I Stiftung, Fondation, Fondazione",These ads ran without a disclaimer,≤100,1
106563052005929,SVP Kreuzlingen,SVP Kreuzlingen,≤100,1
2114553392189767,David Roth,David Roth,≤100,3
358536457645537,SVP Uster,SVP Uster,≤100,1
101911349589866,Leo Marti,Jungfreisinnige Thurgau,≤100,2
117834861190392,__klartext,These ads ran without a disclaimer,≤100,2
144333642290202,Savio Michellod - Par amour de la Veveyse,Savio Michellod - Par amour de la Veveyse,≤100,2
853769651645097,Ständerat Matthias Michel,Ständerat Matthias Michel,≤100,1
113452001841240,Wandfluh Ernst,Ernst Wandfluh,≤100,3
105373170818382,Romaine Rogenmoser,Romaine Rogenmoser,≤100,4
1612166269046129,Ueli Fisch politisch,Ueli Fisch politisch,≤100,1
122102782382006918,Felice Dafond,Felice Dafond,≤100,2
346553825821470,Andreas Lustenberger in den Nationalrat,Andreas Lustenberger,≤100,3
101539059714425,Sibylle Marti SP Zürich - Nationalratskandidatin,Sibylle Marti,≤100,2
116026458226576,Barbara Portmann,Barbara Portmann,≤100,1
107796098739343,FDP Grossaffoltern,FDP Grossaffoltern,≤100,5
100170686510827,Evelyne Battaglia Richi,Evelyne Battaglia Richi,≤100,4
126256997433456,SP Baselland,SP Baselland,≤100,1
115643128297311,Christian Glur,Christian Glur,≤100,1
267353906619818,Mr. Gugu & Miss Go,These ads ran without a disclaimer,≤100,27
1410462099233550,FDP.Die Liberalen Kriens,FDP Kriens,≤100,2
135044913214042,Grüne Thurgau,Grüne Thurgau,≤100,2
321346565242196,judith_ricklin,judith_ricklin,≤100,2
349450293419,Schweizerische Energie-Stiftung SES,Schweizerische Energie-Stiftung SES,≤100,1
377292365618914,SVP Stadt Winterthur,SVP Winterthur,≤100,3
462422884156866,Matthias Betsche,Matthias Betsche,≤100,1
108616168847730,Sibylle Boos-Braun,Sibylle Boos-Braun,≤100,1
2138224952918986,Casa della letteratura per la Svizzera italiana,These ads ran without a disclaimer,≤100,1
335609400529370,FDP Horgen,FDP Horgen,≤100,2
908815155861056,Samuel Krähenbühl,Samuel Krähenbühl,≤100,2
113035494739725,Simon Vlk,Simon Vlk,≤100,2
101636572545136,Enrique Castelar,Jungfreisinnige Thurgau,≤100,1
107494077464434,Janine Vannaz,Janine Vannaz,≤100,1
193388757364033,Solidar Suisse,Solidar Suisse,≤100,1
108201788952555,Rick Näf,Jungfreisinnige Thurgau,≤100,1
124266620968132,FDP.Die Liberalen Kanton Thurgau,FDP Thurgau,≤100,2
105398739142969,Nina Schläfli,Nina Schläfli,≤100,1
353969997649,Partito Comunista - Svizzera,Partito Comunista,≤100,1
117857694640069,Janis Basler,Jungfreisinnige Thurgau,≤100,1
930378267027747,Treuhand- und Revisionsgesellschaft Mattig-Suter und Partner,These ads ran without a disclaimer,≤100,1
1464661227009326,SVP Bezirk Uster,fuerschi GmbH,≤100,1
2525584750795209,Nina Fehr Düsel,Nina Fehr Düsel,≤100,2
110886198768203,Hans Stadelmann,Hans Stadelmann,≤100,2
102718129475079,Ambil Sandy,Bezirksrichterwahl,≤100,3
144907625542050,Die Mitte Schwyz,Die Mitte Schwyz,≤100,1
104664096063044,Florian Revaz - candidat à la municipalité de Château-d'Oex,Florian Revaz,≤100,1
177101958993013,Parti Socialiste Yverdonnois,Parti Socialiste Yverdonnois,≤100,1
1148594755342436,Saskia Schenker - Nationalratskandidatin,FDP Sissach und Umgebung c/o Saskia Schenker,≤100,1
195132674206840,Grüne Region Olten,Grüne Region Olten,≤100,1
108103318693563,"Heidi Weiss, Bauma, EVP","Heidi Weiss, Bauma, EVP",≤100,1
103865108846573,FDP.Die Liberalen Herzogenbuchsee,FDP Herzogenbuchsee,≤100,1
1656080817985087,Pro-Sissach,Pro-Sissach,≤100,1
122097306878017404,Innergia,These ads ran without a disclaimer,≤100,1
107346002418664,Nina Schärrer,"Komitee ""Nina Schärrer in den Ständerat""",≤100,1
330071323785229,FDP. Die Liberalen Frauen Basel-Stadt,FDP. Die Liberalen Frauen Basel-Stadt,≤100,2
123731471009473,Yvonne Bürgin,Yvonne Bürgin,≤100,3
1405195019770383,Svájci Magyar Rendezvények,These ads ran without a disclaimer,≤100,1
251838211585945,SP Basel-Stadt,SP Basel-Stadt,≤100,5
389006641956517,Natalie Imboden,Natalie Imboden,≤100,1
110548925469468,Constantin Kokkinos,Constantin Kokkinos,≤100,2
2131937020430093,Marc Rüdisüli,Marc Rüdisüli,≤100,5
415909205123054,Adrian Schoop,Adrian Schoop,≤100,2
1389696117991409,Voix de Gauche Confignon,Voix de Gauche Confignon,≤100,1
176998335660824,PLRT,PLRT,≤100,1
100513788093677,Les Vert-e-s Ville de Genève,Les Vert-e-s Ville de Genève,≤100,2
1075149342575487,Ignatius-ounde,Ignatius-ounde,≤100,1
398567686824626,GRÜNE Kanton St.Gallen,Grüne Kanton St. Gallen,≤100,1
617580594962611,Grünliberale Kanton Bern,Grünliberale Partei Kanton Bern,≤100,1
19746387261,Humane Society International,These ads ran without a disclaimer,≤100,1
108920582308529,PLR Muralto,studio daulte,≤100,2
110463704610731,Cute Kiwi,These ads ran without a disclaimer,≤100,1
103004792660944,Longleaf Valley,These ads ran without a disclaimer,≤100,2
111124128677070,Nico Fankhauser,Unterstützungskomitee «Nico Fankhauser in den Nationalrat»,≤100,2
112701670136769,CH+ Games for Democracy,PROJEKT CH+,≤100,1
117275531631620,Le Centre Fribourg-Ville / Die Mitte Stadt Freiburg,Le Centre Fribourg-Ville / Die Mitte Stadt Freiburg,≤100,2
107032318943312,Revoltrain Academy,These ads ran without a disclaimer,≤100,1
108625789179165,Soi Dog Foundation,These ads ran without a disclaimer,≤100,1
2170702239856130,Philippe Jobin - Candidat au Conseil National,Philippe Jobin - Candidat au Conseil National,≤100,1
490059521190894,Cercle démocratique,Cercle démocratique,≤100,1
1547077958856705,"Nicolo Paganini, St.Galler Nationalrat","Nicolo Paganini, St.Galler Nationalrat",≤100,1
106929890937186,Andrin Monstein glp,Andrin Monstein glp,≤100,1
116997334716895,Patrick Römer GLP,Patrick Römer,≤100,1
1493576784283618,Mini-Schwiz,Mini-Schwiz,≤100,1
107440889102219,GLP Sense,Grünliberale Partei Sense,≤100,1
651914428165177,PS Sion,PS Sion,≤100,1
167983071434,SP Kriens,SP Kriens,≤100,1
102733401616452,Tanja Miljanović in den Nationalrat,Tanja Miljanović in den Nationalrat,≤100,2
890524711033887,Personio,These ads ran without a disclaimer,≤100,1
190133177759419,Giuseppe Cotti,Giuseppe Cotti,≤100,1
109966852161945,Evergreen Speed Networking,These ads ran without a disclaimer,≤100,2
1585806105023846,Heinz Theiler in den Nationalrat,Heinz Theiler in den Nationalrat,≤100,3
103564366367787,MSC - Nachhaltige Fischerei,These ads ran without a disclaimer,≤100,1
105994201980331,Wording Stories,These ads ran without a disclaimer,≤100,1
101103429022118,Grüne Schlieren,Grüne Partei Schlieren,≤100,1
2205274923057144,Helmut Bauer,These ads ran without a disclaimer,≤100,1
427635294307795,Andreas Ruefer Nationalratskandidat,Andreas Ruefer Nationalratskandidat,≤100,1
420981081355766,PLR Ville de Genève,These ads ran without a disclaimer,≤100,1
109818832140776,Funimals,These ads ran without a disclaimer,≤100,1
22893372268,BMW,These ads ran without a disclaimer,≤100,1
135866271987200,แอปโซลูทบิวตี้คลินิก - Absolute Beauty Clinic,These ads ran without a disclaimer,≤100,1
110327595461977,die.schwere.der.stille,These ads ran without a disclaimer,≤100,1
802107323183602,Uwe Damm Trainingheads with quality Hair,These ads ran without a disclaimer,≤100,1
113287678435662,Majoritas Academy,These ads ran without a disclaimer,≤100,1
110053874785893,villagegreen.studio,These ads ran without a disclaimer,≤100,1
463645587339110,Piero Marchesi,These ads ran without a disclaimer,≤100,1
107139425820538,Bear Leader,These ads ran without a disclaimer,≤100,3
102811919564846,andrewandeler,These ads ran without a disclaimer,≤100,1
122095484306010983,Notizen aus der Pathologie,These ads ran without a disclaimer,≤100,1
108045785721503,Aktualności 24/7,These ads ran without a disclaimer,≤100,1
7783116506,Animals Asia,These ads ran without a disclaimer,≤100,1
100470215962193,Sunrise starzone,These ads ran without a disclaimer,≤100,1
104939716245940,Plan-les-Ouates,These ads ran without a disclaimer,≤100,2
1073858446007122,FDP. Die Liberalen Meggen,These ads ran without a disclaimer,≤100,1
103269689517115,Curandero Mayor,These ads ran without a disclaimer,≤100,2
238711029872717,Die Mitte Sarganserland - Für ein starkes Sarganserland,These ads ran without a disclaimer,≤100,1
103872765898447,bitcoin_alps,These ads ran without a disclaimer,≤100,1
103377568914127,Wording Reading,These ads ran without a disclaimer,≤100,1
106348682400630,Nova - AI Chatbot,These ads ran without a disclaimer,≤100,2
104851342313586,The Lead Nepal,These ads ran without a disclaimer,≤100,1
109509391791171,Strange News,These ads ran without a disclaimer,≤100,1
101097015461816,JReady,These ads ran without a disclaimer,≤100,1
645738972165960,IRU,These ads ran without a disclaimer,≤100,1
649581478987260,1초영화,These ads ran without a disclaimer,≤100,1
113433751755357,Solarluck shop,These ads ran without a disclaimer,≤100,3
1431748916854797,E-Residency,These ads ran without a disclaimer,≤100,1
106325695626132,LushReads,These ads ran without a disclaimer,≤100,1
453639461337145,Yahya Deniz,These ads ran without a disclaimer,≤100,1
1744911689126391,12up,These ads ran without a disclaimer,≤100,1
269807686281,top agrar,These ads ran without a disclaimer,≤100,1
108980408902756,Kiebay-CH,These ads ran without a disclaimer,≤100,1
103331009307003,Funnylishious,These ads ran without a disclaimer,≤100,1
110099758720991,Sticks 'N' Grooves,These ads ran without a disclaimer,≤100,1
343786409509707,The East Gate,These ads ran without a disclaimer,≤100,1
120054347740046,From the Archives,These ads ran without a disclaimer,≤100,2
100451933698060,AdVenture Communist,These ads ran without a disclaimer,≤100,1
101885279343436,Orienvirtue-X,These ads ran without a disclaimer,≤100,1
216311481960,Bill Gates,These ads ran without a disclaimer,≤100,1
2030427870568712,UkraineWorld,These ads ran without a disclaimer,≤100,1
325803757770245,Turabexpo,These ads ran without a disclaimer,≤100,1
103590237967533,Esfye-Fashion,These ads ran without a disclaimer,≤100,1
111506485284252,brissli_pics,These ads ran without a disclaimer,≤100,1
110473381301511,Ксения Соловьева Коуч для фрилансеров,These ads ran without a disclaimer,≤100,1
112230245122615,Big Global Travel Media,These ads ran without a disclaimer,≤100,2
114025938452734,FactFusion,These ads ran without a disclaimer,≤100,1
118271861357765,Story time,These ads ran without a disclaimer,≤100,1
105709861188836,The Daily Drivepedia,These ads ran without a disclaimer,≤100,2
1625323564383293,Elsevier Etudiants en soins infirmiers,These ads ran without a disclaimer,≤100,2
101488552496485,Ok Stories,These ads ran without a disclaimer,≤100,1
1099637730170559,Eder Teixeira,These ads ran without a disclaimer,≤100,1
100925458042748,Viatris,These ads ran without a disclaimer,≤100,1
106001757472553,English Munmun-เรียนชาตินี้ เก่งถึงชาติหน้า,These ads ran without a disclaimer,≤100,1
105668260980535,La naturopathie au fil des saisons,These ads ran without a disclaimer,≤100,1
105742399146149,Rising Phoenix,These ads ran without a disclaimer,≤100,2
852370551453606,GARP,These ads ran without a disclaimer,≤100,1
506643986029813,Peace Research Institute Oslo (PRIO),These ads ran without a disclaimer,≤100,1
102659572693499,Alpha Bacar Guilédji,These ads ran without a disclaimer,≤100,1
119728111217167,Hilltop One,These ads ran without a disclaimer,≤100,1
141000842608491,Falstaff Living,These ads ran without a disclaimer,≤100,1
106569706154975,Modern Expo,These ads ran without a disclaimer,≤100,1
373683033157412,5G Techritory,These ads ran without a disclaimer,≤100,1