﻿Page ID,Page name,Disclaimer,Amount spent (CHF)
599025353636034,B Lab Switzerland,B LAB (SWITZERLAND),323
103550668590403,Mieux vivre sa vie,Mieux Vivre Sa Vie,≤100
291359247729208,PS Suisse,PS Suisse,≤100
115134174862244,perspectivesuisse.ch,IG Wirtschaftsverbände,≤100
104460881166122,Pro Natura Valais / Wallis,Pro Natura Valais / Wallis,≤100
349450293419,Schweizerische Energie-Stiftung SES,Schweizerische Energie-Stiftung SES,≤100
510352742440847,Coalition pour des multinationales responsables,Coalition pour des multinationales responsables,≤100
105527252338650,perspektiveschweiz.ch,IG Wirtschaftsverbände,≤100
183441641693664,Philippe Nantermod,Etude Philippe Nantermod Sàrl,≤100
154976914534194,Save the Children Schweiz/Suisse,Save the Children Schweiz,≤100
255506388731408,Biodiversitätsinitiative / Initiative biodiversité,Biodiversitätsinitiative / Initiative biodiversité,≤100
48980326364,Public Eye,Public Eye,≤100
97721121385,Public Eye,Public Eye,≤100
120307884715130,Les Vert•e•s Valais - Grüne Wallis,Les Vert•e•s Valais - Grüne Wallis,≤100
108204507991414,Zukunft sichern,Allianz für ein JA zur OECD-Mindeststeuer,≤100
218538701651843,Union suisse des arts et métiers usam,Schweizerischer Gewerbeverband sgv,≤100
1027844850652657,Boomerang Ideas,Boomerang Ideas AG,≤100
169752569742293,Schweizerischer Gewerbeverband sgv,Schweizerischer Gewerbeverband sgv,≤100
921336971288655,Nagra,Nagra,≤100
110481348648633,Ludivine-Luy-Lovey au Conseil National 2023,Ludivine Luy Lovey,≤100
1524859774444235,Koalition für Konzernverantwortung,Koalition für Konzernverantwortung,≤100
169510248558,Die Mitte - Le Centre,Die Mitte,≤100
36735923253,umverkehR,umverkehR,≤100
364457210935073,Vert'libéraux Valais / Grünliberale Wallis,Vert'libéraux Valais / Grünliberale Wallis,≤100
97220294896,SP Schweiz,SP Schweiz,≤100
102014399307738,Direkt,direkt,≤100
1886381148253031,Économie suisse pour la loi climat,Économie Suisse pour la loi climat,≤100
175478195846132,Les Vert·e·s suisses,Grüne Schweiz,≤100
51415837765,Greenpeace Switzerland,Greenpeace Switzerland,≤100
571992639616487,Aktivferien,These ads ran without a disclaimer,≤100
535897123124799,Jeunes Libéraux-Radicaux Suisse,Jeunes Libéraux-Radicaux Suisses,≤100
102151651460969,Raiffeisen Anlegen & Vorsorgen,These ads ran without a disclaimer,≤100
105188432853984,Tribune de Genève,These ads ran without a disclaimer,≤100
103269145789541,Stop au blackout,Initiative populaire « De l’électricité pour tous en tout temps (Stop au blackout) »,≤100
125466200895962,Valentin Landmann,Sven Kunz,≤100
1054282644596776,GE-démocratie,GE-démocratie,≤100
194790813901953,Grüne Schweiz,Grüne Schweiz,≤100
1951249848443600,Protect Our Winters Switzerland,Protect Our Winters Switzerland,≤100
158820214312321,Citations Ron Hubbard,Mieux Vivre Sa Vie,≤100
106964611977537,Switlo,Switlo,≤100
100116156110843,Stop al blackout,Iniziativa popolare «Energia elettrica in ogni tempo per tutti (Stop al blackout)»,≤100
100109808734387,Schweizer Wirtschaft für das Klimagesetz,Schweizer Wirtschaft für das Klimagesetzt,≤100
111081131629685,Blackout stoppen,Volksinitiative «Jederzeit Strom für alle (Blackout stoppen)»,≤100
1919422915011017,Republik,Republik AG,≤100
763722197034246,En Développement,These ads ran without a disclaimer,≤100
106195600803051,VV Assurance Consulting,These ads ran without a disclaimer,≤100
1483343695307824,Campax,Campax,≤100
28312410177,World Food Programme,These ads ran without a disclaimer,≤100
105982889575233,Le Centre Genève,Le Centre Genève,≤100
101664679500421,Uni·es par nos convictions · Engagé·es pour Genève,Uni·es par nos convictions · Engagé·es pour Genève,≤100
238982909481105,Les Vert·e·s Genevois·es,Les Vert-e-s genevois-es,≤100
104832259590391,Yurtdışı Türkler ve Akraba Topluluklar Başkanlığı,These ads ran without a disclaimer,≤100
100374392742057,Weregreenly- Magazine,These ads ran without a disclaimer,≤100
115335371438726,HOCH2.TV,These ads ran without a disclaimer,≤100
10150100771335484,24 heures,These ads ran without a disclaimer,≤100
100381452863244,Libertés et Justice sociale,Libertés et Justice sociale,≤100
245489546137580,Christoph Riner - bodenständige Politik,Christoph Riner - bodenständige Politik,≤100
103033805478591,Carole-Anne Kast,Carole-Anne Kast,≤100
151183321586281,Jeunes Vert·e·x·s Genève,Jeunes Vert·e·x·s Genève,≤100
109044999140694,CAS,These ads ran without a disclaimer,≤100
101176682686881,Caldwell Hutchinson,These ads ran without a disclaimer,≤100
115306454863649,Provision Fund,These ads ran without a disclaimer,≤100
102500518635499,ENTR en,These ads ran without a disclaimer,≤100
105885535599394,Coach Cecil,These ads ran without a disclaimer,≤100
444347906369155,Transitions et Énergies,These ads ran without a disclaimer,≤100
98673036962,ROLDA,These ads ran without a disclaimer,≤100
100211985747396,Klimaform,These ads ran without a disclaimer,≤100
354154019404,Polygiene,These ads ran without a disclaimer,≤100
8539814909,International Animal Rescue,These ads ran without a disclaimer,≤100
1329593773802412,TransferGo Polska,These ads ran without a disclaimer,≤100
153743591471761,ADAC Klassik,These ads ran without a disclaimer,≤100
117378681278530,dsesanga2023,These ads ran without a disclaimer,≤100
1622354278047452,Dietrich Rauch,These ads ran without a disclaimer,≤100
120540077612261,EU News,These ads ran without a disclaimer,≤100
111132794348779,That Happened,These ads ran without a disclaimer,≤100
325008635082270,SmartPurse,These ads ran without a disclaimer,≤100
104099512361482,Funnies Now - Magazine,These ads ran without a disclaimer,≤100
108258998739587,I Did not know,These ads ran without a disclaimer,≤100
161559836710,Esther Perel,These ads ran without a disclaimer,≤100
146237848870691,Lukas Stern,These ads ran without a disclaimer,≤100
128342573493595,Good-News,These ads ran without a disclaimer,≤100
1401451576658621,Basq company,These ads ran without a disclaimer,≤100
417664325449148,Lylou the label,These ads ran without a disclaimer,≤100
181622395207310,HANNOVER MESSE,These ads ran without a disclaimer,≤100