﻿Page ID,Page name,Disclaimer,Amount spent (CHF)
599025353636034,B Lab Switzerland,B LAB (SWITZERLAND),790
291359247729208,PS Suisse,PS Suisse,212
103550668590403,Mieux vivre sa vie,Mieux Vivre Sa Vie,188
1054282644596776,GE-démocratie,GE-démocratie,175
349450293419,Schweizerische Energie-Stiftung SES,Schweizerische Energie-Stiftung SES,134
510352742440847,Coalition pour des multinationales responsables,Coalition pour des multinationales responsables,102
115134174862244,perspectivesuisse.ch,IG Wirtschaftsverbände,≤100
154976914534194,Save the Children Schweiz/Suisse,Save the Children Schweiz,≤100
97721121385,Public Eye,Public Eye,≤100
255506388731408,Biodiversitätsinitiative / Initiative biodiversité,Biodiversitätsinitiative / Initiative biodiversité,≤100
1419223321733027,Parti Socialiste Vaudois,PS vaudois,≤100
105527252338650,perspektiveschweiz.ch,IG Wirtschaftsverbände,≤100
48980326364,Public Eye,Public Eye,≤100
105982889575233,Le Centre Genève,Le Centre Genève,≤100
218538701651843,Union suisse des arts et métiers usam,Schweizerischer Gewerbeverband sgv,≤100
1027844850652657,Boomerang Ideas,Boomerang Ideas AG,≤100
921336971288655,Nagra,Nagra,≤100
1524859774444235,Koalition für Konzernverantwortung,Koalition für Konzernverantwortung,≤100
169510248558,Die Mitte - Le Centre,Die Mitte,≤100
169752569742293,Schweizerischer Gewerbeverband sgv,Schweizerischer Gewerbeverband sgv,≤100
175478195846132,Les Vert·e·s suisses,Grüne Schweiz,≤100
36735923253,umverkehR,umverkehR,≤100
535897123124799,Jeunes Libéraux-Radicaux Suisse,Jeunes Libéraux-Radicaux Suisses,≤100
51415837765,Greenpeace Switzerland,Greenpeace Switzerland,≤100
97220294896,SP Schweiz,SP Schweiz,≤100
102014399307738,Direkt,direkt,≤100
1886381148253031,Économie suisse pour la loi climat,Économie Suisse pour la loi climat,≤100
108204507991414,Zukunft sichern,Allianz für ein JA zur OECD-Mindeststeuer,≤100
103269145789541,Stop au blackout,Initiative populaire « De l’électricité pour tous en tout temps (Stop au blackout) »,≤100
105188432853984,Tribune de Genève,These ads ran without a disclaimer,≤100
151183321586281,Jeunes Vert·e·x·s Genève,Jeunes Vert·e·x·s Genève,≤100
467929373784855,COA - Coalition animaliste,Coalition animaliste (COA),≤100
571992639616487,Aktivferien,These ads ran without a disclaimer,≤100
125466200895962,Valentin Landmann,Sven Kunz,≤100
1951249848443600,Protect Our Winters Switzerland,Protect Our Winters Switzerland,≤100
106964611977537,Switlo,Switlo,≤100
111081131629685,Blackout stoppen,Volksinitiative «Jederzeit Strom für alle (Blackout stoppen)»,≤100
194790813901953,Grüne Schweiz,Grüne Schweiz,≤100
158820214312321,Citations Ron Hubbard,Mieux Vivre Sa Vie,≤100
104460881166122,Pro Natura Valais / Wallis,Pro Natura Valais / Wallis,≤100
110481348648633,Ludivine-Luy-Lovey au Conseil National 2023,Ludivine Luy Lovey,≤100
28312410177,World Food Programme,These ads ran without a disclaimer,≤100
103033805478591,Carole-Anne Kast,Carole-Anne Kast,≤100
238982909481105,Les Vert·e·s Genevois·es,Les Vert-e-s genevois-es,≤100
100116156110843,Stop al blackout,Iniziativa popolare «Energia elettrica in ogni tempo per tutti (Stop al blackout)»,≤100
101664679500421,Uni·es par nos convictions · Engagé·es pour Genève,Uni·es par nos convictions · Engagé·es pour Genève,≤100
106195600803051,VV Assurance Consulting,These ads ran without a disclaimer,≤100
763722197034246,En Développement,These ads ran without a disclaimer,≤100
102151651460969,Raiffeisen Anlegen & Vorsorgen,These ads ran without a disclaimer,≤100
104832259590391,Yurtdışı Türkler ve Akraba Topluluklar Başkanlığı,These ads ran without a disclaimer,≤100
115306454863649,Provision Fund,These ads ran without a disclaimer,≤100
10150100771335484,24 heures,These ads ran without a disclaimer,≤100
764858193642975,"Pierre-André Page, Conseiller National",Pierre André Page,≤100
100381452863244,Libertés et Justice sociale,Libertés et Justice sociale,≤100
1483343695307824,Campax,Campax,≤100
1673559236288902,Pro Senectute Genève,Pro Senectute Genève,≤100
1919422915011017,Republik,Republik AG,≤100
100374392742057,Weregreenly- Magazine,These ads ran without a disclaimer,≤100
122819208305170,Sauvegarde Genève,Sauvegarde Genève,≤100
100109808734387,Schweizer Wirtschaft für das Klimagesetz,Schweizer Wirtschaft für das Klimagesetzt,≤100
115335371438726,HOCH2.TV,These ads ran without a disclaimer,≤100
101176682686881,Caldwell Hutchinson,These ads ran without a disclaimer,≤100
110947301729456,Wen Creel,These ads ran without a disclaimer,≤100
146237848870691,Lukas Stern,These ads ran without a disclaimer,≤100
15974534830,Magnum Photos,These ads ran without a disclaimer,≤100
110361961971071,Életviteli tanácsadás,These ads ran without a disclaimer,≤100
813362708790951,UBP - Union Bancaire Privée,These ads ran without a disclaimer,≤100
108535778792153,Evang. Akwaha,These ads ran without a disclaimer,≤100
102257292713372,Alejandra Morales,These ads ran without a disclaimer,≤100
105885535599394,Coach Cecil,These ads ran without a disclaimer,≤100
417664325449148,Lylou the label,These ads ran without a disclaimer,≤100
354154019404,Polygiene,These ads ran without a disclaimer,≤100
181622395207310,HANNOVER MESSE,These ads ran without a disclaimer,≤100
104654414971264,Club Couleur,These ads ran without a disclaimer,≤100
104018092306802,Businpeop23,These ads ran without a disclaimer,≤100
101421609364851,Ty Ibarra,These ads ran without a disclaimer,≤100
161559836710,Esther Perel,These ads ran without a disclaimer,≤100
117378681278530,dsesanga2023,These ads ran without a disclaimer,≤100
325008635082270,SmartPurse,These ads ran without a disclaimer,≤100
287193278023020,Jirka Stoček,These ads ran without a disclaimer,≤100
604598226218072,CNH Industrial,These ads ran without a disclaimer,≤100
98673036962,ROLDA,These ads ran without a disclaimer,≤100
104099512361482,Funnies Now - Magazine,These ads ran without a disclaimer,≤100
145943619354315,Next Mobility,These ads ran without a disclaimer,≤100
595178974150639,"Marta Wesołowska - mówienie, głos w Marce Osobistej",These ads ran without a disclaimer,≤100
102207552798601,Youth clicks,These ads ran without a disclaimer,≤100
105962808801596,IZZY - Stream Israel,These ads ran without a disclaimer,≤100
100211985747396,Klimaform,These ads ran without a disclaimer,≤100
153743591471761,ADAC Klassik,These ads ran without a disclaimer,≤100
101653285444113,SK텔레콤 뉴스룸,These ads ran without a disclaimer,≤100
8539814909,International Animal Rescue,These ads ran without a disclaimer,≤100
128342573493595,Good-News,These ads ran without a disclaimer,≤100
124340177284061,TomorrowBuilding,These ads ran without a disclaimer,≤100
1622354278047452,Dietrich Rauch,These ads ran without a disclaimer,≤100
193167010699647,transport logistic,These ads ran without a disclaimer,≤100
112111163527777,julianne.lefloch,These ads ran without a disclaimer,≤100
109476034966891,Electrify News,These ads ran without a disclaimer,≤100
109023530752200,Changing Markets Foundation,These ads ran without a disclaimer,≤100
111132794348779,That Happened,These ads ran without a disclaimer,≤100
102767259461496,EU News,These ads ran without a disclaimer,≤100
108258998739587,I Did not know,These ads ran without a disclaimer,≤100
100490729492964,Sebastian Bello,These ads ran without a disclaimer,≤100
188140874572413,Fundación Charles Darwin,These ads ran without a disclaimer,≤100
435633199945731,Miret,These ads ran without a disclaimer,≤100
1401451576658621,Basq company,These ads ran without a disclaimer,≤100
185561295623272,Move To Help Foundation,These ads ran without a disclaimer,≤100