﻿Page ID,Page name,Disclaimer,Amount spent (CHF)
349450293419,Schweizerische Energie-Stiftung SES,Schweizerische Energie-Stiftung SES,892
97220294896,SP Schweiz,SP Schweiz,485
131066326987,SP Kanton Zürich,SP Kanton Zürich,456
599025353636034,B Lab Switzerland,B LAB (SWITZERLAND),320
48980326364,Public Eye,Public Eye,179
154976914534194,Save the Children Schweiz/Suisse,Save the Children Schweiz,165
108204507991414,Zukunft sichern,Allianz für ein JA zur OECD-Mindeststeuer,161
1524859774444235,Koalition für Konzernverantwortung,Koalition für Konzernverantwortung,143
100432824661437,Bettina Balmer FDP,Bettina Balmer FDP,141
100257256973322,Stark+vernetzt,stark + vernetzt,104
8142847754,Jungfreisinnige Schweiz,Jungfreisinnige Schweiz,≤100
51415837765,Greenpeace Switzerland,Greenpeace Switzerland,≤100
255506388731408,Biodiversitätsinitiative / Initiative biodiversité,Biodiversitätsinitiative / Initiative biodiversité,≤100
921336971288655,Nagra,Nagra,≤100
36735923253,umverkehR,umverkehR,≤100
105527252338650,perspektiveschweiz.ch,IG Wirtschaftsverbände,≤100
169510248558,Die Mitte - Le Centre,Die Mitte,≤100
169752569742293,Schweizerischer Gewerbeverband sgv,Schweizerischer Gewerbeverband sgv,≤100
784812424962943,Tele Z,TELE Z,≤100
1483343695307824,Campax,Campax,≤100
102151651460969,Raiffeisen Anlegen & Vorsorgen,These ads ran without a disclaimer,≤100
102014399307738,Direkt,direkt,≤100
1919422915011017,Republik,Republik AG,≤100
106964611977537,Switlo,Switlo,≤100
194790813901953,Grüne Schweiz,Grüne Schweiz,≤100
104203868811586,Martina Dürr,Martina Regula  Dürr,≤100
97721121385,Public Eye,Public Eye,≤100
111081131629685,Blackout stoppen,Volksinitiative «Jederzeit Strom für alle (Blackout stoppen)»,≤100
135939773133793,Grüne Winterthur,Grüne Winterthur,≤100
510352742440847,Coalition pour des multinationales responsables,Coalition pour des multinationales responsables,≤100
125466200895962,Valentin Landmann,Sven Kunz,≤100
291359247729208,PS Suisse,PS Suisse,≤100
115134174862244,perspectivesuisse.ch,IG Wirtschaftsverbände,≤100
145845125487053,"Jürg Grossen, Präsident Grünliberale",Jürg Grossen,≤100
110336161874621,Urban Husi in den Kantonsrat ZH,Urban Pius Matthäus Husi Fiechter,≤100
1951249848443600,Protect Our Winters Switzerland,Protect Our Winters Switzerland,≤100
168761183826173,Gewerkschaftsbund Schaffhausen GBS,Gewerkschaftsbund Schaffhausen GBS,≤100
100109808734387,Schweizer Wirtschaft für das Klimagesetz,Schweizer Wirtschaft für das Klimagesetzt,≤100
175478195846132,Les Vert·e·s suisses,Grüne Schweiz,≤100
571992639616487,Aktivferien,These ads ran without a disclaimer,≤100
106195600803051,VV Assurance Consulting,These ads ran without a disclaimer,≤100
104832259590391,Yurtdışı Türkler ve Akraba Topluluklar Başkanlığı,These ads ran without a disclaimer,≤100
28312410177,World Food Programme,These ads ran without a disclaimer,≤100
100116156110843,Stop al blackout,Iniziativa popolare «Energia elettrica in ogni tempo per tutti (Stop al blackout)»,≤100
105188432853984,Tribune de Genève,These ads ran without a disclaimer,≤100
115335371438726,HOCH2.TV,These ads ran without a disclaimer,≤100
1575444522744962,Nils Fiechter,Nils Fiechter,≤100
115306454863649,Provision Fund,These ads ran without a disclaimer,≤100
98673036962,ROLDA,These ads ran without a disclaimer,≤100
105885535599394,Coach Cecil,These ads ran without a disclaimer,≤100
100374392742057,Weregreenly- Magazine,These ads ran without a disclaimer,≤100
618765881570878,EKS,These ads ran without a disclaimer,≤100
1886381148253031,Économie suisse pour la loi climat,Économie Suisse pour la loi climat,≤100
103269145789541,Stop au blackout,Initiative populaire « De l’électricité pour tous en tout temps (Stop au blackout) »,≤100
102718129475079,Ambil Sandy,Sandy Iwan Ambil,≤100
888626258006362,"Barbara Gysi, Nationalrätin SP",Barbara Gysi,≤100
245489546137580,Christoph Riner - bodenständige Politik,Christoph Riner - bodenständige Politik,≤100
146237848870691,Lukas Stern,These ads ran without a disclaimer,≤100
128342573493595,Good-News,These ads ran without a disclaimer,≤100
325008635082270,SmartPurse,These ads ran without a disclaimer,≤100
223727604375090,EVP Frauenfeld,EVP Frauenfeld,≤100
100381452863244,Libertés et Justice sociale,Libertés et Justice sociale,≤100
101176682686881,Caldwell Hutchinson,These ads ran without a disclaimer,≤100
104018092306802,Businpeop23,These ads ran without a disclaimer,≤100
161559836710,Esther Perel,These ads ran without a disclaimer,≤100
110947301729456,Wen Creel,These ads ran without a disclaimer,≤100
813362708790951,UBP - Union Bancaire Privée,These ads ran without a disclaimer,≤100
117137747964753,Центр білоруських комунікацій,These ads ran without a disclaimer,≤100
10150100771335484,24 heures,These ads ran without a disclaimer,≤100
107132684935276,Petit Pappus,These ads ran without a disclaimer,≤100
73757131621,Flyerline Schweiz AG,These ads ran without a disclaimer,≤100
102257292713372,Alejandra Morales,These ads ran without a disclaimer,≤100
171043963049603,GREAT SCOT,These ads ran without a disclaimer,≤100
153743591471761,ADAC Klassik,These ads ran without a disclaimer,≤100
105559305713150,PlanetPlay Global,These ads ran without a disclaimer,≤100
176508225770197,Austrian Master Classes,These ads ran without a disclaimer,≤100
101421609364851,Ty Ibarra,These ads ran without a disclaimer,≤100
177706515594669,Azimut Yachts,These ads ran without a disclaimer,≤100
1329593773802412,TransferGo Polska,These ads ran without a disclaimer,≤100
185561295623272,Move To Help Foundation,These ads ran without a disclaimer,≤100
354154019404,Polygiene,These ads ran without a disclaimer,≤100
435633199945731,Miret,These ads ran without a disclaimer,≤100
287193278023020,Jirka Stoček,These ads ran without a disclaimer,≤100
15974534830,Magnum Photos,These ads ran without a disclaimer,≤100
117378681278530,dsesanga2023,These ads ran without a disclaimer,≤100
105962808801596,IZZY - Stream Israel,These ads ran without a disclaimer,≤100
110376193759075,Golf Sustainable,These ads ran without a disclaimer,≤100
120540077612261,EU News,These ads ran without a disclaimer,≤100
193167010699647,transport logistic,These ads ran without a disclaimer,≤100
181622395207310,HANNOVER MESSE,These ads ran without a disclaimer,≤100
106413891847130,Investing Zeitschrift,These ads ran without a disclaimer,≤100
109023530752200,Changing Markets Foundation,These ads ran without a disclaimer,≤100
107535938875517,Humankindness Film,These ads ran without a disclaimer,≤100
108258998739587,I Did not know,These ads ran without a disclaimer,≤100
111132794348779,That Happened,These ads ran without a disclaimer,≤100
1622354278047452,Dietrich Rauch,These ads ran without a disclaimer,≤100
152154118157354,Slowear,These ads ran without a disclaimer,≤100
102500518635499,ENTR en,These ads ran without a disclaimer,≤100
1401451576658621,Basq company,These ads ran without a disclaimer,≤100
102767259461496,EU News,These ads ran without a disclaimer,≤100
188140874572413,Fundación Charles Darwin,These ads ran without a disclaimer,≤100
977005762399696,Deepgrooves,These ads ran without a disclaimer,≤100
145943619354315,Next Mobility,These ads ran without a disclaimer,≤100
110807438602372,Steno Research,These ads ran without a disclaimer,≤100
421320345307555,SORP - Платформа для бизнеса,These ads ran without a disclaimer,≤100
124340177284061,TomorrowBuilding,These ads ran without a disclaimer,≤100
100211985747396,Klimaform,These ads ran without a disclaimer,≤100
8539814909,International Animal Rescue,These ads ran without a disclaimer,≤100
104099512361482,Funnies Now - Magazine,These ads ran without a disclaimer,≤100
225546420839304,Thomas Sabo,These ads ran without a disclaimer,≤100
339678509714670,Akademie Biberkor,These ads ran without a disclaimer,≤100
763722197034246,En Développement,These ads ran without a disclaimer,≤100
103902772675099,Paola Noboa,These ads ran without a disclaimer,≤100
101090899641987,NIS2 PRO,These ads ran without a disclaimer,≤100