﻿Page ID,Page name,Disclaimer,Amount spent (CHF)
349450293419,Schweizerische Energie-Stiftung SES,Schweizerische Energie-Stiftung SES,111
599025353636034,B Lab Switzerland,B LAB (SWITZERLAND),≤100
97220294896,SP Schweiz,SP Schweiz,≤100
108204507991414,Zukunft sichern,Allianz für ein JA zur OECD-Mindeststeuer,≤100
105527252338650,perspektiveschweiz.ch,IG Wirtschaftsverbände,≤100
154976914534194,Save the Children Schweiz/Suisse,Save the Children Schweiz,≤100
1524859774444235,Koalition für Konzernverantwortung,Koalition für Konzernverantwortung,≤100
48980326364,Public Eye,Public Eye,≤100
8142847754,Jungfreisinnige Schweiz,Jungfreisinnige Schweiz,≤100
1027844850652657,Boomerang Ideas,Boomerang Ideas AG,≤100
169752569742293,Schweizerischer Gewerbeverband sgv,Schweizerischer Gewerbeverband sgv,≤100
102151651460969,Raiffeisen Anlegen & Vorsorgen,These ads ran without a disclaimer,≤100
36735923253,umverkehR,umverkehR,≤100
921336971288655,Nagra,Nagra,≤100
255506388731408,Biodiversitätsinitiative / Initiative biodiversité,Biodiversitätsinitiative / Initiative biodiversité,≤100
102014399307738,Direkt,direkt,≤100
51415837765,Greenpeace Switzerland,Greenpeace Switzerland,≤100
169510248558,Die Mitte - Le Centre,Die Mitte,≤100
1919422915011017,Republik,Republik AG,≤100
100318718516376,Martin Rufer,These ads ran without a disclaimer,≤100
111081131629685,Blackout stoppen,Volksinitiative «Jederzeit Strom für alle (Blackout stoppen)»,≤100
218538701651843,Union suisse des arts et métiers usam,Schweizerischer Gewerbeverband sgv,≤100
97721121385,Public Eye,Public Eye,≤100
194790813901953,Grüne Schweiz,Grüne Schweiz,≤100
125466200895962,Valentin Landmann,Sven Kunz,≤100
115134174862244,perspectivesuisse.ch,IG Wirtschaftsverbände,≤100
571992639616487,Aktivferien,These ads ran without a disclaimer,≤100
291359247729208,PS Suisse,PS Suisse,≤100
106964611977537,Switlo,Switlo,≤100
100109808734387,Schweizer Wirtschaft für das Klimagesetz,Schweizer Wirtschaft für das Klimagesetzt,≤100
245489546137580,Christoph Riner - bodenständige Politik,Christoph Riner - bodenständige Politik,≤100
510352742440847,Coalition pour des multinationales responsables,Coalition pour des multinationales responsables,≤100
784812424962943,Tele Z,TELE Z,≤100
1951249848443600,Protect Our Winters Switzerland,Protect Our Winters Switzerland,≤100
175478195846132,Les Vert·e·s suisses,Grüne Schweiz,≤100
104832259590391,Yurtdışı Türkler ve Akraba Topluluklar Başkanlığı,These ads ran without a disclaimer,≤100
105188432853984,Tribune de Genève,These ads ran without a disclaimer,≤100
1483343695307824,Campax,Campax,≤100
115335371438726,HOCH2.TV,These ads ran without a disclaimer,≤100
28312410177,World Food Programme,These ads ran without a disclaimer,≤100
103269145789541,Stop au blackout,Initiative populaire « De l’électricité pour tous en tout temps (Stop au blackout) »,≤100
1886381148253031,Économie suisse pour la loi climat,Économie Suisse pour la loi climat,≤100
100116156110843,Stop al blackout,Iniziativa popolare «Energia elettrica in ogni tempo per tutti (Stop al blackout)»,≤100
102718129475079,Ambil Sandy,Sandy Iwan Ambil,≤100
100374392742057,Weregreenly- Magazine,These ads ran without a disclaimer,≤100
115306454863649,Provision Fund,These ads ran without a disclaimer,≤100
100381452863244,Libertés et Justice sociale,Libertés et Justice sociale,≤100
10150100771335484,24 heures,These ads ran without a disclaimer,≤100
102257292713372,Alejandra Morales,These ads ran without a disclaimer,≤100
105885535599394,Coach Cecil,These ads ran without a disclaimer,≤100
193167010699647,transport logistic,These ads ran without a disclaimer,≤100
98673036962,ROLDA,These ads ran without a disclaimer,≤100
977005762399696,Deepgrooves,These ads ran without a disclaimer,≤100
106195600803051,VV Assurance Consulting,These ads ran without a disclaimer,≤100
104099512361482,Funnies Now - Magazine,These ads ran without a disclaimer,≤100
181622395207310,HANNOVER MESSE,These ads ran without a disclaimer,≤100
339678509714670,Akademie Biberkor,These ads ran without a disclaimer,≤100
106413891847130,Investing Zeitschrift,These ads ran without a disclaimer,≤100
325008635082270,SmartPurse,These ads ran without a disclaimer,≤100
145943619354315,Next Mobility,These ads ran without a disclaimer,≤100
102500518635499,ENTR en,These ads ran without a disclaimer,≤100
100211985747396,Klimaform,These ads ran without a disclaimer,≤100
146237848870691,Lukas Stern,These ads ran without a disclaimer,≤100