﻿Page ID,Page name,Disclaimer,Amount spent (CHF),Number of ads in Library
220137094989562,BRITA Schweiz,These ads ran without a disclaimer,9471,2
1426072874321965,Regine Sauter,Regine Sauter,3258,114
169510248558,Die Mitte - Le Centre,Die Mitte,2012,8
126289610761942,Grünliberale,Grünliberale,1449,128
206853576021088,CMP(Cumhuriyetci ve Milliyetci Parti),These ads ran without a disclaimer,1320,3
191859734164694,Pro Infirmis,Pro Infirmis,1313,18
15733998334,FDP,FDP,1049,5
18087904183,PLR,PLR,946,8
108415785645908,Central INV,These ads ran without a disclaimer,721,3
194790813901953,Grüne Schweiz,Grüne Schweiz,714,3
179829952053386,Vert'libéraux,Parti vert'libéral Suisse,574,117
921336971288655,Nagra,Nagra,572,9
1027844850652657,Boomerang Ideas,Boomerang Ideas AG,569,241
8142847754,Jungfreisinnige Schweiz,Jungfreisinnige Schweiz,563,11
144907625542050,Die Mitte Schwyz,Die Mitte Schwyz,562,2
162931923790797,PLR Canton de Fribourg,PLR.Les Libéraux-Radicaux Fribourg,514,11
1483343695307824,Campax,Campax,481,12
175478195846132,Les Vert·e·s suisses,Grüne Schweiz,473,4
105527252338650,perspektiveschweiz.ch,IG Wirtschaftsverbände,344,3
48980326364,Public Eye,Public Eye,342,6
103550668590403,Mieux vivre sa vie,Mieux Vivre Sa Vie,339,40
102014399307738,Direkt,direkt,281,5
97721121385,Public Eye,Public Eye,264,6
154976914534194,Save the Children Schweiz/Suisse,Save the Children Schweiz,260,16
255506388731408,Biodiversitätsinitiative,Biodiversitätsinitiative,250,10
36735923253,umverkehR,umverkehR,212,2
100649012962611,Direct,Direct,196,9
82752099000,Alternative Liste ZH,Alternative Liste Zürich,184,8
97220294896,SP Schweiz,SP Schweiz,179,2
115134174862244,perspectivesuisse.ch,IG Wirtschaftsverbände,172,3
291359247729208,PS Suisse,PS Suisse,163,3
169752569742293,Schweizerischer Gewerbeverband sgv,Schweizerischer Gewerbeverband sgv,151,5
110533229026103,EVP / PEV,EVP Schweiz,147,4
103074632758864,Natacha Albrecht au Conseil National,Natacha Albrecht au Conseil National,144,3
1524954517562834,Prominis,Prominis GmbH,140,1
105373170818382,Romaine Rogenmoser,Romaine Rogenmoser,140,2
231320586878427,Hauseigentümerverband (HEV) Region Winterthur,Hauseigentümerverband Region Winterthur,140,2
101432554786737,Verein Stadtgrün,Verein Stadtgrün,138,8
145845125487053,"Jürg Grossen, Präsident Grünliberale","Jürg Grossen, Präsident Grünliberale",135,2
105302842574771,FDP.Die Liberalen Kanton Zug,FDP.Die Liberalen Zug,122,15
535897123124799,Jeunes Libéraux-Radicaux Suisse,Jeunes Libéraux-Radicaux Suisses,117,8
202907189862969,Verdi Liberali,Parti vert'libéral Suisse,115,53
259871484198551,Thomas Matter,Thomas Matter,≤100,1
1673559236288902,Pro Senectute Genève,Pro Senectute Genève,≤100,1
131066326987,SP Kanton Zürich,SP Kanton Zürich,≤100,2
238982909481105,Les Vert·e·s Genevois·es,Les Vert-e-s genevois-es,≤100,11
218538701651843,Union suisse des arts et métiers usam,Schweizerischer Gewerbeverband sgv,≤100,4
1587949341492441,Claudio Zihlmann,Claudio Zihlmann,≤100,6
51415837765,Greenpeace Switzerland,Greenpeace Switzerland,≤100,6
245489546137580,Christoph Riner - bodenständige Politik,Christoph Riner - bodenständige Politik,≤100,11
386551678736949,Philippe Loertscher,Philippe Loertscher,≤100,1
389917717803867,SVP Graubünden,SVP Graubünden,≤100,1
117478931248727,Einwohnergemeinde Meiringen,These ads ran without a disclaimer,≤100,1
619051955163582,AWOB - Adrian Wegmann Oberrieden,Purplelama,≤100,1
115010674866173,prospettivasvizzera.ch,IG Wirtschaftsverbände,≤100,3
106300899437929,Patrick Hässig,Patrick Hässig,≤100,1
119045178123830,Die Mitte Kanton Zug,Die Mitte Kanton Zug,≤100,2
434325363566608,So Denkt Ein Mann,These ads ran without a disclaimer,≤100,1
2170702239856130,Philippe Jobin - Candidat au Conseil National,Philippe Jobin - Candidat au Conseil National,≤100,2
103345964761894,Paramount+,These ads ran without a disclaimer,≤100,1
84150672409,SP Stadt Zürich,SP Stadt Zürich,≤100,7
251838211585945,SP Basel-Stadt,SP Basel-Stadt,≤100,4
606125032803856,alpinavera,These ads ran without a disclaimer,≤100,2
124881880957569,SP Stadt St.Gallen,SP Stadt St.Gallen,≤100,1
289772074451810,FDP.Die Liberalen Aargau,FDP.Die Liberalen Aargau,≤100,3
139016370161,PINK CROSS / Swiss Gay Federation,Pink Cross,≤100,2
276547049113405,SP Schaffhausen,SP Schaffhausen,≤100,1
1148594755342436,Saskia Schenker - Nationalratskandidatin,FDP Sissach und Umgebung c/o Saskia Schenker,≤100,1
126256997433456,SP Baselland,SP Baselland,≤100,3
260591187302640,Parti socialiste genevois,Parti socialiste genevois,≤100,2
101016155153638,Sarah Constantin,Sarah Constantin,≤100,3
1240731822752891,Roger Bachmann,Roger Bachmann,≤100,1
111081131629685,Blackout stoppen,Volksinitiative «Jederzeit Strom für alle (Blackout stoppen)»,≤100,1
105326156194318,Gesellschaft für bedrohte Völker (GfbV) Schweiz,These ads ran without a disclaimer,≤100,1
103269145789541,Stop au blackout,Initiative populaire « De l’électricité pour tous en tout temps (Stop au blackout) »,≤100,1
120307884715130,Les Vert•e•s Valais - Grüne Wallis,Les Vert•e•s Valais - Grüne Wallis,≤100,1
108625789179165,Soi Dog Foundation,These ads ran without a disclaimer,≤100,1
144333642290202,Savio Michellod - Par amour de la Veveyse,Savio Michellod - Par amour de la Veveyse,≤100,1
295886637766842,Othmar Reichmuth,Othmar Reichmuth,≤100,2
164442820236221,Jeunes Vert·exs Vaud,Jeunes Vert·exs Vaud,≤100,1
811451112243983,Grünliberale Basel-Stadt,Grünliberale Basel-Stadt,≤100,1
267353906619818,Mr. Gugu & Miss Go,These ads ran without a disclaimer,≤100,16
109177161782403,Animal équité,Association Animal équité,≤100,1
109605484115257,Delphine Klopfenstein Broggini,Delphine Klopfenstein Broggini,≤100,1
200905173303222,SCI Switzerland,SCI Switzerland,≤100,1
1410462099233550,FDP.Die Liberalen Kriens,FDP Kriens,≤100,2
100513788093677,Les Vert-e-s Ville de Genève,Les Vert-e-s Ville de Genève,≤100,1
102718129475079,Ambil Sandy,Bezirksrichterwahl,≤100,1
7783116506,Animals Asia,These ads ran without a disclaimer,≤100,5
107132569075201,Новости Европы,These ads ran without a disclaimer,≤100,1
107697778980706,Migros-Pionierfonds,These ads ran without a disclaimer,≤100,2
102182514940384,Natalia Dinsel-Bondarenko,These ads ran without a disclaimer,≤100,1
109058562218301,Levin Koller,"Levin Koller, SP Biel",≤100,1
110463704610731,Cute Kiwi,These ads ran without a disclaimer,≤100,1
541309512604876,Verbier International School,These ads ran without a disclaimer,≤100,1
164335140312249,FDP Frauen Kanton Zürich,FDP Frauen Kanton Zürich,≤100,1
1398006463750067,Clément Lefer - Filmmaker,These ads ran without a disclaimer,≤100,2
148769941844618,Weingut Günter u. Regina Triebaumer,These ads ran without a disclaimer,≤100,1
181924628560212,Ekō,These ads ran without a disclaimer,≤100,1
110868498959631,Stiftung für das Tier im Recht (TIR),These ads ran without a disclaimer,≤100,1
117275531631620,Le Centre Fribourg-Ville / Die Mitte Stadt Freiburg,Le Centre Fribourg-Ville / Die Mitte Stadt Freiburg,≤100,1
129066162283,BRAVO,These ads ran without a disclaimer,≤100,1
107431635701822,Huang Hsi,These ads ran without a disclaimer,≤100,1
566117786851570,Përparim Avdili,These ads ran without a disclaimer,≤100,1
977713258958895,Liberal community spirit,These ads ran without a disclaimer,≤100,1
105433098937696,Fun Magazine Club,These ads ran without a disclaimer,≤100,1
158820214312321,Citations Ron Hubbard,Mieux Vivre Sa Vie,≤100,1
156712937676166,EXPO REAL,These ads ran without a disclaimer,≤100,1
103602801321209,Bundesamt für Wahrheit - BAW,These ads ran without a disclaimer,≤100,1
100305849167750,Born To Know,These ads ran without a disclaimer,≤100,2
205332123261241,Знакомства RusDate,These ads ran without a disclaimer,≤100,1
389006641956517,Natalie Imboden,These ads ran without a disclaimer,≤100,1
450326391674911,Allianz,These ads ran without a disclaimer,≤100,4
117706891348378,Срочные Hовости,These ads ran without a disclaimer,≤100,1
778855988853776,SP Allschwil-Schönenbuch,These ads ran without a disclaimer,≤100,1
100451933698060,AdVenture Communist,These ads ran without a disclaimer,≤100,3
106691902497084,Nachhaltigkeitistdiezukunft,These ads ran without a disclaimer,≤100,2
319393291423771,Le Temps,These ads ran without a disclaimer,≤100,2
107854194384812,Viral Trends,These ads ran without a disclaimer,≤100,1
111100840266377,Wacko Jaco,These ads ran without a disclaimer,≤100,3
1000420426715124,NGU FR,These ads ran without a disclaimer,≤100,2
171195311682401,ParentzTalk - Activities,These ads ran without a disclaimer,≤100,2
216311481960,Bill Gates,These ads ran without a disclaimer,≤100,1
1399750283620746,Hidden City,These ads ran without a disclaimer,≤100,2
101219962937156,Asian Art Bridge,These ads ran without a disclaimer,≤100,1
22893372268,BMW,These ads ran without a disclaimer,≤100,2
111314921602185,Dustsilver_keyboard,These ads ran without a disclaimer,≤100,1
107151211758954,Investing Revista,These ads ran without a disclaimer,≤100,1
103669595594356,Driving Todays - Magazine,These ads ran without a disclaimer,≤100,1
103469548560948,Madinah.com,These ads ran without a disclaimer,≤100,1
813362708790951,UBP - Union Bancaire Privée,These ads ran without a disclaimer,≤100,1
1926230267645689,Enogastro Info,These ads ran without a disclaimer,≤100,1
109245862226849,Важно Знать,These ads ran without a disclaimer,≤100,1
216650141692498,DEIDO BOY MAGAZINE,These ads ran without a disclaimer,≤100,1
9053837495,UN SDG Action Campaign,These ads ran without a disclaimer,≤100,1
368119983327926,العربي الجديد,These ads ran without a disclaimer,≤100,1
115057443466962,Рефорум,These ads ran without a disclaimer,≤100,1
100514660093816,Offshorespirit,These ads ran without a disclaimer,≤100,1
316050228561400,The House of Fine Art HOFA Gallery,These ads ran without a disclaimer,≤100,1
115591005188475,Global Times,These ads ran without a disclaimer,≤100,1
191103700906234,Intern Cines,These ads ran without a disclaimer,≤100,1
100147113153975,the.green.fusion,These ads ran without a disclaimer,≤100,1
119061657800841,OasisFun,These ads ran without a disclaimer,≤100,1
1416130488653145,Sonido NITRO Cbba,These ads ran without a disclaimer,≤100,2
112757083778788,"Economic Daily, China",These ads ran without a disclaimer,≤100,1
110561338622352,La page d'Alexandre,These ads ran without a disclaimer,≤100,1
101760022372875,omerfarukalpdogan,These ads ran without a disclaimer,≤100,1
103032319525067,danmaps_org,These ads ran without a disclaimer,≤100,1
112350178500720,Healthline Daily,These ads ran without a disclaimer,≤100,1
102878639040027,Ghr Stories,These ads ran without a disclaimer,≤100,1
110682454967616,Travel Bliss,These ads ran without a disclaimer,≤100,2
100892779250460,Mis Reading,These ads ran without a disclaimer,≤100,1
106074521332895,itsbusiness_speak,These ads ran without a disclaimer,≤100,1
1589154051350606,FOZ - Friends of Zion Museum,These ads ran without a disclaimer,≤100,1
147250832035079,ISQ,These ads ran without a disclaimer,≤100,1
112732588441064,Мета,These ads ran without a disclaimer,≤100,2
102795885694138,milokibullz,These ads ran without a disclaimer,≤100,1
186691125128189,Air Liquide,These ads ran without a disclaimer,≤100,1
100997175471016,djenina_hagenburger_art,These ads ran without a disclaimer,≤100,1
103016680138,SA Tourism Update Online,These ads ran without a disclaimer,≤100,1
105807338039355,Fork Daily,These ads ran without a disclaimer,≤100,2
106362865041105,Pauline Ruck,These ads ran without a disclaimer,≤100,1
399754700104901,The CEO Magazine,These ads ran without a disclaimer,≤100,1
154087694129,Causeur.fr,These ads ran without a disclaimer,≤100,1
239749719780832,CURADEN AG,These ads ran without a disclaimer,≤100,1
103392028956943,Driving Todays - Stories,These ads ran without a disclaimer,≤100,1
102537783146375,28. Jun,These ads ran without a disclaimer,≤100,1
135156639833927,United Nations OCHA,These ads ran without a disclaimer,≤100,1
102958012818672,Fun Smuggle,These ads ran without a disclaimer,≤100,1
101035272554145,Interesting novel,These ads ran without a disclaimer,≤100,1
344556287396,Penguin Bücher,These ads ran without a disclaimer,≤100,1
100362052940730,U-shirt,These ads ran without a disclaimer,≤100,1
1626877920864508,Vodafone Foundation,These ads ran without a disclaimer,≤100,1
111266936889272,Every Day Monkey,These ads ran without a disclaimer,≤100,2
103960591568992,Rich Patrol,These ads ran without a disclaimer,≤100,4
108350544421634,How&Why,These ads ran without a disclaimer,≤100,1
988564767934338,مؤسسة التعاون الانساني  لرعاية ذوي الاحتياجات الخاصة,These ads ran without a disclaimer,≤100,1
316939385052690,Joie Baby UK,These ads ran without a disclaimer,≤100,1
1306086469482572,Ricardo Miranda,These ads ran without a disclaimer,≤100,1
281802341963702,Italian Hydrographic Society,These ads ran without a disclaimer,≤100,1
368757963825913,WasteFuel,These ads ran without a disclaimer,≤100,1
936566653037339,Curatorial Studies Venice,These ads ran without a disclaimer,≤100,1
231077503937746,Kueez,These ads ran without a disclaimer,≤100,3
106875275519862,Morocco AM 2023,These ads ran without a disclaimer,≤100,2
106802041266795,Trip Thunder,These ads ran without a disclaimer,≤100,1