﻿Page ID,Page name,Disclaimer,Amount spent (CHF)
162931923790797,PLR Canton de Fribourg,PLR.Les Libéraux-Radicaux Fribourg,293
220137094989562,BRITA Schweiz,These ads ran without a disclaimer,250
18087904183,PLR,PLR,213
1246741332049284,Union Patronale du Canton de Fribourg,Union Patronale du Canton de Fribourg,109
179829952053386,Vert'libéraux,Parti vert'libéral Suisse,≤100
175478195846132,Les Vert·e·s suisses,Grüne Schweiz,≤100
103550668590403,Mieux vivre sa vie,Mieux Vivre Sa Vie,≤100
1483343695307824,Campax,Campax,≤100
126289610761942,Grünliberale,Grünliberale,≤100
144333642290202,Savio Michellod - Par amour de la Veveyse,Savio Michellod - Par amour de la Veveyse,≤100
15733998334,FDP,FDP,≤100
921336971288655,Nagra,Nagra,≤100
386551678736949,Philippe Loertscher,Philippe Loertscher,≤100
115134174862244,perspectivesuisse.ch,IG Wirtschaftsverbände,≤100
100649012962611,Direct,Direct,≤100
154976914534194,Save the Children Schweiz/Suisse,Save the Children Schweiz,≤100
169510248558,Die Mitte - Le Centre,Die Mitte,≤100
111081131629685,Blackout stoppen,Volksinitiative «Jederzeit Strom für alle (Blackout stoppen)»,≤100
194790813901953,Grüne Schweiz,Grüne Schweiz,≤100
105527252338650,perspektiveschweiz.ch,IG Wirtschaftsverbände,≤100
169752569742293,Schweizerischer Gewerbeverband sgv,Schweizerischer Gewerbeverband sgv,≤100
51415837765,Greenpeace Switzerland,Greenpeace Switzerland,≤100
218538701651843,Union suisse des arts et métiers usam,Schweizerischer Gewerbeverband sgv,≤100
48980326364,Public Eye,Public Eye,≤100
97220294896,SP Schweiz,SP Schweiz,≤100
102607622386347,Agissons Suisse,AG!SSONS,≤100
102014399307738,Direkt,direkt,≤100
255506388731408,Biodiversitätsinitiative,Biodiversitätsinitiative,≤100
114991241616639,Jan Köbeli,Jan Köbeli,≤100
97721121385,Public Eye,Public Eye,≤100
1919422915011017,Republik,Republik AG,≤100
649563641749736,Karena and Kasey Bird,These ads ran without a disclaimer,≤100
291359247729208,PS Suisse,PS Suisse,≤100
142664095796912,GRÜNE Kanton Bern,GRÜNE Kanton Bern,≤100
304748789719379,Bispo Inaldo Silva,These ads ran without a disclaimer,≤100
202907189862969,Verdi Liberali,Parti vert'libéral Suisse,≤100
180501591989950,Jungfreisinnige Kanton Zürich,Jungfreisinnige Kanton Zürich,≤100
7933444510,The Global Fund,The Global Fund,≤100
108103318693563,"Heidi Weiss, Bauma, EVP","Heidi Weiss, Bauma, EVP",≤100
267353906619818,Mr. Gugu & Miss Go,These ads ran without a disclaimer,≤100
1375809955994471,Rahel Ruch,Rahel Ruch,≤100
102001231938139,BoomResearch,Boomerang Ideas AG,≤100
1027844850652657,Boomerang Ideas,Boomerang Ideas AG,≤100
259871484198551,Thomas Matter,Thomas Matter,≤100
344556287396,Penguin Bücher,These ads ran without a disclaimer,≤100
1096849117188708,Ristorante pugliese Müsella,These ads ran without a disclaimer,≤100
164408113703854,net+ Fribourg,These ads ran without a disclaimer,≤100
139016370161,PINK CROSS / Swiss Gay Federation,Pink Cross,≤100
103074632758864,Natacha Albrecht au Conseil National,Natacha Albrecht au Conseil National,≤100
111438575576916,Earthdance Switzerland,These ads ran without a disclaimer,≤100
251838211585945,SP Basel-Stadt,SP Basel-Stadt,≤100
506545466126449,Solidarity with Ukraine - Europe is not silent,These ads ran without a disclaimer,≤100
285831198097799,Kloster Mariazell Wurmsbach,These ads ran without a disclaimer,≤100
7783116506,Animals Asia,These ads ran without a disclaimer,≤100
550751965021284,Success Resources,These ads ran without a disclaimer,≤100
115121535188191,Economist Impact events,These ads ran without a disclaimer,≤100
113553143702979,Missbraucht im Namen des Herrn,These ads ran without a disclaimer,≤100
104002928883686,Somatic Institute For Women,These ads ran without a disclaimer,≤100