﻿Page ID,Page name,Disclaimer,Amount spent (CHF)
220137094989562,BRITA Schweiz,These ads ran without a disclaimer,812
15733998334,FDP,FDP,219
126289610761942,Grünliberale,Grünliberale,154
194790813901953,Grüne Schweiz,Grüne Schweiz,116
921336971288655,Nagra,Nagra,≤100
51415837765,Greenpeace Switzerland,Greenpeace Switzerland,≤100
111081131629685,Blackout stoppen,Volksinitiative «Jederzeit Strom für alle (Blackout stoppen)»,≤100
105527252338650,perspektiveschweiz.ch,IG Wirtschaftsverbände,≤100
154976914534194,Save the Children Schweiz/Suisse,Save the Children Schweiz,≤100
169752569742293,Schweizerischer Gewerbeverband sgv,Schweizerischer Gewerbeverband sgv,≤100
255506388731408,Biodiversitätsinitiative,Biodiversitätsinitiative,≤100
124881880957569,SP Stadt St.Gallen,SP Stadt St.Gallen,≤100
102014399307738,Direkt,direkt,≤100
649563641749736,Karena and Kasey Bird,These ads ran without a disclaimer,≤100
169510248558,Die Mitte - Le Centre,Die Mitte,≤100
97220294896,SP Schweiz,SP Schweiz,≤100
304748789719379,Bispo Inaldo Silva,These ads ran without a disclaimer,≤100
18087904183,PLR,PLR,≤100
1919422915011017,Republik,Republik AG,≤100
218538701651843,Union suisse des arts et métiers usam,Schweizerischer Gewerbeverband sgv,≤100
113292715120155,Matthias Müller,Matthias Müller,≤100
48980326364,Public Eye,Public Eye,≤100
1375809955994471,Rahel Ruch,Rahel Ruch,≤100
202907189862969,Verdi Liberali,Parti vert'libéral Suisse,≤100
259871484198551,Thomas Matter,Thomas Matter,≤100
97721121385,Public Eye,Public Eye,≤100
180501591989950,Jungfreisinnige Kanton Zürich,Jungfreisinnige Kanton Zürich,≤100
1027844850652657,Boomerang Ideas,Boomerang Ideas AG,≤100
109608359080886,Benjamin Mühlemann,Benjamin Mühlemann,≤100
231320586878427,Hauseigentümerverband (HEV) Region Winterthur,Hauseigentümerverband Region Winterthur,≤100
344556287396,Penguin Bücher,These ads ran without a disclaimer,≤100
1096849117188708,Ristorante pugliese Müsella,These ads ran without a disclaimer,≤100
102607622386347,Agissons Suisse,AG!SSONS,≤100
139016370161,PINK CROSS / Swiss Gay Federation,Pink Cross,≤100
108103318693563,"Heidi Weiss, Bauma, EVP","Heidi Weiss, Bauma, EVP",≤100
102447648412373,Idle Distiller,These ads ran without a disclaimer,≤100
179829952053386,Vert'libéraux,Parti vert'libéral Suisse,≤100
142664095796912,GRÜNE Kanton Bern,GRÜNE Kanton Bern,≤100
101986432797310,Anna-Sophia Spieler,Anna-Sophia Spieler,≤100
267353906619818,Mr. Gugu & Miss Go,These ads ran without a disclaimer,≤100
115134174862244,perspectivesuisse.ch,IG Wirtschaftsverbände,≤100
386551678736949,Philippe Loertscher,Philippe Loertscher,≤100
100649012962611,Direct,Direct,≤100
606125032803856,alpinavera,These ads ran without a disclaimer,≤100
285831198097799,Kloster Mariazell Wurmsbach,These ads ran without a disclaimer,≤100
379047302945741,Bingo Star,These ads ran without a disclaimer,≤100
506545466126449,Solidarity with Ukraine - Europe is not silent,These ads ran without a disclaimer,≤100
291359247729208,PS Suisse,PS Suisse,≤100
245489546137580,Christoph Riner - bodenständige Politik,Christoph Riner - bodenständige Politik,≤100
103074632758864,Natacha Albrecht au Conseil National,Natacha Albrecht au Conseil National,≤100
250305668489402,Professor Kenny,These ads ran without a disclaimer,≤100
111438575576916,Earthdance Switzerland,These ads ran without a disclaimer,≤100
252259504980102,Conscious Life,These ads ran without a disclaimer,≤100
101173452598541,Garryx R,These ads ran without a disclaimer,≤100
112125535247712,Start Losing Weight,These ads ran without a disclaimer,≤100
132162020265257,ProWein,These ads ran without a disclaimer,≤100
113553143702979,Missbraucht im Namen des Herrn,These ads ran without a disclaimer,≤100
231575074011232,Landesbank Baden-Württemberg,These ads ran without a disclaimer,≤100
2132283110126881,mecoa_mediencoaching,These ads ran without a disclaimer,≤100
550751965021284,Success Resources,These ads ran without a disclaimer,≤100