﻿Page ID,Page name,Disclaimer,Amount spent (CHF)
220137094989562,BRITA Schweiz,These ads ran without a disclaimer,≤100
126289610761942,Grünliberale,Grünliberale,≤100
194790813901953,Grüne Schweiz,Grüne Schweiz,≤100
921336971288655,Nagra,Nagra,≤100
154976914534194,Save the Children Schweiz/Suisse,Save the Children Schweiz,≤100
111081131629685,Blackout stoppen,Volksinitiative «Jederzeit Strom für alle (Blackout stoppen)»,≤100
255506388731408,Biodiversitätsinitiative,Biodiversitätsinitiative,≤100
51415837765,Greenpeace Switzerland,Greenpeace Switzerland,≤100
97220294896,SP Schweiz,SP Schweiz,≤100
169510248558,Die Mitte - Le Centre,Die Mitte,≤100
102014399307738,Direkt,direkt,≤100
169752569742293,Schweizerischer Gewerbeverband sgv,Schweizerischer Gewerbeverband sgv,≤100
124881880957569,SP Stadt St.Gallen,SP Stadt St.Gallen,≤100
48980326364,Public Eye,Public Eye,≤100
304748789719379,Bispo Inaldo Silva,These ads ran without a disclaimer,≤100
649563641749736,Karena and Kasey Bird,These ads ran without a disclaimer,≤100
218538701651843,Union suisse des arts et métiers usam,Schweizerischer Gewerbeverband sgv,≤100
1919422915011017,Republik,Republik AG,≤100
97721121385,Public Eye,Public Eye,≤100
102607622386347,Agissons Suisse,AG!SSONS,≤100
267353906619818,Mr. Gugu & Miss Go,These ads ran without a disclaimer,≤100
1027844850652657,Boomerang Ideas,Boomerang Ideas AG,≤100
259871484198551,Thomas Matter,Thomas Matter,≤100
386551678736949,Philippe Loertscher,Philippe Loertscher,≤100
202907189862969,Verdi Liberali,Parti vert'libéral Suisse,≤100
142664095796912,GRÜNE Kanton Bern,GRÜNE Kanton Bern,≤100
179829952053386,Vert'libéraux,Parti vert'libéral Suisse,≤100
15733998334,FDP,FDP,≤100
108103318693563,"Heidi Weiss, Bauma, EVP","Heidi Weiss, Bauma, EVP",≤100
115134174862244,perspectivesuisse.ch,IG Wirtschaftsverbände,≤100
180501591989950,Jungfreisinnige Kanton Zürich,Jungfreisinnige Kanton Zürich,≤100
105527252338650,perspektiveschweiz.ch,IG Wirtschaftsverbände,≤100
285831198097799,Kloster Mariazell Wurmsbach,These ads ran without a disclaimer,≤100
251838211585945,SP Basel-Stadt,SP Basel-Stadt,≤100
344556287396,Penguin Bücher,These ads ran without a disclaimer,≤100
2132283110126881,mecoa_mediencoaching,These ads ran without a disclaimer,≤100