﻿Page ID,Page name,Disclaimer,Amount spent (CHF)
220137094989562,BRITA Schweiz,These ads ran without a disclaimer,155
102063439477752,Simon Stocker in den Ständerat,Komitee «Stocker is Stöckli»,≤100
15733998334,FDP,FDP,≤100
126289610761942,Grünliberale,Grünliberale,≤100
921336971288655,Nagra,Nagra,≤100
194790813901953,Grüne Schweiz,Grüne Schweiz,≤100
231320586878427,Hauseigentümerverband (HEV) Region Winterthur,Hauseigentümerverband Region Winterthur,≤100
111081131629685,Blackout stoppen,Volksinitiative «Jederzeit Strom für alle (Blackout stoppen)»,≤100
51415837765,Greenpeace Switzerland,Greenpeace Switzerland,≤100
105527252338650,perspektiveschweiz.ch,IG Wirtschaftsverbände,≤100
154976914534194,Save the Children Schweiz/Suisse,Save the Children Schweiz,≤100
255506388731408,Biodiversitätsinitiative,Biodiversitätsinitiative,≤100
169752569742293,Schweizerischer Gewerbeverband sgv,Schweizerischer Gewerbeverband sgv,≤100
97220294896,SP Schweiz,SP Schweiz,≤100
649563641749736,Karena and Kasey Bird,These ads ran without a disclaimer,≤100
102014399307738,Direkt,direkt,≤100
304748789719379,Bispo Inaldo Silva,These ads ran without a disclaimer,≤100
169510248558,Die Mitte - Le Centre,Die Mitte,≤100
180501591989950,Jungfreisinnige Kanton Zürich,Jungfreisinnige Kanton Zürich,≤100
1919422915011017,Republik,Republik AG,≤100
18087904183,PLR,PLR,≤100
48980326364,Public Eye,Public Eye,≤100
218538701651843,Union suisse des arts et métiers usam,Schweizerischer Gewerbeverband sgv,≤100
1375809955994471,Rahel Ruch,Rahel Ruch,≤100
97721121385,Public Eye,Public Eye,≤100
202907189862969,Verdi Liberali,Parti vert'libéral Suisse,≤100
102607622386347,Agissons Suisse,AG!SSONS,≤100
1027844850652657,Boomerang Ideas,Boomerang Ideas AG,≤100
259871484198551,Thomas Matter,Thomas Matter,≤100
344556287396,Penguin Bücher,These ads ran without a disclaimer,≤100
179829952053386,Vert'libéraux,Parti vert'libéral Suisse,≤100
1096849117188708,Ristorante pugliese Müsella,These ads ran without a disclaimer,≤100
108103318693563,"Heidi Weiss, Bauma, EVP","Heidi Weiss, Bauma, EVP",≤100
142664095796912,GRÜNE Kanton Bern,GRÜNE Kanton Bern,≤100
115134174862244,perspectivesuisse.ch,IG Wirtschaftsverbände,≤100
139016370161,PINK CROSS / Swiss Gay Federation,Pink Cross,≤100
386551678736949,Philippe Loertscher,Philippe Loertscher,≤100
102718129475079,Ambil Sandy,Bezirksrichterwahl,≤100
100649012962611,Direct,Direct,≤100
267353906619818,Mr. Gugu & Miss Go,These ads ran without a disclaimer,≤100
291359247729208,PS Suisse,PS Suisse,≤100
285831198097799,Kloster Mariazell Wurmsbach,These ads ran without a disclaimer,≤100
101173452598541,Garryx R,These ads ran without a disclaimer,≤100
550751965021284,Success Resources,These ads ran without a disclaimer,≤100
103736139244309,Coach Mercedez Lerne,These ads ran without a disclaimer,≤100
103440071784916,The Dancing Cucumber Center,These ads ran without a disclaimer,≤100
105902672565367,The Daily Newsline,These ads ran without a disclaimer,≤100