﻿Page ID,Page name,Disclaimer,Amount spent (CHF)
154212901272905,FDP.Die Liberalen Baselland,FDP.Die Liberalen Baselland,458
169510248558,Die Mitte - Le Centre,Die Mitte,339
108392832120312,Perspektive Zürich,Perspektive Zürich,141
105527252338650,perspektiveschweiz.ch,IG Wirtschaftsverbände,130
97220294896,SP Schweiz,SP Schweiz,≤100
1464661227009326,SVP Bezirk Uster,SVP Bezirk Uster,≤100
111081131629685,Blackout stoppen,Volksinitiative «Jederzeit Strom für alle (Blackout stoppen)»,≤100
194790813901953,Grüne Schweiz,Grüne Schweiz,≤100
600706570124933,Verkehrssanierungen JA,Verkehrssanierungen JA,≤100
259871484198551,Thomas Matter,Thomas Matter,≤100
206831926864378,SVP Gelterkinden und Umgebung,SVP Gelterkinden und Umgebung,≤100
109742838576665,Sandro Gerber - FDP.Die Liberalen - Kantonsratskandidat ZH 2023,sandrogerber,≤100
198432937394181,Philipp Müller in den Kantonsrat,Philipp Müller,≤100
102578282597131,Kamylla Lisi-Brandino,Kamylla J. Lisi-Brandino,≤100
100369729335133,"Peter Grünenfelder, Regierungsratskandidat Zürich",Peter Grünenfelder c/o FDP Kanton Zürich,≤100
375845269120737,FDP. Die Liberalen Dietikon,FDP. Die Liberalen Dietikon,≤100
107515328348195,Michael Uebersax,Michael Stefan Uebersax,≤100
257497631736082,Gletscher-Initiative,Verein Klimaschutz Schweiz,≤100
106020715591381,"Thomi Jourdan - Regierungsratskandidat Baselland - ""fürs Baselbiet vo morn""",Thomi Jourdan in den Regierungsrat,≤100
104176871670876,Renteninitiative - Für eine sichere & nachhaltige Altersvorsorge,Verein Renteninitiative,≤100
110616465067898,Initiative Gesunde Jugend Jetzt,Die Junge Mitte Kanton Zürich,≤100
170262515730,FDP.Die Liberalen Arlesheim,FDP.Die Liberalen Arlesheim,≤100
106264082355003,Sven Heinzelmann,Komitee «Sven Heinzelmann in den Kantonsrat»,≤100
488909884546537,GLP Winterthur Land,GLP Winterthur Land,≤100
105262295297064,FDP.Die Liberalen Nürensdorf,FDP.Die Liberalen Nürensdorf,≤100
921336971288655,Nagra,Nagra,≤100
82752099000,Alternative Liste ZH,Alternative Liste Zürich,≤100
92824188601,No Sleep Records,These ads ran without a disclaimer,≤100
125466200895962,Valentin Landmann,Sven Kunz,≤100
100345702834585,All Out Deutschland,All Out,≤100
1607548886172610,Hans-Ulrich Bigler,Hans-Ulrich Bigler,≤100
707321076049640,Monika Keller,Monika Keller,≤100
100240749524401,Deborah Scharpf,Deborah Luzia Maryse Scharpf,≤100
854141954663925,Isabel Garcia GLP,Isabel Garcia Brunisholz,≤100
784812424962943,Tele Z,TELE Z,≤100
1483343695307824,Campax,Campax,≤100
102281186098428,Sara Sangiacomo,Rosaria Sangiacomo,≤100
358536457645537,SVP Uster,Daniel Schnyder,≤100
705478906236710,FDP.Die Liberalen Bezirk Uster,FDP.Die Liberalen Bezirk Uster,≤100
627220684023668,GRÜNE Zürich,Grüne Kanton Zürich,≤100
169042736456594,All Out,All Out,≤100
138345752891779,Grüne Liestal und Umgebung,These ads ran without a disclaimer,≤100
110151814882388,Benjamin Gautschi,Benjamin Gautschi,≤100
230522120377463,FDP Allschwil-Schönenbuch,FDP Allschwil-Schönenbuch,≤100
100980232576650,Muriel Langenberger,Muriel Langenberger,≤100
245030556232364,Grünliberale Partei Basel-Landschaft,Grünliberale Partei Basel-Landschaft,≤100
103215392637344,Robin Kuhn,Robin Jonas Kuhn,≤100
1764183190338571,SVP Kreis 3,Derek Richter,≤100
101500332827222,SVP Wahlkreis Sursee,SVP Wahlkreis Sursee,≤100
200825306651250,Renato Pfeffer EVP,EVP Kanton Zürich,≤100
107717738487757,Viviane Kägi GLP,Viviane Kägi,≤100
101767182105712,Grüne Bezirk Affoltern,GRÜNE Bezirk Affoltern,≤100
108608181846149,Umut Gökbas,Mehmet Umut Gökbas,≤100
109023033782956,Unisanté,Unisanté,≤100
117741198303856,FDP Kanton Zürich,FDP Kanton Zürich,≤100
111516028427691,Die Mitte Oberes Baselbiet,Die Mitte Oberes Baselbiet,≤100
102833318045836,Nick Glättli,Nick Didier Glättli,≤100
1582348792001263,SP 4&5 Zürich,SP Zürich 4 & 5,≤100
356407481399967,FDP.Die Liberalen Sissach und Umgebung,FDP Sissach und Umgebung,≤100
102531252603779,Stephan Jung,Stephan Jung,≤100
231086633606227,SVP Baselland,SVP Baselland,≤100
252652524823017,EVP Kanton Zürich,EVP Kanton Zürich,≤100
113273198762176,FDP.Die Liberalen Pratteln,FDP.Die Liberalen Pratteln,≤100
276547049113405,SP Schaffhausen,SP Schaffhausen,≤100
1462022710772147,Hans Egli,Hans Egli,≤100
1092252917594218,Initiative pour les glaciers,Association suisse pour la protection du climat,≤100
1544273692546271,waterdrop,These ads ran without a disclaimer,≤100
110834314440892,Saudi Green Initiative,These ads ran without a disclaimer,≤100
1700824713324064,SP Zürich 10,SP Zürich 10,≤100
101417574776507,Ja zur direkten Demokratie,New Swiss Journal,≤100
651956578553145,"Marita Verbali, FDP",Marita Verbali,≤100
104942962435489,Sarah Regez,Sarah Regez,≤100
291359247729208,PS Suisse,PS Suisse,≤100
218020061613734,UBS,These ads ran without a disclaimer,≤100
756722317788172,FDP.Die Liberalen Stadt Luzern,FDP.Die Liberalen Stadt Luzern,≤100
261452338060969,Domenik Lädi Ledergerber,Überparteiliches Unterstützungskomitee Domenik Ledergerber,≤100
105391775361272,"Nico Jonasch, Einwohnerrat Allschwil",FDP Allschwil-Schönenbuch,≤100
100513788093677,Les Vert-e-s Ville de Genève,Les Vert-e-s Ville de Genève,≤100
103269145789541,Stop au blackout,Initiative populaire « De l’électricité pour tous en tout temps (Stop au blackout) »,≤100
191438050875440,Die Mitte  Basel-Landschaft,Die Mitte  Basel-Landschaft,≤100
416743625125770,Grüne Zürichsee,GRÜNE Bezirk Horgen,≤100
335609400529370,FDP Horgen,FDP Horgen,≤100
187828241245131,Grüne Baselland,Grüne Baselland,≤100
110533229026103,EVP / PEV,EVP Schweiz,≤100
125392157541675,Tilsiter Switzerland,These ads ran without a disclaimer,≤100
123698491019029,Lombard Odier Group,These ads ran without a disclaimer,≤100
101103429022118,Grüne Schlieren,Grüne Partei Schlieren,≤100
1148594755342436,Saskia Schenker - Landrätin,FDP Sissach und Umgebung c/o Saskia Schenker,≤100
103440272521713,Sarah Fuchs in den Kantonsrat,Sarah Fuchs,≤100
103814352620250,Wiadomość dnia,These ads ran without a disclaimer,≤100
689505424449213,Jungfreisinnige Limmattal,Jungfreisinnige Limmattal,≤100
109213507316253,SP Zürich 11,SP Zürich,≤100
170449246402589,Grünliberale Stadt Zürich,Grünliberale Partei Stadt Zürich,≤100
175478195846132,Les Vert·e·s suisses,Grüne Schweiz,≤100
113189798267288,Karl Heinz Meyer Wahlkampf 2023,Karl Heinz Meyer,≤100
106615082184530,Raffael Grütter - GLP,Raffael Grütter,≤100
1436656116642646,Threadheads,These ads ran without a disclaimer,≤100
100116156110843,Stop al blackout,Iniziativa popolare «Energia elettrica in ogni tempo per tutti (Stop al blackout)»,≤100
108206818777404,Bezirksgewerbeverband Bülach,Bezirksgewerbeverband Bülach,≤100
139890720097051,Die Mitte Muttenz,Die Mitte Muttenz,≤100
101292009486072,Simon Affentranger GLP,Simon Johannes Affentranger Jäger,≤100
450602808776880,Martin Neukom,Martin Neukom,≤100
353969997649,Partito Comunista - Svizzera,Partito Comunista,≤100
108692711660498,Urs Wegmann,These ads ran without a disclaimer,≤100
778855988853776,SP Allschwil-Schönenbuch,SP Allschwil Schönenbuch,≤100
347162492139048,SP Töss,Matthias Jakob Ernst Erzinger,≤100
105257442419923,Die Mitte Bezirk Bülach,Die Mitte Bezirk Bülach,≤100
136341053227140,EVP Winterthur,EVP Kanton Zürich,≤100
103038692613840,isabelbartal.official,These ads ran without a disclaimer,≤100
119245155521044,Ylli Doko - Politiker - FDP Die.Liberalen,Ylli Doko,≤100
102853206050540,Aktualne programy,These ads ran without a disclaimer,≤100
109736592007457,aslansav,These ads ran without a disclaimer,≤100
1903129656584980,SP Uster,SP Uster,≤100
108351771294208,Hubert Boog,Hubert Walter Boog,≤100
1959919117421939,FDP.Die Liberalen Bezirk Bülach,FDP.Die Liberalen Bezirk Bülach,≤100
610098352377102,Christian Pfaller,Komitee Christian Pfaller,≤100
388815591176119,SP Zürich 9,SP Zürich,≤100
1476717905682561,SP Zürich 6,SP Zürich 6,≤100
1225312564279075,Karin Fehr Thoma,Karin Fehr Thoma,≤100
131169181232,VOGUE JAPAN,These ads ran without a disclaimer,≤100
1366677330077450,Learn German 4 Life,These ads ran without a disclaimer,≤100
763722197034246,En Développement,These ads ran without a disclaimer,≤100
158968251509151,Hands on Veggies,These ads ran without a disclaimer,≤100
107203148110541,Action Speaks Louder,These ads ran without a disclaimer,≤100
187461997935711,Unilever Careers,These ads ran without a disclaimer,≤100
116956918327408,Jacobs Foundation,These ads ran without a disclaimer,≤100
474314055968372,fischer group,These ads ran without a disclaimer,≤100
103103012533802,noonootravel,These ads ran without a disclaimer,≤100
185561295623272,Move To Help Foundation,These ads ran without a disclaimer,≤100
115121024788993,Bio government,These ads ran without a disclaimer,≤100
111184371077108,Komoneed D,These ads ran without a disclaimer,≤100
103419298803774,Haptica//online,These ads ran without a disclaimer,≤100
112542440931333,NinjaOne France,These ads ran without a disclaimer,≤100
101877712405612,fva_bw,These ads ran without a disclaimer,≤100
102527209215235,Viviane Olívia,These ads ran without a disclaimer,≤100
103398468787,Saint-Gobain,These ads ran without a disclaimer,≤100
253898059451,Gambero Rosso International,These ads ran without a disclaimer,≤100
104539708901187,CHARGENOW,These ads ran without a disclaimer,≤100
102832392688253,Southland 360,These ads ran without a disclaimer,≤100
108420041636307,Ricardo Negócios Imobiliários,These ads ran without a disclaimer,≤100
1938639056397169,GLP Lenzburg,These ads ran without a disclaimer,≤100
108254858551015,ENERGY ACT FOR UKRAINE Foundation,These ads ran without a disclaimer,≤100
101092249555299,Where,These ads ran without a disclaimer,≤100
111011748401165,Washington Kane,These ads ran without a disclaimer,≤100
198515713604505,Ludwig-Maximilians-Universität München,These ads ran without a disclaimer,≤100
102914212679370,Bad Habits Clothes Berlin,These ads ran without a disclaimer,≤100
194288987793356,Ukraine House Davos,These ads ran without a disclaimer,≤100
497097197026277,Real life at McKinsey,These ads ran without a disclaimer,≤100
175418892541297,Wildkaffee Rösterei,These ads ran without a disclaimer,≤100
31292782350,Deutschland.de,These ads ran without a disclaimer,≤100