﻿Page ID,Page name,Disclaimer,Amount spent (CHF)
126256997433456,SP Baselland,SP Baselland,5095
154212901272905,FDP.Die Liberalen Baselland,FDP.Die Liberalen Baselland,1245
245030556232364,Grünliberale Partei Basel-Landschaft,Grünliberale Partei Basel-Landschaft,1167
102408406000910,Bürgerliche Allianz,Berchtold Marketing GmbH,542
106020715591381,"Thomi Jourdan - Regierungsratskandidat Baselland - ""fürs Baselbiet vo morn""",Thomi Jourdan in den Regierungsrat,420
105190875802704,Thomas Noack,Schweizer und Noack in den Regierungsrat,404
231086633606227,SVP Baselland,SVP Baselland,399
111516028427691,Die Mitte Oberes Baselbiet,Die Mitte Oberes Baselbiet,270
191438050875440,Die Mitte  Basel-Landschaft,Die Mitte  Basel-Landschaft,266
187828241245131,Grüne Baselland,Grüne Baselland,146
169510248558,Die Mitte - Le Centre,Die Mitte,121
110533229026103,EVP / PEV,EVP Schweiz,104
104942962435489,Sarah Regez,Sarah Regez,≤100
170262515730,FDP.Die Liberalen Arlesheim,FDP.Die Liberalen Arlesheim,≤100
778855988853776,SP Allschwil-Schönenbuch,SP Allschwil Schönenbuch,≤100
657830007560468,SP Aesch-Pfeffingen,SP Aesch-Pfeffingen,≤100
106254955524910,SVP Binningen,SVP Binningen,≤100
206831926864378,SVP Gelterkinden und Umgebung,SVP Gelterkinden und Umgebung,≤100
97220294896,SP Schweiz,SP Schweiz,≤100
265041068300,JUSO Baselland,JUSO Baselland,≤100
105527252338650,perspektiveschweiz.ch,IG Wirtschaftsverbände,≤100
103234339054385,"Lea Van der Merwe, Einwohnerrätin Allschwil",FDP Allschwil-Schönenbuch,≤100
109228305112523,"Damian Schaller, Landratskandidat FDP Allschwil",FDP Allschwil-Schönenbuch,≤100
205235402844715,SP Binningen,SP Binningen,≤100
101012679501703,Stephan Siegel in den Landrat,Stephan Siegel in den Landrat,≤100
104484902120877,"Sebastian Hersberger, FDP Allschwil",FDP Allschwil-Schönenbuch,≤100
335404453537186,Die Mitte Binningen-Bottmingen,Die Mitte Binningen-Bottmingen,≤100
114998068149733,Dr. Stefan Meyer,Stefan Jörg Meyer,≤100
356407481399967,FDP.Die Liberalen Sissach und Umgebung,FDP Sissach und Umgebung,≤100
111081131629685,Blackout stoppen,Volksinitiative «Jederzeit Strom für alle (Blackout stoppen)»,≤100
113273198762176,FDP.Die Liberalen Pratteln,FDP.Die Liberalen Pratteln,≤100
108608181846149,Umut Gökbas,Mehmet Umut Gökbas,≤100
104272338098687,"Robert Vogt, Gemeinderat Allschwil",FDP Allschwil-Schönenbuch,≤100
100505278746845,Gesunde Finanzen,Organisation für gesunde Gemeindefinanzen,≤100
194790813901953,Grüne Schweiz,Grüne Schweiz,≤100
139890720097051,Die Mitte Muttenz,Die Mitte Muttenz,≤100
259871484198551,Thomas Matter,Thomas Matter,≤100
104937837702194,SP EVP GRÜNE für Gelterkinden,SP EVP GRÜNE für Gelterkinden,≤100
230522120377463,FDP Allschwil-Schönenbuch,FDP Allschwil-Schönenbuch,≤100
600706570124933,Verkehrssanierungen JA,Verkehrssanierungen JA,≤100
257497631736082,Gletscher-Initiative,Verein Klimaschutz Schweiz,≤100
105391775361272,"Nico Jonasch, Einwohnerrat Allschwil",FDP Allschwil-Schönenbuch,≤100
102531252603779,Stephan Jung,Stephan Jung,≤100
104176871670876,Renteninitiative - Für eine sichere & nachhaltige Altersvorsorge,Verein Renteninitiative,≤100
100345702834585,All Out Deutschland,All Out,≤100
921336971288655,Nagra,Nagra,≤100
100240749524401,Deborah Scharpf,Deborah Luzia Maryse Scharpf,≤100
92824188601,No Sleep Records,These ads ran without a disclaimer,≤100
106080328954492,SP Gelterkinden und Umgebung,SP Gelterkinden und Umgebung,≤100
125466200895962,Valentin Landmann,Sven Kunz,≤100
1483343695307824,Campax,Campax,≤100
1148594755342436,Saskia Schenker - Landrätin,FDP Sissach und Umgebung c/o Saskia Schenker,≤100
784812424962943,Tele Z,TELE Z,≤100
169042736456594,All Out,All Out,≤100
138345752891779,Grüne Liestal und Umgebung,These ads ran without a disclaimer,≤100
109023033782956,Unisanté,Unisanté,≤100
627220684023668,GRÜNE Zürich,Grüne Kanton Zürich,≤100
375845269120737,FDP. Die Liberalen Dietikon,FDP. Die Liberalen Dietikon,≤100
200825306651250,Renato Pfeffer EVP,EVP Kanton Zürich,≤100
1544273692546271,waterdrop,These ads ran without a disclaimer,≤100
1462022710772147,Hans Egli,Hans Egli,≤100
1092252917594218,Initiative pour les glaciers,Association suisse pour la protection du climat,≤100
291359247729208,PS Suisse,PS Suisse,≤100
100980232576650,Muriel Langenberger,Muriel Langenberger,≤100
1700824713324064,SP Zürich 10,SP Zürich 10,≤100
103269145789541,Stop au blackout,Initiative populaire « De l’électricité pour tous en tout temps (Stop au blackout) »,≤100
110834314440892,Saudi Green Initiative,These ads ran without a disclaimer,≤100
651956578553145,"Marita Verbali, FDP",Marita Verbali,≤100
218020061613734,UBS,These ads ran without a disclaimer,≤100
110151814882388,Benjamin Gautschi,Benjamin Gautschi,≤100
100513788093677,Les Vert-e-s Ville de Genève,Les Vert-e-s Ville de Genève,≤100
125392157541675,Tilsiter Switzerland,These ads ran without a disclaimer,≤100
101417574776507,Ja zur direkten Demokratie,New Swiss Journal,≤100
103038692613840,isabelbartal.official,These ads ran without a disclaimer,≤100
100116156110843,Stop al blackout,Iniziativa popolare «Energia elettrica in ogni tempo per tutti (Stop al blackout)»,≤100
103419298803774,Haptica//online,These ads ran without a disclaimer,≤100
252652524823017,EVP Kanton Zürich,EVP Kanton Zürich,≤100
103440272521713,Sarah Fuchs in den Kantonsrat,Sarah Fuchs,≤100
109213507316253,SP Zürich 11,SP Zürich,≤100
105262295297064,FDP.Die Liberalen Nürensdorf,FDP.Die Liberalen Nürensdorf,≤100
353969997649,Partito Comunista - Svizzera,Partito Comunista,≤100
108206818777404,Bezirksgewerbeverband Bülach,Bezirksgewerbeverband Bülach,≤100
100369729335133,"Peter Grünenfelder, Regierungsratskandidat Zürich",Peter Grünenfelder c/o FDP Kanton Zürich,≤100
450602808776880,Martin Neukom,Martin Neukom,≤100
117027101705789,FDP Stadt Zürich,FDP Stadt Zürich,≤100
627220684023668,GRÜNE Zürich,Grüne Stadt Zürich,≤100
567417573785872,RefLab,These ads ran without a disclaimer,≤100
136341053227140,EVP Winterthur,EVP Kanton Zürich,≤100
109736592007457,aslansav,These ads ran without a disclaimer,≤100
105257442419923,Die Mitte Bezirk Bülach,Die Mitte Bezirk Bülach,≤100
1476717905682561,SP Zürich 6,SP Zürich 6,≤100
1125155474201566,Mcg Carouge,These ads ran without a disclaimer,≤100
102832392688253,Southland 360,These ads ran without a disclaimer,≤100
104539708901187,CHARGENOW,These ads ran without a disclaimer,≤100
1436656116642646,Threadheads,These ads ran without a disclaimer,≤100
102853206050540,Aktualne programy,These ads ran without a disclaimer,≤100
123698491019029,Lombard Odier Group,These ads ran without a disclaimer,≤100
103814352620250,Wiadomość dnia,These ads ran without a disclaimer,≤100
111316095071866,zippythoughts101,These ads ran without a disclaimer,≤100
1366677330077450,Learn German 4 Life,These ads ran without a disclaimer,≤100
111184371077108,Komoneed D,These ads ran without a disclaimer,≤100
114797118561022,Breda University of Applied Sciences,These ads ran without a disclaimer,≤100
102900324662362,Cantu Beauty Deutschland,These ads ran without a disclaimer,≤100
474314055968372,fischer group,These ads ran without a disclaimer,≤100
497097197026277,Real life at McKinsey,These ads ran without a disclaimer,≤100
198515713604505,Ludwig-Maximilians-Universität München,These ads ran without a disclaimer,≤100
185561295623272,Move To Help Foundation,These ads ran without a disclaimer,≤100
175418892541297,Wildkaffee Rösterei,These ads ran without a disclaimer,≤100