﻿Page ID,Page name,Disclaimer,Amount spent (CHF)
317591871730585,SVP Bezirk Meilen,Marc Michel Wachter,≤100
108392832120312,Perspektive Zürich,Perspektive Zürich,≤100
1604136306538918,Marc Wachter,Marc Michel Wachter,≤100
105527252338650,perspektiveschweiz.ch,IG Wirtschaftsverbände,≤100
252652524823017,EVP Kanton Zürich,EVP Kanton Zürich,≤100
97220294896,SP Schweiz,SP Schweiz,≤100
1464661227009326,SVP Bezirk Uster,SVP Bezirk Uster,≤100
259871484198551,Thomas Matter,Thomas Matter,≤100
107515328348195,Michael Uebersax,Michael Stefan Uebersax,≤100
100980232576650,Muriel Langenberger,Muriel Langenberger,≤100
111081131629685,Blackout stoppen,Volksinitiative «Jederzeit Strom für alle (Blackout stoppen)»,≤100
198432937394181,Philipp Müller in den Kantonsrat,Philipp Müller,≤100
756722317788172,FDP.Die Liberalen Stadt Luzern,FDP.Die Liberalen Stadt Luzern,≤100
102578282597131,Kamylla Lisi-Brandino,Kamylla J. Lisi-Brandino,≤100
194790813901953,Grüne Schweiz,Grüne Schweiz,≤100
101767182105712,Grüne Bezirk Affoltern,GRÜNE Bezirk Affoltern,≤100
257497631736082,Gletscher-Initiative,Verein Klimaschutz Schweiz,≤100
583706025047684,Pierre Rappazzo in den Zürcher Kantonsrat,Pierre Rappazzo,≤100
169510248558,Die Mitte - Le Centre,Die Mitte,≤100
117741198303856,FDP Kanton Zürich,FDP Kanton Zürich,≤100
200825306651250,Renato Pfeffer EVP,EVP Kanton Zürich,≤100
110838505070498,SVP Wädenswil,SVP Wädenswil,≤100
106020715591381,"Thomi Jourdan - Regierungsratskandidat Baselland - ""fürs Baselbiet vo morn""",Thomi Jourdan in den Regierungsrat,≤100
104176871670876,Renteninitiative - Für eine sichere & nachhaltige Altersvorsorge,Verein Renteninitiative,≤100
1769803096579445,Grünliberale Bezirk Horgen,Grünliberale Bezirk Horgen,≤100
110616465067898,Initiative Gesunde Jugend Jetzt,Die Junge Mitte Kanton Zürich,≤100
921336971288655,Nagra,Nagra,≤100
707321076049640,Monika Keller,Monika Keller,≤100
102281186098428,Sara Sangiacomo,Rosaria Sangiacomo,≤100
335609400529370,FDP Horgen,FDP Horgen,≤100
100345702834585,All Out Deutschland,All Out,≤100
125466200895962,Valentin Landmann,Sven Kunz,≤100
358536457645537,SVP Uster,Daniel Schnyder,≤100
784812424962943,Tele Z,TELE Z,≤100
106964611977537,Switlo,Switlo,≤100
105262295297064,FDP.Die Liberalen Nürensdorf,FDP.Die Liberalen Nürensdorf,≤100
109742838576665,Sandro Gerber - FDP.Die Liberalen - Kantonsratskandidat ZH 2023,sandrogerber,≤100
705478906236710,FDP.Die Liberalen Bezirk Uster,FDP.Die Liberalen Bezirk Uster,≤100
169042736456594,All Out,All Out,≤100
1483343695307824,Campax,Campax,≤100
92824188601,No Sleep Records,These ads ran without a disclaimer,≤100
1544273692546271,waterdrop,These ads ran without a disclaimer,≤100
100240749524401,Deborah Scharpf,Deborah Luzia Maryse Scharpf,≤100
110151814882388,Benjamin Gautschi,Benjamin Gautschi,≤100
82752099000,Alternative Liste ZH,Alternative Liste Zürich,≤100
627220684023668,GRÜNE Zürich,Grüne Kanton Zürich,≤100
360920524334417,Grünliberale Adliswil,Grünliberale Adliswil,≤100
245030556232364,Grünliberale Partei Basel-Landschaft,Grünliberale Partei Basel-Landschaft,≤100
261452338060969,Domenik Lädi Ledergerber,Überparteiliches Unterstützungskomitee Domenik Ledergerber,≤100
1607548886172610,Hans-Ulrich Bigler,Hans-Ulrich Bigler,≤100
1462022710772147,Hans Egli,Hans Egli,≤100
103638965961747,Gabriel Mäder - Grünliberale,Gabriel Markus Mäder,≤100
600706570124933,Verkehrssanierungen JA,Verkehrssanierungen JA,≤100
109023033782956,Unisanté,Unisanté,≤100
375845269120737,FDP. Die Liberalen Dietikon,FDP. Die Liberalen Dietikon,≤100
488909884546537,GLP Winterthur Land,GLP Winterthur Land,≤100
135366813191979,Urs Waser Kantonsrat,Waser Urs,≤100
416743625125770,Grüne Zürichsee,GRÜNE Bezirk Horgen,≤100
103269145789541,Stop au blackout,Initiative populaire « De l’électricité pour tous en tout temps (Stop au blackout) »,≤100
651956578553145,"Marita Verbali, FDP",Marita Verbali,≤100
218020061613734,UBS,These ads ran without a disclaimer,≤100
1700824713324064,SP Zürich 10,SP Zürich 10,≤100
291359247729208,PS Suisse,PS Suisse,≤100
101417574776507,Ja zur direkten Demokratie,New Swiss Journal,≤100
1582348792001263,SP 4&5 Zürich,SP Zürich 4 & 5,≤100
230522120377463,FDP Allschwil-Schönenbuch,FDP Allschwil-Schönenbuch,≤100
353969997649,Partito Comunista - Svizzera,Partito Comunista,≤100
1092252917594218,Initiative pour les glaciers,Association suisse pour la protection du climat,≤100
156831187737967,JUSO Kanton Zürich,Jungsozialist*innen Kanton Zürich,≤100
100513788093677,Les Vert-e-s Ville de Genève,Les Vert-e-s Ville de Genève,≤100
136341053227140,EVP Winterthur,EVP Kanton Zürich,≤100
276547049113405,SP Schaffhausen,SP Schaffhausen,≤100
106615082184530,Raffael Grütter - GLP,Raffael Grütter,≤100
109213507316253,SP Zürich 11,SP Zürich,≤100
231086633606227,SVP Baselland,SVP Baselland,≤100
103440272521713,Sarah Fuchs in den Kantonsrat,Sarah Fuchs,≤100
347162492139048,SP Töss,Matthias Jakob Ernst Erzinger,≤100
125392157541675,Tilsiter Switzerland,These ads ran without a disclaimer,≤100
111873241774804,RJ Klimaneutral,"Junge Mitte, JGLP, JUSO - Rapperswil Jona",≤100
108206818777404,Bezirksgewerbeverband Bülach,Bezirksgewerbeverband Bülach,≤100
450602808776880,Martin Neukom,Martin Neukom,≤100
567417573785872,RefLab,These ads ran without a disclaimer,≤100
191438050875440,Die Mitte  Basel-Landschaft,Die Mitte  Basel-Landschaft,≤100
107717738487757,Viviane Kägi GLP,Viviane Kägi,≤100
429342907157034,Beat Habegger,Beat Michael Habegger,≤100
100369729335133,"Peter Grünenfelder, Regierungsratskandidat Zürich",Peter Grünenfelder c/o FDP Kanton Zürich,≤100
1903129656584980,SP Uster,SP Uster,≤100
119245155521044,Ylli Doko - Politiker - FDP Die.Liberalen,Ylli Doko,≤100
1959919117421939,FDP.Die Liberalen Bezirk Bülach,FDP.Die Liberalen Bezirk Bülach,≤100
101759462695729,Seraina Billeter-Ihre Kandidatin,Seraina Sara Billeter,≤100
1587949341492441,Claudio Zihlmann,Claudio Zihlmann,≤100
105257442419923,Die Mitte Bezirk Bülach,Die Mitte Bezirk Bülach,≤100
108254858551015,ENERGY ACT FOR UKRAINE Foundation,These ads ran without a disclaimer,≤100
198515713604505,Ludwig-Maximilians-Universität München,These ads ran without a disclaimer,≤100
102073931578170,Naazcars,These ads ran without a disclaimer,≤100
102527209215235,Viviane Olívia,These ads ran without a disclaimer,≤100
104539708901187,CHARGENOW,These ads ran without a disclaimer,≤100
110834314440892,Saudi Green Initiative,These ads ran without a disclaimer,≤100
103419298803774,Haptica//online,These ads ran without a disclaimer,≤100
123698491019029,Lombard Odier Group,These ads ran without a disclaimer,≤100
1722520228078847,Female Invest,These ads ran without a disclaimer,≤100
102900324662362,Cantu Beauty Deutschland,These ads ran without a disclaimer,≤100
103814352620250,Wiadomość dnia,These ads ran without a disclaimer,≤100
102832392688253,Southland 360,These ads ran without a disclaimer,≤100
1436656116642646,Threadheads,These ads ran without a disclaimer,≤100
102914212679370,Bad Habits Clothes Berlin,These ads ran without a disclaimer,≤100
1196196390526965,Facebook Surveys,These ads ran without a disclaimer,≤100
185561295623272,Move To Help Foundation,These ads ran without a disclaimer,≤100
497097197026277,Real life at McKinsey,These ads ran without a disclaimer,≤100