﻿Page ID,Page name,Disclaimer,Amount spent (CHF)
147717218614170,PLR Genève,PLR.Les Libéraux-Radicaux Genève,1341
260591187302640,Parti socialiste genevois,Parti socialiste genevois,727
169510248558,Die Mitte - Le Centre,Die Mitte,468
100381452863244,Libertés et Justice sociale,Libertés et Justice sociale,310
288659088239530,MCG Officiel,Mouvement Citoyens Genevois,286
105527252338650,perspektiveschweiz.ch,IG Wirtschaftsverbände,248
259871484198551,Thomas Matter,Thomas Matter,118
103550668590403,Mieux vivre sa vie,Mieux Vivre Sa Vie,106
592045444309191,DIRECT NEWS by Michel Robadin,Michel François Robadin,≤100
291359247729208,PS Suisse,PS Suisse,≤100
1092252917594218,Initiative pour les glaciers,Association suisse pour la protection du climat,≤100
175478195846132,Les Vert·e·s suisses,Grüne Schweiz,≤100
97220294896,SP Schweiz,SP Schweiz,≤100
122819208305170,Sauvegarde Genève,Sauvegarde Genève,≤100
103269145789541,Stop au blackout,Initiative populaire « De l’électricité pour tous en tout temps (Stop au blackout) »,≤100
106020715591381,"Thomi Jourdan - Regierungsratskandidat Baselland - ""fürs Baselbiet vo morn""",Thomi Jourdan in den Regierungsrat,≤100
111081131629685,Blackout stoppen,Volksinitiative «Jederzeit Strom für alle (Blackout stoppen)»,≤100
592045444309191,DIRECT NEWS by Michel Robadin,These ads ran without a disclaimer,≤100
921336971288655,Nagra,Nagra,≤100
169042736456594,All Out,All Out,≤100
157913284377979,POP Nyon - La Côte,POP Nyon - La Côte,≤100
238982909481105,Les Vert·e·s Genevois·es,Les Vert-e-s genevois-es,≤100
257497631736082,Gletscher-Initiative,Verein Klimaschutz Schweiz,≤100
245030556232364,Grünliberale Partei Basel-Landschaft,Grünliberale Partei Basel-Landschaft,≤100
104176871670876,Renteninitiative - Für eine sichere & nachhaltige Altersvorsorge,Verein Renteninitiative,≤100
100240749524401,Deborah Scharpf,Deborah Luzia Maryse Scharpf,≤100
1492503634364441,Liste d'Union Populaire,Ensemble à Gauche-Genève,≤100
375845269120737,FDP. Die Liberalen Dietikon,FDP. Die Liberalen Dietikon,≤100
200825306651250,Renato Pfeffer EVP,EVP Kanton Zürich,≤100
1483343695307824,Campax,Campax,≤100
194790813901953,Grüne Schweiz,Grüne Schweiz,≤100
600706570124933,Verkehrssanierungen JA,Verkehrssanierungen JA,≤100
100345702834585,All Out Deutschland,All Out,≤100
100980232576650,Muriel Langenberger,Muriel Langenberger,≤100
109023033782956,Unisanté,Unisanté,≤100
110834314440892,Saudi Green Initiative,These ads ran without a disclaimer,≤100
100513788093677,Les Vert-e-s Ville de Genève,Les Vert-e-s Ville de Genève,≤100
218020061613734,UBS,These ads ran without a disclaimer,≤100
651956578553145,"Marita Verbali, FDP",Marita Verbali,≤100
230522120377463,FDP Allschwil-Schönenbuch,FDP Allschwil-Schönenbuch,≤100
1462022710772147,Hans Egli,Hans Egli,≤100
784812424962943,Tele Z,TELE Z,≤100
627220684023668,GRÜNE Zürich,Grüne Kanton Zürich,≤100
123698491019029,Lombard Odier Group,These ads ran without a disclaimer,≤100
92824188601,No Sleep Records,These ads ran without a disclaimer,≤100
1700824713324064,SP Zürich 10,SP Zürich 10,≤100
158820214312321,Citations Ron Hubbard,Mieux Vivre Sa Vie,≤100
1544273692546271,waterdrop,These ads ran without a disclaimer,≤100
763722197034246,En Développement,These ads ran without a disclaimer,≤100
1908078689293820,Paroles citoyennes,These ads ran without a disclaimer,≤100
353969997649,Partito Comunista - Svizzera,Partito Comunista,≤100
185561295623272,Move To Help Foundation,These ads ran without a disclaimer,≤100
497097197026277,Real life at McKinsey,These ads ran without a disclaimer,≤100
102527209215235,Viviane Olívia,These ads ran without a disclaimer,≤100
100116156110843,Stop al blackout,Iniziativa popolare «Energia elettrica in ogni tempo per tutti (Stop al blackout)»,≤100
1436656116642646,Threadheads,These ads ran without a disclaimer,≤100
1722520228078847,Female Invest,These ads ran without a disclaimer,≤100
813362708790951,UBP - Union Bancaire Privée,These ads ran without a disclaimer,≤100
1125155474201566,Mcg Carouge,These ads ran without a disclaimer,≤100
231086633606227,SVP Baselland,SVP Baselland,≤100
319393291423771,Le Temps,These ads ran without a disclaimer,≤100
110151814882388,Benjamin Gautschi,Benjamin Gautschi,≤100
103038692613840,isabelbartal.official,These ads ran without a disclaimer,≤100
101252718239079,thesocialactband,These ads ran without a disclaimer,≤100
131169181232,VOGUE JAPAN,These ads ran without a disclaimer,≤100
109736592007457,aslansav,These ads ran without a disclaimer,≤100
125392157541675,Tilsiter Switzerland,These ads ran without a disclaimer,≤100
105257442419923,Die Mitte Bezirk Bülach,Die Mitte Bezirk Bülach,≤100
119245155521044,Ylli Doko - Politiker - FDP Die.Liberalen,Ylli Doko,≤100
252652524823017,EVP Kanton Zürich,EVP Kanton Zürich,≤100
158968251509151,Hands on Veggies,These ads ran without a disclaimer,≤100
175418892541297,Wildkaffee Rösterei,These ads ran without a disclaimer,≤100
116956918327408,Jacobs Foundation,These ads ran without a disclaimer,≤100
444347906369155,Transitions et Énergies,These ads ran without a disclaimer,≤100
103398468787,Saint-Gobain,These ads ran without a disclaimer,≤100
198515713604505,Ludwig-Maximilians-Universität München,These ads ran without a disclaimer,≤100
103419298803774,Haptica//online,These ads ran without a disclaimer,≤100
102832392688253,Southland 360,These ads ran without a disclaimer,≤100
202225953152762,Yomeanimo,These ads ran without a disclaimer,≤100
2181830098768270,Saint-Gobain,These ads ran without a disclaimer,≤100
109292693991696,What The Food,These ads ran without a disclaimer,≤100
474314055968372,fischer group,These ads ran without a disclaimer,≤100
117390814571947,There,These ads ran without a disclaimer,≤100
101092249555299,Where,These ads ran without a disclaimer,≤100
101877712405612,fva_bw,These ads ran without a disclaimer,≤100
101202352602558,Syncbox,These ads ran without a disclaimer,≤100
108254858551015,ENERGY ACT FOR UKRAINE Foundation,These ads ran without a disclaimer,≤100
105223385595171,Alice Gomes,These ads ran without a disclaimer,≤100
102073931578170,Naazcars,These ads ran without a disclaimer,≤100
109450025373331,Test page SolarWorks,These ads ran without a disclaimer,≤100
402677536461567,AllMatters,These ads ran without a disclaimer,≤100
120494628004036,All Hands and Hearts,These ads ran without a disclaimer,≤100
102914212679370,Bad Habits Clothes Berlin,These ads ran without a disclaimer,≤100
102855326019017,Events in Switzerland,These ads ran without a disclaimer,≤100
105052565827737,Мировые новости,These ads ran without a disclaimer,≤100
111011748401165,Washington Kane,These ads ran without a disclaimer,≤100
1390745591150821,NRC - Norwegian Refugee Council,These ads ran without a disclaimer,≤100
102900324662362,Cantu Beauty Deutschland,These ads ran without a disclaimer,≤100