﻿Page ID,Page name,Disclaimer,Amount spent (CHF)
97220294896,SP Schweiz,SP Schweiz,≤100
105527252338650,perspektiveschweiz.ch,IG Wirtschaftsverbände,≤100
259871484198551,Thomas Matter,Thomas Matter,≤100
111081131629685,Blackout stoppen,Volksinitiative «Jederzeit Strom für alle (Blackout stoppen)»,≤100
194790813901953,Grüne Schweiz,Grüne Schweiz,≤100
106020715591381,"Thomi Jourdan - Regierungsratskandidat Baselland - ""fürs Baselbiet vo morn""",Thomi Jourdan in den Regierungsrat,≤100
257497631736082,Gletscher-Initiative,Verein Klimaschutz Schweiz,≤100
104176871670876,Renteninitiative - Für eine sichere & nachhaltige Altersvorsorge,Verein Renteninitiative,≤100
92824188601,No Sleep Records,These ads ran without a disclaimer,≤100
784812424962943,Tele Z,TELE Z,≤100
169510248558,Die Mitte - Le Centre,Die Mitte,≤100
921336971288655,Nagra,Nagra,≤100
1483343695307824,Campax,Campax,≤100
245030556232364,Grünliberale Partei Basel-Landschaft,Grünliberale Partei Basel-Landschaft,≤100
109023033782956,Unisanté,Unisanté,≤100
100240749524401,Deborah Scharpf,Deborah Luzia Maryse Scharpf,≤100
100345702834585,All Out Deutschland,All Out,≤100
200825306651250,Renato Pfeffer EVP,EVP Kanton Zürich,≤100
375845269120737,FDP. Die Liberalen Dietikon,FDP. Die Liberalen Dietikon,≤100
627220684023668,GRÜNE Zürich,Grüne Kanton Zürich,≤100
100980232576650,Muriel Langenberger,Muriel Langenberger,≤100
1544273692546271,waterdrop,These ads ran without a disclaimer,≤100
600706570124933,Verkehrssanierungen JA,Verkehrssanierungen JA,≤100
169042736456594,All Out,All Out,≤100
110151814882388,Benjamin Gautschi,Benjamin Gautschi,≤100
1700824713324064,SP Zürich 10,SP Zürich 10,≤100
230522120377463,FDP Allschwil-Schönenbuch,FDP Allschwil-Schönenbuch,≤100
1462022710772147,Hans Egli,Hans Egli,≤100
1092252917594218,Initiative pour les glaciers,Association suisse pour la protection du climat,≤100
103269145789541,Stop au blackout,Initiative populaire « De l’électricité pour tous en tout temps (Stop au blackout) »,≤100
291359247729208,PS Suisse,PS Suisse,≤100
651956578553145,"Marita Verbali, FDP",Marita Verbali,≤100
100116156110843,Stop al blackout,Iniziativa popolare «Energia elettrica in ogni tempo per tutti (Stop al blackout)»,≤100
100513788093677,Les Vert-e-s Ville de Genève,Les Vert-e-s Ville de Genève,≤100
125392157541675,Tilsiter Switzerland,These ads ran without a disclaimer,≤100
252652524823017,EVP Kanton Zürich,EVP Kanton Zürich,≤100
353969997649,Partito Comunista - Svizzera,Partito Comunista,≤100
813362708790951,UBP - Union Bancaire Privée,These ads ran without a disclaimer,≤100
231086633606227,SVP Baselland,SVP Baselland,≤100
136341053227140,EVP Winterthur,EVP Kanton Zürich,≤100
175478195846132,Les Vert·e·s suisses,Grüne Schweiz,≤100
106615082184530,Raffael Grütter - GLP,Raffael Grütter,≤100
1903129656584980,SP Uster,SP Uster,≤100
103550668590403,Mieux vivre sa vie,Mieux Vivre Sa Vie,≤100
103038692613840,isabelbartal.official,These ads ran without a disclaimer,≤100
102832392688253,Southland 360,These ads ran without a disclaimer,≤100
1125155474201566,Mcg Carouge,These ads ran without a disclaimer,≤100
119245155521044,Ylli Doko - Politiker - FDP Die.Liberalen,Ylli Doko,≤100
103440272521713,Sarah Fuchs in den Kantonsrat,Sarah Fuchs,≤100
110533229026103,EVP / PEV,EVP Schweiz,≤100
105257442419923,Die Mitte Bezirk Bülach,Die Mitte Bezirk Bülach,≤100
117027101705789,FDP Stadt Zürich,FDP Stadt Zürich,≤100
567417573785872,RefLab,These ads ran without a disclaimer,≤100
111516028427691,Die Mitte Oberes Baselbiet,Die Mitte Oberes Baselbiet,≤100
158968251509151,Hands on Veggies,These ads ran without a disclaimer,≤100
111184371077108,Komoneed D,These ads ran without a disclaimer,≤100
103814352620250,Wiadomość dnia,These ads ran without a disclaimer,≤100
198515713604505,Ludwig-Maximilians-Universität München,These ads ran without a disclaimer,≤100
104539708901187,CHARGENOW,These ads ran without a disclaimer,≤100
101202352602558,Syncbox,These ads ran without a disclaimer,≤100
115121024788993,Bio government,These ads ran without a disclaimer,≤100
175418892541297,Wildkaffee Rösterei,These ads ran without a disclaimer,≤100
100595626231891,Versusfestival,These ads ran without a disclaimer,≤100
123698491019029,Lombard Odier Group,These ads ran without a disclaimer,≤100
101877712405612,fva_bw,These ads ran without a disclaimer,≤100
218020061613734,UBS,These ads ran without a disclaimer,≤100
107203148110541,Action Speaks Louder,These ads ran without a disclaimer,≤100
102900324662362,Cantu Beauty Deutschland,These ads ran without a disclaimer,≤100
111011748401165,Washington Kane,These ads ran without a disclaimer,≤100
102914212679370,Bad Habits Clothes Berlin,These ads ran without a disclaimer,≤100
1390745591150821,NRC - Norwegian Refugee Council,These ads ran without a disclaimer,≤100
1436656116642646,Threadheads,These ads ran without a disclaimer,≤100