﻿Page ID,Page name,Disclaimer,Amount spent (CHF)
169510248558,Die Mitte - Le Centre,Die Mitte,507
105527252338650,perspektiveschweiz.ch,IG Wirtschaftsverbände,313
103550668590403,Mieux vivre sa vie,Mieux Vivre Sa Vie,180
157913284377979,POP Nyon - La Côte,POP Nyon - La Côte,176
105221044343308,Baisse d'impôts pour tous,"Initiative ""Baisse d'impôts pour tous : redonner du pouvoir d'achat à la classe moyenne.""",165
291359247729208,PS Suisse,PS Suisse,118
259871484198551,Thomas Matter,Thomas Matter,115
1092252917594218,Initiative pour les glaciers,Association suisse pour la protection du climat,≤100
175478195846132,Les Vert·e·s suisses,Grüne Schweiz,≤100
103269145789541,Stop au blackout,Initiative populaire « De l’électricité pour tous en tout temps (Stop au blackout) »,≤100
97220294896,SP Schweiz,SP Schweiz,≤100
106020715591381,"Thomi Jourdan - Regierungsratskandidat Baselland - ""fürs Baselbiet vo morn""",Thomi Jourdan in den Regierungsrat,≤100
111081131629685,Blackout stoppen,Volksinitiative «Jederzeit Strom für alle (Blackout stoppen)»,≤100
600706570124933,Verkehrssanierungen JA,Verkehrssanierungen JA,≤100
921336971288655,Nagra,Nagra,≤100
169042736456594,All Out,All Out,≤100
257497631736082,Gletscher-Initiative,Verein Klimaschutz Schweiz,≤100
104176871670876,Renteninitiative - Für eine sichere & nachhaltige Altersvorsorge,Verein Renteninitiative,≤100
100240749524401,Deborah Scharpf,Deborah Luzia Maryse Scharpf,≤100
245030556232364,Grünliberale Partei Basel-Landschaft,Grünliberale Partei Basel-Landschaft,≤100
1483343695307824,Campax,Campax,≤100
200825306651250,Renato Pfeffer EVP,EVP Kanton Zürich,≤100
375845269120737,FDP. Die Liberalen Dietikon,FDP. Die Liberalen Dietikon,≤100
1544273692546271,waterdrop,These ads ran without a disclaimer,≤100
109023033782956,Unisanté,Unisanté,≤100
1492503634364441,Liste d'Union Populaire,Ensemble à Gauche-Genève,≤100
194790813901953,Grüne Schweiz,Grüne Schweiz,≤100
108667862595190,Les Vert-e-s La Côte,Les Vert·e·s de La Côte,≤100
100980232576650,Muriel Langenberger,Muriel Langenberger,≤100
100116156110843,Stop al blackout,Iniziativa popolare «Energia elettrica in ogni tempo per tutti (Stop al blackout)»,≤100
122819208305170,Sauvegarde Genève,Sauvegarde Genève,≤100
100345702834585,All Out Deutschland,All Out,≤100
784812424962943,Tele Z,TELE Z,≤100
230522120377463,FDP Allschwil-Schönenbuch,FDP Allschwil-Schönenbuch,≤100
158820214312321,Citations Ron Hubbard,Mieux Vivre Sa Vie,≤100
92824188601,No Sleep Records,These ads ran without a disclaimer,≤100
1462022710772147,Hans Egli,Hans Egli,≤100
627220684023668,GRÜNE Zürich,Grüne Kanton Zürich,≤100
651956578553145,"Marita Verbali, FDP",Marita Verbali,≤100
1700824713324064,SP Zürich 10,SP Zürich 10,≤100
100513788093677,Les Vert-e-s Ville de Genève,Les Vert-e-s Ville de Genève,≤100
238982909481105,Les Vert·e·s Genevois·es,Les Vert-e-s genevois-es,≤100
100381452863244,Libertés et Justice sociale,Libertés et Justice sociale,≤100
763722197034246,En Développement,These ads ran without a disclaimer,≤100
100420375365151,Pro Grolley,Pro Grolley,≤100
218020061613734,UBS,These ads ran without a disclaimer,≤100
1908078689293820,Paroles citoyennes,These ads ran without a disclaimer,≤100
231086633606227,SVP Baselland,SVP Baselland,≤100
158968251509151,Hands on Veggies,These ads ran without a disclaimer,≤100
1436656116642646,Threadheads,These ads ran without a disclaimer,≤100
1125155474201566,Mcg Carouge,These ads ran without a disclaimer,≤100
353969997649,Partito Comunista - Svizzera,Partito Comunista,≤100
1157316004381992,Lacework,These ads ran without a disclaimer,≤100
110151814882388,Benjamin Gautschi,Benjamin Gautschi,≤100
813362708790951,UBP - Union Bancaire Privée,These ads ran without a disclaimer,≤100
102527209215235,Viviane Olívia,These ads ran without a disclaimer,≤100
252652524823017,EVP Kanton Zürich,EVP Kanton Zürich,≤100
10150100771335484,24 heures,These ads ran without a disclaimer,≤100
102832392688253,Southland 360,These ads ran without a disclaimer,≤100
1959919117421939,FDP.Die Liberalen Bezirk Bülach,FDP.Die Liberalen Bezirk Bülach,≤100
106615082184530,Raffael Grütter - GLP,Raffael Grütter,≤100
109736592007457,aslansav,These ads ran without a disclaimer,≤100
161852057173460,SP Bezirk Affoltern,SP Bezirk Affoltern,≤100
1903129656584980,SP Uster,SP Uster,≤100
103038692613840,isabelbartal.official,These ads ran without a disclaimer,≤100
119245155521044,Ylli Doko - Politiker - FDP Die.Liberalen,Ylli Doko,≤100
112957118322299,Buashe,These ads ran without a disclaimer,≤100
110834314440892,Saudi Green Initiative,These ads ran without a disclaimer,≤100
103419298803774,Haptica//online,These ads ran without a disclaimer,≤100
101202352602558,Syncbox,These ads ran without a disclaimer,≤100
116956918327408,Jacobs Foundation,These ads ran without a disclaimer,≤100
111011748401165,Washington Kane,These ads ran without a disclaimer,≤100
107792993071886,Fairnatural,These ads ran without a disclaimer,≤100
111184371077108,Komoneed D,These ads ran without a disclaimer,≤100
108420041636307,Ricardo Negócios Imobiliários,These ads ran without a disclaimer,≤100
187461997935711,Unilever Careers,These ads ran without a disclaimer,≤100
107203148110541,Action Speaks Louder,These ads ran without a disclaimer,≤100
124650430922882,Oulun yliopisto - University of Oulu,These ads ran without a disclaimer,≤100
1722520228078847,Female Invest,These ads ran without a disclaimer,≤100
497097197026277,Real life at McKinsey,These ads ran without a disclaimer,≤100
1473321922884514,Chińskie Radio Międzynarodowe,These ads ran without a disclaimer,≤100
474314055968372,fischer group,These ads ran without a disclaimer,≤100
104539708901187,CHARGENOW,These ads ran without a disclaimer,≤100
112542440931333,NinjaOne France,These ads ran without a disclaimer,≤100
103398468787,Saint-Gobain,These ads ran without a disclaimer,≤100
123698491019029,Lombard Odier Group,These ads ran without a disclaimer,≤100
217519028785017,Nature Research Custom Media,These ads ran without a disclaimer,≤100
185561295623272,Move To Help Foundation,These ads ran without a disclaimer,≤100
108254858551015,ENERGY ACT FOR UKRAINE Foundation,These ads ran without a disclaimer,≤100
2181830098768270,Saint-Gobain,These ads ran without a disclaimer,≤100
117390814571947,There,These ads ran without a disclaimer,≤100
1390745591150821,NRC - Norwegian Refugee Council,These ads ran without a disclaimer,≤100
102073931578170,Naazcars,These ads ran without a disclaimer,≤100
198515713604505,Ludwig-Maximilians-Universität München,These ads ran without a disclaimer,≤100
103814352620250,Wiadomość dnia,These ads ran without a disclaimer,≤100
101092249555299,Where,These ads ran without a disclaimer,≤100
175418892541297,Wildkaffee Rösterei,These ads ran without a disclaimer,≤100
194288987793356,Ukraine House Davos,These ads ran without a disclaimer,≤100