﻿Page ID,Page name,Disclaimer,Amount spent (CHF)
131066326987,SP Kanton Zürich,SP Kanton Zürich,12190
102662476058956,Hans-Peter Amrein in den Regierungsrat,Hans-Peter Amrein in den Regierungsrat,11057
533196430187039,KMU- und Gewerbeverband Kanton Zürich,KMU- und Gewerbeverband Kanton Zürich KGV,6450
252652524823017,EVP Kanton Zürich,EVP Kanton Zürich,3502
627220684023668,GRÜNE Zürich,Grüne Kanton Zürich,3413
100369729335133,"Peter Grünenfelder, Regierungsratskandidat Zürich",Peter Grünenfelder c/o FDP Kanton Zürich,3312
970401509667271,Priska Seiler Graf - Nationalrätin,Priska Seiler Graf in den Regierungsrat,2689
1903129656584980,SP Uster,SP Uster,1996
170449246402589,Grünliberale Stadt Zürich,Grünliberale Partei Stadt Zürich,1619
1959919117421939,FDP.Die Liberalen Bezirk Bülach,FDP.Die Liberalen Bezirk Bülach,1506
106241572361769,Carmen Walker Späh FDP,Carmen Walker Späh,1500
450602808776880,Martin Neukom,Martin Neukom,1447
108392832120312,Perspektive Zürich,Perspektive Zürich,1058
705478906236710,FDP.Die Liberalen Bezirk Uster,FDP.Die Liberalen Bezirk Uster,1037
583706025047684,Pierre Rappazzo in den Zürcher Kantonsrat,Pierre Rappazzo,1032
117741198303856,FDP Kanton Zürich,FDP Kanton Zürich,965
610098352377102,Christian Pfaller,Komitee Christian Pfaller,964
317591871730585,SVP Bezirk Meilen,Marc Michel Wachter,860
103082059271118,SP Bezirk Hinwil,SP Wetzikon,797
169510248558,Die Mitte - Le Centre,Die Mitte,765
1722137767860098,Grüne Bülach,Grüne Bülach,591
224581297586778,Gewerkschaftsbund des Kantons Zürich,Gewerkschaftsbund des Kantons Zürich,581
113035494739725,Simon Vlk,Simon Vlk,514
82752099000,Alternative Liste ZH,Alternative Liste Zürich,507
100195119489766,Benno Scherrer in den Regierungsrat,Benno Scherrer,482
108206818777404,Bezirksgewerbeverband Bülach,Bezirksgewerbeverband Bülach,477
191136321464981,Die Mitte Stadt Winterthur,Die Mitte Stadt Winterthur,474
154614821560013,FDP.Die Liberalen Uster,FDP Uster,446
161852057173460,SP Bezirk Affoltern,SP Bezirk Affoltern,406
200825306651250,Renato Pfeffer EVP,EVP Kanton Zürich,399
100489412910247,Nora Ernst - GLP,Nora Ernst - GLP,395
109213507316253,SP Zürich 11,SP Zürich,377
103440272521713,Sarah Fuchs in den Kantonsrat,Sarah Fuchs,363
110151814882388,Benjamin Gautschi,Benjamin Gautschi,361
155659847849677,Martin Huber in den Kantonsrat,Martin Huber in den Kantonsrat,339
100432824661437,Bettina Balmer FDP,Bettina Balmer,302
1984141558513511,Franziska Barmettler,Franziska Barmettler,283
117027101705789,FDP Stadt Zürich,FDP Stadt Zürich,277
1604136306538918,Marc Wachter,Marc Michel Wachter,275
110409811924321,Urs Christian Eugster FDP,Urs Christian Eugster,269
119245155521044,Ylli Doko - Politiker - FDP Die.Liberalen,Ylli Doko,261
1225312564279075,Karin Fehr Thoma,Karin Fehr Thoma,256
110616465067898,Initiative Gesunde Jugend Jetzt,Die Junge Mitte Kanton Zürich,247
231320586878427,Hauseigentümerverband (HEV) Region Winterthur,Hauseigentümerverband Region Winterthur,240
1582348792001263,SP 4&5 Zürich,SP Zürich 4 & 5,234
324773857561365,Die Mitte Kanton Zürich,Die Mitte Kanton Zürich,232
375845269120737,FDP. Die Liberalen Dietikon,FDP. Die Liberalen Dietikon,223
106264082355003,Sven Heinzelmann,Komitee «Sven Heinzelmann in den Kantonsrat»,221
97220294896,SP Schweiz,SP Schweiz,217
105257442419923,Die Mitte Bezirk Bülach,Die Mitte Bezirk Bülach,214
207703323162140,"Doris Meier, Kantonsrätin und a. Gemeindepräsidentin von Bassersdorf",Doris Meier-Kobler,213
100487835772742,Josef Widler in den Kantonsrat,Josef Widler,208
103638965961747,Gabriel Mäder - Grünliberale,Gabriel Markus Mäder,206
105268722430698,Philippe Guldin GLP,Grunliberale,201
1607548886172610,Hans-Ulrich Bigler,Hans-Ulrich Bigler,197
1700824713324064,SP Zürich 10,SP Zürich 10,196
1476717905682561,SP Zürich 6,SP Zürich 6,195
105527252338650,perspektiveschweiz.ch,IG Wirtschaftsverbände,189
360920524334417,Grünliberale Adliswil,Grünliberale Adliswil,177
164288990272811,FDP Region Winterthur in den Zürcher Kantonsrat,FDP Region Winterthur in den Zürcher Kantonsrat,177
1556534881244272,Grünliberale Bezirk Uster,Grünliberale Bezirk Uster,169
2034886056799460,Raphael Tobler,Raphael Tobler,162
109742838576665,Sandro Gerber - FDP.Die Liberalen - Kantonsratskandidat ZH 2023,sandrogerber,160
106615082184530,Raffael Grütter - GLP,Raffael Grütter,156
1764183190338571,SVP Kreis 3,Derek Richter,155
143714586302267,Urs Bänziger FDP,Urs Baenziger,150
1464661227009326,SVP Bezirk Uster,SVP Bezirk Uster,149
106856564074635,Hansjörg Germann FDP in den Kantonsrat,Hansjörg Beat Germann,145
1769803096579445,Grünliberale Bezirk Horgen,Grünliberale Bezirk Horgen,143
106964611977537,Switlo,Switlo,141
354548604968651,Peter Metzinger in den Kantonsrat,Peter Alois Metzinger,139
112662478341274,joelgretsch,Joel Gretsch,136
101669982579717,Die Mitte Bezirk Uster,Die Mitte Bezirk Uster,134
1587949341492441,Claudio Zihlmann,Claudio Zihlmann,126
156831187737967,JUSO Kanton Zürich,Jungsozialist*innen Kanton Zürich,124
355645665140771,Nicola Forster,Nicola Forster,124
993815333967102,Andreas Leupi,Andreas Patrick Leupi,120
488909884546537,GLP Winterthur Land,GLP Winterthur Land,112
136341053227140,EVP Winterthur,EVP Kanton Zürich,112
469738339721305,SP Zürich 3,Sozialdemokratische Partei Zürich 3,112
388815591176119,SP Zürich 9,SP Zürich,111
103580977678645,Julian Croci,Julian Andrea Croci,110
194790813901953,Grüne Schweiz,Grüne Schweiz,108
104203868811586,Martina Dürr,Martina Regula  Dürr,107
416743625125770,Grüne Zürichsee,GRÜNE Bezirk Meilen,103
619051955163582,AWOB - Adrian Wegmann Oberrieden,Adrian Wegmann,103
103850865786634,Grünliberale Bezirk Hinwil,Grünliberale Bezirk Hinwil,101
428690117258417,SVP des Kantons Zürich,SVP des Kantons Zürich,≤100
216444012216,EDU - UDF (Eidgenössisch-Demokratische Union),Eidgenössisch-Demokratische Union Schweiz,≤100
106463701741400,Die Mitte Zürich 3+9,Die Mitte Zürich Kreis 3+9,≤100
131136176944674,FDP.Die Liberalen Bezirk Pfäffikon,FDP.Die Liberalen Bezirk Pfäffikon,≤100
105306632453966,Tobias Mäder,Tobias Mäder,≤100
108204507991414,Zukunft sichern,Allianz für ein JA zur OECD-Mindeststeuer,≤100
854141954663925,Isabel Garcia GLP,Isabel Garcia Brunisholz,≤100
116063758043441,Facundo Zimmerli,Facundo Nahuel Zimmerli,≤100
190285574861316,Grüne Uster,Grüne Bezirk Uster,≤100
111081131629685,Blackout stoppen,Volksinitiative «Jederzeit Strom für alle (Blackout stoppen)»,≤100
650175488441328,Martin Farner,Farners GmbH,≤100
110336161874621,Urban Husi in den Kantonsrat ZH,Urban Pius Matthäus Husi Fiechter,≤100
109123788743774,Benjamin Frei,Benjamin Rolf Frei,≤100
103215392637344,Robin Kuhn,Robin Jonas Kuhn,≤100
259871484198551,Thomas Matter,Thomas Matter,≤100
108351771294208,Hubert Boog,Hubert Walter Boog,≤100
751036244998194,FDP Stadt Zürich Kreis 4&5,FDP Kreis 4&5,≤100
416743625125770,Grüne Zürichsee,Thomas Forrer,≤100
107515328348195,Michael Uebersax,Michael Stefan Uebersax,≤100
102578282597131,Kamylla Lisi-Brandino,Kamylla J. Lisi-Brandino,≤100
113189798267288,Karl Heinz Meyer Wahlkampf 2023,Karl Heinz Meyer,≤100
111500797368,SP Bezirk Winterthur,SP Bezirk Winterthur,≤100
589840718124415,Grünliberale Knonaueramt,Grünliberale Knonaueramt,≤100
108692711660498,Urs Wegmann,Urs Wegmann,≤100
105262295297064,FDP.Die Liberalen Nürensdorf,FDP.Die Liberalen Nürensdorf,≤100
591968957877984,Andrea Isler,Andrea Lara Isler,≤100
301243053989575,Mario Senn,Mario Senn,≤100
257497631736082,Gletscher-Initiative,Verein Klimaschutz Schweiz,≤100
198432937394181,Philipp Müller in den Kantonsrat,Philipp Müller,≤100
102281186098428,Sara Sangiacomo,Rosaria Sangiacomo,≤100
106300899437929,Patrick Hässig,Patrick Hässig,≤100
120204928045279,SP Wetzikon,SP Wetzikon,≤100
135939773133793,Grüne Winterthur,Grüne Winterthur,≤100
205884466254019,Alexandra Pfister in der Politik,Alexandra Pfister-Nevrala,≤100
135366813191979,Urs Waser Kantonsrat,Waser Urs,≤100
100345702834585,All Out Deutschland,All Out,≤100
101767182105712,Grüne Bezirk Affoltern,GRÜNE Bezirk Affoltern,≤100
864604443735247,SVP Bezirk Dietikon,SVP Bezirk Dietikon,≤100
169042736456594,All Out,All Out,≤100
106020715591381,"Thomi Jourdan - Regierungsratskandidat Baselland - ""fürs Baselbiet vo morn""",Thomi Jourdan in den Regierungsrat,≤100
355257441326519,Fabian Müller,Fabian Francois Müller,≤100
107717738487757,Viviane Kägi GLP,Viviane Kägi,≤100
100980232576650,Muriel Langenberger,Muriel Langenberger,≤100
107145438948044,Dominique Zygmont in den Kantonsrat,Dominique Daniel Zygmont,≤100
105386249047369,Jakob Ehrensperger,Jakob Ehrensperger,≤100
104176871670876,Renteninitiative - Für eine sichere & nachhaltige Altersvorsorge,Verein Renteninitiative,≤100
102833318045836,Nick Glättli,Nick Didier Glättli,≤100
377292365618914,SVP Stadt Winterthur,SVP Winterthur,≤100
110838505070498,SVP Wädenswil,SVP Wädenswil,≤100
429342907157034,Beat Habegger,Beat Michael Habegger,≤100
109425352024980,Sebastian Hektor Vogel am 12. Februar 2023 in den Kantonsrat,DarkHorse,≤100
154212901272905,FDP.Die Liberalen Baselland,FDP.Die Liberalen Baselland,≤100
2011626645562796,Andri Silberschmidt,Komitee Andri Silberschmidt,≤100
281675942494661,SVP Bezirk Pfäffikon ZH,SVP Bezirk Pfäffikon ZH,≤100
580012422156679,Grüne Stadt Dübendorf,Grüne Stadt Dübendorf,≤100
608260099589519,Dominic Täubert,EVP Kanton Zürich,≤100
904812763060757,Michael De Vita-Läubli,Michael De Vita-Läubli,≤100
456093941086244,FDP.Die Liberalen Illnau-Effretikon,FDP. Die Liberalen Illnau-Effretikon,≤100
192244290829565,Anita Borer,Anita Borer,≤100
92824188601,No Sleep Records,These ads ran without a disclaimer,≤100
110707875106219,SVP Bezirk Hinwil,SVP Bezirk Hinwil,≤100
1483343695307824,Campax,Campax,≤100
101103429022118,Grüne Schlieren,Grüne Partei Schlieren,≤100
100160498946252,Grüne Volketswil,Grüne Bezirk Uster,≤100
285821738704789,Nathalie Aeschbacher,Nathalie Anna Aeschbacher,≤100
651956578553145,"Marita Verbali, FDP",Marita Verbali,≤100
743745965833626,Benjamin Stricker,Benjamin Stricker,≤100
921336971288655,Nagra,Nagra,≤100
335609400529370,FDP Horgen,FDP Horgen,≤100
261452338060969,Domenik Lädi Ledergerber,Überparteiliches Unterstützungskomitee Domenik Ledergerber,≤100
125466200895962,Valentin Landmann,Sven Kunz,≤100
109023033782956,Unisanté,Unisanté,≤100
561931677180050,Die Mitte Stadt Zürich,These ads ran without a disclaimer,≤100
784812424962943,Tele Z,TELE Z,≤100
358536457645537,SVP Uster,Daniel Schnyder,≤100
707321076049640,Monika Keller,Monika Keller,≤100
101292009486072,Simon Affentranger GLP,Simon Johannes Affentranger Jäger,≤100
100240749524401,Deborah Scharpf,Deborah Luzia Maryse Scharpf,≤100
1462022710772147,Hans Egli,Hans Egli,≤100
1092252917594218,Initiative pour les glaciers,Association suisse pour la protection du climat,≤100
100116156110843,Stop al blackout,Iniziativa popolare «Energia elettrica in ogni tempo per tutti (Stop al blackout)»,≤100
245030556232364,Grünliberale Partei Basel-Landschaft,Grünliberale Partei Basel-Landschaft,≤100
291359247729208,PS Suisse,PS Suisse,≤100
111873241774804,RJ Klimaneutral,"Junge Mitte, JGLP, JUSO - Rapperswil Jona",≤100
416743625125770,Grüne Zürichsee,GRÜNE Bezirk Horgen,≤100
101759462695729,Seraina Billeter-Ihre Kandidatin,Seraina Sara Billeter,≤100
1464489323856911,FDP Zürich 2,These ads ran without a disclaimer,≤100
110834314440892,Saudi Green Initiative,These ads ran without a disclaimer,≤100
627220684023668,GRÜNE Zürich,Grüne Stadt Zürich,≤100
1544273692546271,waterdrop,These ads ran without a disclaimer,≤100
101417574776507,Ja zur direkten Demokratie,New Swiss Journal,≤100
103269145789541,Stop au blackout,Initiative populaire « De l’électricité pour tous en tout temps (Stop au blackout) »,≤100
600706570124933,Verkehrssanierungen JA,Verkehrssanierungen JA,≤100
175478195846132,Les Vert·e·s suisses,Grüne Schweiz,≤100
218020061613734,UBS,These ads ran without a disclaimer,≤100
689505424449213,Jungfreisinnige Limmattal,Jungfreisinnige Limmattal,≤100
276547049113405,SP Schaffhausen,SP Schaffhausen,≤100
123698491019029,Lombard Odier Group,These ads ran without a disclaimer,≤100
198515713604505,Ludwig-Maximilians-Universität München,These ads ran without a disclaimer,≤100
231086633606227,SVP Baselland,SVP Baselland,≤100
125392157541675,Tilsiter Switzerland,These ads ran without a disclaimer,≤100
103038692613840,isabelbartal.official,These ads ran without a disclaimer,≤100
1436656116642646,Threadheads,These ads ran without a disclaimer,≤100
142640336416356,Komitee Stefan Feldmann wieder in den Kantonsrat,These ads ran without a disclaimer,≤100
206831926864378,SVP Gelterkinden und Umgebung,SVP Gelterkinden und Umgebung,≤100
111011748401165,Washington Kane,These ads ran without a disclaimer,≤100
230522120377463,FDP Allschwil-Schönenbuch,FDP Allschwil-Schönenbuch,≤100
100513788093677,Les Vert-e-s Ville de Genève,Les Vert-e-s Ville de Genève,≤100
353969997649,Partito Comunista - Svizzera,Partito Comunista,≤100
347162492139048,SP Töss,Matthias Jakob Ernst Erzinger,≤100
110533229026103,EVP / PEV,EVP Schweiz,≤100
355645665140771,Nicola Forster,These ads ran without a disclaimer,≤100
1125155474201566,Mcg Carouge,These ads ran without a disclaimer,≤100
109736592007457,aslansav,These ads ran without a disclaimer,≤100
103814352620250,Wiadomość dnia,These ads ran without a disclaimer,≤100
138345752891779,Grüne Liestal und Umgebung,These ads ran without a disclaimer,≤100
1722520228078847,Female Invest,These ads ran without a disclaimer,≤100
763722197034246,En Développement,These ads ran without a disclaimer,≤100
112542440931333,NinjaOne France,These ads ran without a disclaimer,≤100
102527209215235,Viviane Olívia,These ads ran without a disclaimer,≤100
101321992365876,Reto Brüesch,These ads ran without a disclaimer,≤100
813362708790951,UBP - Union Bancaire Privée,These ads ran without a disclaimer,≤100
191438050875440,Die Mitte  Basel-Landschaft,Die Mitte  Basel-Landschaft,≤100
103550668590403,Mieux vivre sa vie,Mieux Vivre Sa Vie,≤100
170262515730,FDP.Die Liberalen Arlesheim,FDP.Die Liberalen Arlesheim,≤100
102531252603779,Stephan Jung,Stephan Jung,≤100
131169181232,VOGUE JAPAN,These ads ran without a disclaimer,≤100
356407481399967,FDP.Die Liberalen Sissach und Umgebung,FDP Sissach und Umgebung,≤100
102853206050540,Aktualne programy,These ads ran without a disclaimer,≤100
567417573785872,RefLab,These ads ran without a disclaimer,≤100
116956918327408,Jacobs Foundation,These ads ran without a disclaimer,≤100
102900324662362,Cantu Beauty Deutschland,These ads ran without a disclaimer,≤100
103398468787,Saint-Gobain,These ads ran without a disclaimer,≤100
102832392688253,Southland 360,These ads ran without a disclaimer,≤100
101877712405612,fva_bw,These ads ran without a disclaimer,≤100
253898059451,Gambero Rosso International,These ads ran without a disclaimer,≤100
103419298803774,Haptica//online,These ads ran without a disclaimer,≤100
101202352602558,Syncbox,These ads ran without a disclaimer,≤100
117390814571947,There,These ads ran without a disclaimer,≤100
1390745591150821,NRC - Norwegian Refugee Council,These ads ran without a disclaimer,≤100
107203148110541,Action Speaks Louder,These ads ran without a disclaimer,≤100
111313321357605,psycholog.silvija,These ads ran without a disclaimer,≤100
104539708901187,CHARGENOW,These ads ran without a disclaimer,≤100
207716982590230,Cipla,These ads ran without a disclaimer,≤100
402677536461567,AllMatters,These ads ran without a disclaimer,≤100
474314055968372,fischer group,These ads ran without a disclaimer,≤100
102073931578170,Naazcars,These ads ran without a disclaimer,≤100
102914212679370,Bad Habits Clothes Berlin,These ads ran without a disclaimer,≤100
107792993071886,Fairnatural,These ads ran without a disclaimer,≤100
111184371077108,Komoneed D,These ads ran without a disclaimer,≤100
115121024788993,Bio government,These ads ran without a disclaimer,≤100
31292782350,Deutschland.de,These ads ran without a disclaimer,≤100
100595626231891,Versusfestival,These ads ran without a disclaimer,≤100
2181830098768270,Saint-Gobain,These ads ran without a disclaimer,≤100
158968251509151,Hands on Veggies,These ads ran without a disclaimer,≤100
1196196390526965,Facebook Surveys,These ads ran without a disclaimer,≤100
108677198363140,blacklivesfromgeneration,These ads ran without a disclaimer,≤100
101092249555299,Where,These ads ran without a disclaimer,≤100
1366677330077450,Learn German 4 Life,These ads ran without a disclaimer,≤100
185561295623272,Move To Help Foundation,These ads ran without a disclaimer,≤100
175418892541297,Wildkaffee Rösterei,These ads ran without a disclaimer,≤100
497097197026277,Real life at McKinsey,These ads ran without a disclaimer,≤100
187461997935711,Unilever Careers,These ads ran without a disclaimer,≤100
102855326019017,Events in Switzerland,These ads ran without a disclaimer,≤100