﻿Page ID,Page name,Disclaimer,Amount spent (CHF)
105527252338650,perspektiveschweiz.ch,IG Wirtschaftsverbände,≤100
109023033782956,Unisanté,Unisanté,≤100
259871484198551,Thomas Matter,Thomas Matter,≤100
97220294896,SP Schweiz,SP Schweiz,≤100
111081131629685,Blackout stoppen,Volksinitiative «Jederzeit Strom für alle (Blackout stoppen)»,≤100
105380182425137,Michael Jäger,Hans Michael Jäger,≤100
257497631736082,Gletscher-Initiative,Verein Klimaschutz Schweiz,≤100
169510248558,Die Mitte - Le Centre,Die Mitte,≤100
104176871670876,Renteninitiative - Für eine sichere & nachhaltige Altersvorsorge,Verein Renteninitiative,≤100
106020715591381,"Thomi Jourdan - Regierungsratskandidat Baselland - ""fürs Baselbiet vo morn""",Thomi Jourdan in den Regierungsrat,≤100
107515328348195,Michael Uebersax,Michael Stefan Uebersax,≤100
921336971288655,Nagra,Nagra,≤100
125466200895962,Valentin Landmann,Sven Kunz,≤100
245030556232364,Grünliberale Partei Basel-Landschaft,Grünliberale Partei Basel-Landschaft,≤100
375845269120737,FDP. Die Liberalen Dietikon,FDP. Die Liberalen Dietikon,≤100
1483343695307824,Campax,Campax,≤100
100345702834585,All Out Deutschland,All Out,≤100
100240749524401,Deborah Scharpf,Deborah Luzia Maryse Scharpf,≤100
200825306651250,Renato Pfeffer EVP,EVP Kanton Zürich,≤100
600706570124933,Verkehrssanierungen JA,Verkehrssanierungen JA,≤100
784812424962943,Tele Z,TELE Z,≤100
110151814882388,Benjamin Gautschi,Benjamin Gautschi,≤100
651956578553145,"Marita Verbali, FDP",Marita Verbali,≤100
125392157541675,Tilsiter Switzerland,These ads ran without a disclaimer,≤100
627220684023668,GRÜNE Zürich,Grüne Kanton Zürich,≤100
252652524823017,EVP Kanton Zürich,EVP Kanton Zürich,≤100
169042736456594,All Out,All Out,≤100
100980232576650,Muriel Langenberger,Muriel Langenberger,≤100
105380182425137,Michael Jäger,These ads ran without a disclaimer,≤100
136341053227140,EVP Winterthur,EVP Kanton Zürich,≤100
291359247729208,PS Suisse,PS Suisse,≤100
230522120377463,FDP Allschwil-Schönenbuch,FDP Allschwil-Schönenbuch,≤100
110533229026103,EVP / PEV,EVP Schweiz,≤100
100595626231891,Versusfestival,These ads ran without a disclaimer,≤100
198515713604505,Ludwig-Maximilians-Universität München,These ads ran without a disclaimer,≤100
104539708901187,CHARGENOW,These ads ran without a disclaimer,≤100
92824188601,No Sleep Records,These ads ran without a disclaimer,≤100