﻿Page ID,Page name,Disclaimer,Amount spent (CHF)
108204507991414,Zukunft sichern,Allianz für ein JA zur OECD-Mindeststeuer,≤100
334655940216136,Nein zum Stromfresser-Gesetz,Nein zum Stromfresser-Gesetz,≤100
100332749664541,Ja zum Klimaschutz-Gesetz,JA zum Klimaschutz,≤100
191859734164694,Pro Infirmis,Pro Infirmis,≤100
194790813901953,Grüne Schweiz,Grüne Schweiz,≤100
146548032062281,Fastenaktion,Fastenaktion,≤100
162373287239957,SVP Schweiz,SVP Schweiz,≤100
1220118614712552,Non à la loi sur le gaspillage de l'électricité,Non à la loi sur le gaspillage de l'électricité,≤100
100109808734387,Schweizer Wirtschaft für das Klimagesetz,Schweizer Wirtschaft für das Klimagesetzt,≤100
212297922293183,UDC Suisse,UDC Suisse,≤100
1951249848443600,Protect Our Winters Switzerland,Protect Our Winters Switzerland,≤100
1483343695307824,Campax,Campax,≤100
169510248558,Die Mitte - Le Centre,Die Mitte,≤100
1524859774444235,Koalition für Konzernverantwortung,Koalition für Konzernverantwortung,≤100
169752569742293,Schweizerischer Gewerbeverband sgv,Schweizerischer Gewerbeverband sgv,≤100
126289610761942,Grünliberale,Grünliberale,≤100
106321615725425,Oui à la Loi climat,Oui à la loi climat,≤100
179829952053386,Vert'libéraux,Parti vert'libéral Suisse,≤100
100844786282093,SÌ alla Legge clima,Sì alla legge clima,≤100
257497631736082,Gletscher-Initiative,Verein Klimaschutz Schweiz,≤100
513407995428696,actif-trafiC,actif-trafiC,≤100
510352742440847,Coalition pour des multinationales responsables,Coalition pour des multinationales responsables,≤100
48980326364,Public Eye,Public Eye,≤100
97721121385,Public Eye,Public Eye,≤100
1199285680176885,izzy,Verein Klimaschutz Schweiz,≤100
15733998334,FDP,FDP,≤100
102014399307738,Direkt,direkt,≤100
104434902404462,SI all' imposta minima dell'OCSE,Alleanza per la riforma dell’imposta preventiva,≤100
105023728023626,Forum Wirtschaftsstandort Schweiz,Swissholdings,≤100
97220294896,SP Schweiz,SP Schweiz,≤100
1092252917594218,Initiative pour les glaciers,Association suisse pour la protection du climat,≤100
291359247729208,PS Suisse,PS Suisse,≤100
167064773463386,SP Lyss-Busswil,SP Lyss-Busswil,≤100
119186944514904,Unabhängige Schweiz - Unabhängige Energieversorgung,Klima Allianz,≤100
921336971288655,Nagra,Nagra,≤100
218538701651843,Union suisse des arts et métiers usam,Schweizerischer Gewerbeverband sgv,≤100
1886381148253031,Économie suisse pour la loi climat,Économie Suisse pour la loi climat,≤100
101986432797310,Anna-Sophia Spieler,Anna-Sophia Spieler,≤100
100847496372968,Ja zur Ombudsstelle Aargau,"Co-Präsidium Abstimmungskomitee ""Ja zur Ombudstelle Aargau""",≤100
345958796467,Schweizer Parlament – Parlement suisse – Parlamento svizzero,These ads ran without a disclaimer,≤100
219303641441550,SP Kanton Aargau,These ads ran without a disclaimer,≤100
309380022477251,Casafair,Casafair,≤100
259871484198551,Thomas Matter,Thomas Matter,≤100
220197041662012,Kleinbauern-Vereinigung / Petits paysans,Kleinbauern-Vereinigung VKMB,≤100
18087904183,PLR,PLR,≤100
110533229026103,EVP / PEV,EVP Schweiz,≤100
202907189862969,Verdi Liberali,Parti vert'libéral Suisse,≤100
224082085590402,themattmueller,These ads ran without a disclaimer,≤100
467503303605894,PLR Castel San Pietro,PLR Castel San Pietro,≤100
100332749664541,Ja zum Klimaschutz-Gesetz,These ads ran without a disclaimer,≤100
488782827814626,International Labour Organization,These ads ran without a disclaimer,≤100