﻿Page ID,Page name,Disclaimer,Amount spent (CHF)
106321615725425,Oui à la Loi climat,Oui à la loi climat,889
108204507991414,Zukunft sichern,Allianz für ein JA zur OECD-Mindeststeuer,303
119186944514904,Unabhängige Schweiz - Unabhängige Energieversorgung,Klima Allianz,289
175478195846132,Les Vert·e·s suisses,Grüne Schweiz,273
191859734164694,Pro Infirmis,Pro Infirmis,265
100332749664541,Ja zum Klimaschutz-Gesetz,JA zum Klimaschutz,256
18087904183,PLR,PLR,251
1951249848443600,Protect Our Winters Switzerland,Protect Our Winters Switzerland,245
1886381148253031,Économie suisse pour la loi climat,Économie Suisse pour la loi climat,239
179829952053386,Vert'libéraux,Parti vert'libéral Suisse,234
1220118614712552,Non à la loi sur le gaspillage de l'électricité,Non à la loi sur le gaspillage de l'électricité,226
1320679421302500,HabitatDurable,Casafair - HabitatDurable,184
1131283210260777,Future 3,Fondation Future 3.0,181
126289610761942,Grünliberale,Grünliberale,169
212297922293183,UDC Suisse,UDC Suisse,165
103074632758864,Natacha Albrecht au Conseil National,Natacha Albrecht au Conseil National,140
334655940216136,Nein zum Stromfresser-Gesetz,Nein zum Stromfresser-Gesetz,113
15733998334,FDP,FDP,110
513407995428696,actif-trafiC,actif-trafiC,≤100
100109808734387,Schweizer Wirtschaft für das Klimagesetz,Schweizer Wirtschaft für das Klimagesetzt,≤100
535897123124799,Jeunes Libéraux-Radicaux Suisse,Jeunes Libéraux-Radicaux Suisses,≤100
375071409495559,Future 3 I de,Fondation Future 3.0,≤100
147201418675114,Swissmem,Swissmem,≤100
146548032062281,Fastenaktion,Fastenaktion,≤100
510352742440847,Coalition pour des multinationales responsables,Coalition pour des multinationales responsables,≤100
1092252917594218,Initiative pour les glaciers,Association suisse pour la protection du climat,≤100
105023728023626,Forum Wirtschaftsstandort Schweiz,Swissholdings,≤100
1483343695307824,Campax,Campax,≤100
107793295629503,Tourismus für das Klimagesetz,Tourismuskomitee «JA zum Klimagesetz»,≤100
162373287239957,SVP Schweiz,SVP Schweiz,≤100
169510248558,Die Mitte - Le Centre,Die Mitte,≤100
128207683859147,WWF Suisse,WWF Suisse,≤100
309380022477251,Casafair,Casafair,≤100
1524859774444235,Koalition für Konzernverantwortung,Koalition für Konzernverantwortung,≤100
169752569742293,Schweizerischer Gewerbeverband sgv,Schweizerischer Gewerbeverband sgv,≤100
257497631736082,Gletscher-Initiative,Verein Klimaschutz Schweiz,≤100
194790813901953,Grüne Schweiz,Grüne Schweiz,≤100
97721121385,Public Eye,Public Eye,≤100
291359247729208,PS Suisse,PS Suisse,≤100
154976914534194,Save the Children Schweiz/Suisse,Save the Children Schweiz,≤100
386551678736949,Philippe Loertscher,Philippe Loertscher,≤100
104434902404462,SI all' imposta minima dell'OCSE,Alleanza per la riforma dell’imposta preventiva,≤100
48980326364,Public Eye,Public Eye,≤100
110533229026103,EVP / PEV,EVP Schweiz,≤100
220197041662012,Kleinbauern-Vereinigung / Petits paysans,Kleinbauern-Vereinigung VKMB,≤100
921336971288655,Nagra,Nagra,≤100
100844786282093,SÌ alla Legge clima,Sì alla legge clima,≤100
136766393061294,economiesuisse - Suisse romande,economiesuisse,≤100
218538701651843,Union suisse des arts et métiers usam,Schweizerischer Gewerbeverband sgv,≤100
102014399307738,Direkt,direkt,≤100
259871484198551,Thomas Matter,Thomas Matter,≤100
97220294896,SP Schweiz,SP Schweiz,≤100
203742079691384,Les Libres Riviera,Les Libres Riviera,≤100
132497703498525,Pro Velo Schweiz,Pro Velo Schweiz,≤100
364457210935073,Vert'libéraux Valais / Grünliberale Wallis,Vert'libéraux Valais / Grünliberale Wallis,≤100
335129001940,Young European Swiss - yes,young european swiss,≤100
559497617526674,Pour une Suisse ouverte+souveraine,economiesuisse,≤100
345958796467,Schweizer Parlament – Parlement suisse – Parlamento svizzero,These ads ran without a disclaimer,≤100
202907189862969,Verdi Liberali,Parti vert'libéral Suisse,≤100
167064773463386,SP Lyss-Busswil,SP Lyss-Busswil,≤100
1199285680176885,izzy,Verein Klimaschutz Schweiz,≤100
100847496372968,Ja zur Ombudsstelle Aargau,"Co-Präsidium Abstimmungskomitee ""Ja zur Ombudstelle Aargau""",≤100
100332749664541,Ja zum Klimaschutz-Gesetz,These ads ran without a disclaimer,≤100
103337836053975,Gardons l'argent en Suisse,Gardons l'argent en Suisse,≤100
113106815069066,"OUI à la LEFI - Notre logement, c’est toute notre vie",CGI,≤100
101986432797310,Anna-Sophia Spieler,Anna-Sophia Spieler,≤100
1228068373962905,Handelskammer und Arbeitgebervereinigung Winterthur,These ads ran without a disclaimer,≤100
260591187302640,Parti socialiste genevois,Parti socialiste genevois,≤100
163485470376910,Umweltfreisinnige St.Gallen,Umweltfreisinnige St.Gallen,≤100
467503303605894,PLR Castel San Pietro,PLR Castel San Pietro,≤100
116890591678651,Vert'libéraux - Genève,Parti vert'libéral genevois,≤100
267353906619818,Mr. Gugu & Miss Go,These ads ran without a disclaimer,≤100
115646168191821,Gebührenwahnsinn-Nein,Komitee gegen den Gebührenwahnsinn,≤100
2061184407484577,Grüne Amriswil,Grüne Amriswil,≤100
200905173303222,SCI Switzerland,SCI Switzerland,≤100
238982909481105,Les Vert·e·s Genevois·es,Les Vert-e-s genevois-es,≤100
102733401616452,Tanja Miljanović in den Nationalrat,Tanja Miljanović in den Nationalrat,≤100
109605484115257,Delphine Klopfenstein Broggini,Delphine Klopfenstein Broggini,≤100
219303641441550,SP Kanton Aargau,These ads ran without a disclaimer,≤100
763722197034246,En Développement,These ads ran without a disclaimer,≤100
149009625200361,Marchés Folkloriques de Vevey-La Tour,These ads ran without a disclaimer,≤100
1541379879413801,FER Genève,FER Genève,≤100
222528664595163,Vert'libéraux de Veyrier,These ads ran without a disclaimer,≤100
216444012216,EDU - UDF (Eidgenössisch-Demokratische Union),Eidgenössisch-Demokratische Union Schweiz,≤100
7783116506,Animals Asia,These ads ran without a disclaimer,≤100
820391221400929,Unser Stadtrat Florin Scherrer,Unser Stadtrat Florin Scherrer,≤100
112878345109547,NON-in181 - NON à cette bombe fiscale,Fer Genève,≤100
224082085590402,themattmueller,These ads ran without a disclaimer,≤100
108893095528257,In185-Non,IN 185,≤100
106434042447582,oui-acacias.ch,Comité unitaire en faveur du PLQ Acacias 1,≤100
151183321586281,Jeunes Vert·e·x·s Genève,Jeunes Vert·e·x·s Genève,≤100
130206663683619,Swiss Post,These ads ran without a disclaimer,≤100
149647671720061,HARTMANN GROUP,These ads ran without a disclaimer,≤100
116981568944452,Knowledge Bucket,These ads ran without a disclaimer,≤100
101668682611759,Благодійний фонд A36,These ads ran without a disclaimer,≤100
205332123261241,Знакомства RusDate,These ads ran without a disclaimer,≤100
102162706125011,abu_samra_jnoubi,These ads ran without a disclaimer,≤100
113144551581839,gartenjournal_net,These ads ran without a disclaimer,≤100
117706891348378,Срочные Hовости,These ads ran without a disclaimer,≤100
102500518635499,ENTR en,These ads ran without a disclaimer,≤100
931247067086455,Eurowings,These ads ran without a disclaimer,≤100
102998939765184,Persian bms,These ads ran without a disclaimer,≤100
217519028785017,Nature Research Custom Media,These ads ran without a disclaimer,≤100
904616509704178,KAWA News,These ads ran without a disclaimer,≤100
1505333196415332,Côte d'Azur - школа французької мови,These ads ran without a disclaimer,≤100
103302788955674,Airseas,These ads ran without a disclaimer,≤100
106875925506577,Formula XN Ecommerce,These ads ran without a disclaimer,≤100
116286898134773,Благодійний Фонд Розвиток Країни,These ads ran without a disclaimer,≤100
110233327812413,Les insolentes editions,These ads ran without a disclaimer,≤100
585416874822974,Blowhammer,These ads ran without a disclaimer,≤100
488782827814626,International Labour Organization,These ads ran without a disclaimer,≤100