﻿Page ID,Page name,Disclaimer,Amount spent (CHF)
100332749664541,Ja zum Klimaschutz-Gesetz,JA zum Klimaschutz,2918
108204507991414,Zukunft sichern,Allianz für ein JA zur OECD-Mindeststeuer,1257
119186944514904,Unabhängige Schweiz - Unabhängige Energieversorgung,Klima Allianz,1019
126289610761942,Grünliberale,Grünliberale,573
15733998334,FDP,FDP,569
194790813901953,Grüne Schweiz,Grüne Schweiz,424
334655940216136,Nein zum Stromfresser-Gesetz,Nein zum Stromfresser-Gesetz,358
375071409495559,Future 3 I de,Fondation Future 3.0,322
100109808734387,Schweizer Wirtschaft für das Klimagesetz,Schweizer Wirtschaft für das Klimagesetzt,277
191859734164694,Pro Infirmis,Pro Infirmis,235
146548032062281,Fastenaktion,Fastenaktion,205
100847496372968,Ja zur Ombudsstelle Aargau,"Co-Präsidium Abstimmungskomitee ""Ja zur Ombudstelle Aargau""",202
36735923253,umverkehR,umverkehR,162
1951249848443600,Protect Our Winters Switzerland,Protect Our Winters Switzerland,154
1579272705641700,Gabriela Suter,Gabriela Suter,117
1483343695307824,Campax,Campax,111
162373287239957,SVP Schweiz,SVP Schweiz,110
147201418675114,Swissmem,Swissmem,≤100
309380022477251,Casafair,Casafair,≤100
1524859774444235,Koalition für Konzernverantwortung,Koalition für Konzernverantwortung,≤100
100443989708498,Schuldenbremse Aarau JA,Schuldenbremse Aarau JA,≤100
216444012216,EDU - UDF (Eidgenössisch-Demokratische Union),EDU - UDF (Eidgenössisch-Demokratische Union),≤100
921336971288655,Nagra,Nagra,≤100
169510248558,Die Mitte - Le Centre,Die Mitte,≤100
1886381148253031,Économie suisse pour la loi climat,Économie Suisse pour la loi climat,≤100
289772074451810,FDP.Die Liberalen Aargau,FDP.Die Liberalen Aargau,≤100
105023728023626,Forum Wirtschaftsstandort Schweiz,Swissholdings,≤100
2151592515105217,Christina Bachmann-Roth,Christina Bachmann-Roth,≤100
106321615725425,Oui à la Loi climat,Oui à la loi climat,≤100
8142847754,Jungfreisinnige Schweiz,Jungfreisinnige Schweiz,≤100
110533229026103,EVP / PEV,EVP Schweiz,≤100
107793295629503,Tourismus für das Klimagesetz,Tourismuskomitee «JA zum Klimagesetz»,≤100
48980326364,Public Eye,Public Eye,≤100
102718129475079,Ambil Sandy,Bezirksrichterwahl,≤100
51415837765,Greenpeace Switzerland,Greenpeace Switzerland,≤100
154976914534194,Save the Children Schweiz/Suisse,Save the Children Schweiz,≤100
251838211585945,SP Basel-Stadt,SP Basel-Stadt,≤100
169752569742293,Schweizerischer Gewerbeverband sgv,Schweizerischer Gewerbeverband sgv,≤100
100257256973322,Stark+vernetzt,stark + vernetzt,≤100
100844786282093,SÌ alla Legge clima,Sì alla legge clima,≤100
102014399307738,Direkt,direkt,≤100
104434902404462,SI all' imposta minima dell'OCSE,Alleanza per la riforma dell’imposta preventiva,≤100
257497631736082,Gletscher-Initiative,Verein Klimaschutz Schweiz,≤100
179829952053386,Vert'libéraux,Parti vert'libéral Suisse,≤100
259871484198551,Thomas Matter,Thomas Matter,≤100
1199285680176885,izzy,Verein Klimaschutz Schweiz,≤100
1220118614712552,Non à la loi sur le gaspillage de l'électricité,Non à la loi sur le gaspillage de l'électricité,≤100
97220294896,SP Schweiz,SP Schweiz,≤100
179845512038427,swisscleantech,swisscleantech,≤100
382788625100001,SP Bezirk Bremgarten,SP Bezirk Bremgarten,≤100
115967858108648,Susanne Dedecke glp,Grünliberale Partei Muhen,≤100
212297922293183,UDC Suisse,UDC Suisse,≤100
220197041662012,Kleinbauern-Vereinigung / Petits paysans,Kleinbauern-Vereinigung VKMB,≤100
1131283210260777,Future 3,Fondation Future 3.0,≤100
218538701651843,Union suisse des arts et métiers usam,Schweizerischer Gewerbeverband sgv,≤100
104176871670876,Renteninitiative - Für eine sichere & nachhaltige Altersvorsorge,Verein Renteninitiative,≤100
1584343961885765,Home Expo,These ads ran without a disclaimer,≤100
97721121385,Public Eye,Public Eye,≤100
100925974750107,Baslerhofscheune Bettingen,These ads ran without a disclaimer,≤100
132497703498525,Pro Velo Schweiz,Pro Velo Schweiz,≤100
335129001940,Young European Swiss - yes,young european swiss,≤100
100332749664541,Ja zum Klimaschutz-Gesetz,These ads ran without a disclaimer,≤100
1320679421302500,HabitatDurable,Casafair - HabitatDurable,≤100
513407995428696,actif-trafiC,actif-trafiC,≤100
167064773463386,SP Lyss-Busswil,SP Lyss-Busswil,≤100
18087904183,PLR,PLR,≤100
1228068373962905,Handelskammer und Arbeitgebervereinigung Winterthur,These ads ran without a disclaimer,≤100
82752099000,Alternative Liste ZH,Alternative Liste Zürich,≤100
202907189862969,Verdi Liberali,Parti vert'libéral Suisse,≤100
101986432797310,Anna-Sophia Spieler,Anna-Sophia Spieler,≤100
216444012216,EDU - UDF (Eidgenössisch-Demokratische Union),Eidgenössisch-Demokratische Union Schweiz,≤100
1092252917594218,Initiative pour les glaciers,Association suisse pour la protection du climat,≤100
103337836053975,Gardons l'argent en Suisse,Gardons l'argent en Suisse,≤100
510352742440847,Coalition pour des multinationales responsables,Coalition pour des multinationales responsables,≤100
219303641441550,SP Kanton Aargau,These ads ran without a disclaimer,≤100
2525584750795209,Nina Fehr Düsel,Nina Fehr Düsel,≤100
345958796467,Schweizer Parlament – Parlement suisse – Parlamento svizzero,These ads ran without a disclaimer,≤100
467503303605894,PLR Castel San Pietro,PLR Castel San Pietro,≤100
7783116506,Animals Asia,These ads ran without a disclaimer,≤100
2011626645562796,Andri Silberschmidt,Komitee Andri Silberschmidt,≤100
109605484115257,Delphine Klopfenstein Broggini,Delphine Klopfenstein Broggini,≤100
163485470376910,Umweltfreisinnige St.Gallen,Umweltfreisinnige St.Gallen,≤100
291359247729208,PS Suisse,PS Suisse,≤100
267353906619818,Mr. Gugu & Miss Go,These ads ran without a disclaimer,≤100
811451112243983,Grünliberale Basel-Stadt,Grünliberale Basel-Stadt,≤100
106311266104289,Die Mitte Kanton Luzern,Die Mitte Kanton Luzern,≤100
115646168191821,Gebührenwahnsinn-Nein,Komitee gegen den Gebührenwahnsinn,≤100
224082085590402,themattmueller,These ads ran without a disclaimer,≤100
200905173303222,SCI Switzerland,SCI Switzerland,≤100
2061184407484577,Grüne Amriswil,Grüne Amriswil,≤100
2261709760740382,wirtschaftskomitee.ch,Wirtschaftskomitee.ch,≤100
102733401616452,Tanja Miljanović in den Nationalrat,Tanja Miljanović in den Nationalrat,≤100
101743672167233,Stiftung Habitat,These ads ran without a disclaimer,≤100
585416874822974,Blowhammer,These ads ran without a disclaimer,≤100
101715872923024,Mindestlohn NEIN,Überparteiliches Komitee NEIN zum Mindestlohn,≤100
820391221400929,Unser Stadtrat Florin Scherrer,Unser Stadtrat Florin Scherrer,≤100
111572431777901,Simon Michel in den Nationalrat,Simon Michel in den Nationalrat,≤100
105479755904296,Antónia Dolores,These ads ran without a disclaimer,≤100
488782827814626,International Labour Organization,These ads ran without a disclaimer,≤100
101668682611759,Благодійний фонд A36,These ads ran without a disclaimer,≤100
100362052940730,U-shirt,These ads ran without a disclaimer,≤100
931247067086455,Eurowings,These ads ran without a disclaimer,≤100
102500518635499,ENTR en,These ads ran without a disclaimer,≤100
217519028785017,Nature Research Custom Media,These ads ran without a disclaimer,≤100
205332123261241,Знакомства RusDate,These ads ran without a disclaimer,≤100
763722197034246,En Développement,These ads ran without a disclaimer,≤100
103302788955674,Airseas,These ads ran without a disclaimer,≤100
106673529354993,Norsk Hydro,These ads ran without a disclaimer,≤100
130206663683619,Swiss Post,These ads ran without a disclaimer,≤100
121863964566067,Policybazaar,These ads ran without a disclaimer,≤100
106270215428,Wix,These ads ran without a disclaimer,≤100
117706891348378,Срочные Hовости,These ads ran without a disclaimer,≤100
113144551581839,gartenjournal_net,These ads ran without a disclaimer,≤100
102162706125011,abu_samra_jnoubi,These ads ran without a disclaimer,≤100
904616509704178,KAWA News,These ads ran without a disclaimer,≤100
103393035778315,Alotofstylewe.com,These ads ran without a disclaimer,≤100
116981568944452,Knowledge Bucket,These ads ran without a disclaimer,≤100
463270330407009,Kasen Fitness,These ads ran without a disclaimer,≤100
656462304404326,Служба розшуку дітей,These ads ran without a disclaimer,≤100
1505333196415332,Côte d'Azur - школа французької мови,These ads ran without a disclaimer,≤100
114596908322776,Hовости Eвропы,These ads ran without a disclaimer,≤100