﻿Page ID,Page name,Disclaimer,Amount spent (CHF)
191859734164694,Pro Infirmis,Pro Infirmis,842
169510248558,Die Mitte - Le Centre,Die Mitte,818
106321615725425,Oui à la Loi climat,Oui à la loi climat,800
1886381148253031,Économie suisse pour la loi climat,Économie Suisse pour la loi climat,402
291359247729208,PS Suisse,PS Suisse,400
107793295629503,Tourismus für das Klimagesetz,Tourismuskomitee «JA zum Klimagesetz»,244
18087904183,PLR,PLR,215
103550668590403,Mieux vivre sa vie,Mieux Vivre Sa Vie,169
100332749664541,Ja zum Klimaschutz-Gesetz,JA zum Klimaschutz,147
349450293419,Schweizerische Energie-Stiftung SES,Schweizerische Energie-Stiftung SES,146
535897123124799,Jeunes Libéraux-Radicaux Suisse,Jeunes Libéraux-Radicaux Suisses,129
257497631736082,Gletscher-Initiative,Verein Klimaschutz Schweiz,≤100
97721121385,Public Eye,Public Eye,≤100
103915262545181,KMU geprüft,KMU geprüft,≤100
1659576160959696,Guido Fluri Stiftung,Guido Fluri Stiftung,≤100
154976914534194,Save the Children Schweiz/Suisse,Save the Children Schweiz,≤100
220197041662012,Kleinbauern-Vereinigung / Petits paysans,Kleinbauern-Vereinigung VKMB,≤100
97220294896,SP Schweiz,SP Schweiz,≤100
921336971288655,Nagra,Nagra,≤100
212297922293183,UDC Suisse,UDC Suisse,≤100
169752569742293,Schweizerischer Gewerbeverband sgv,Schweizerischer Gewerbeverband sgv,≤100
255506388731408,Biodiversitätsinitiative / Initiative biodiversité,Biodiversitätsinitiative / Initiative biodiversité,≤100
218538701651843,Union suisse des arts et métiers usam,Schweizerischer Gewerbeverband sgv,≤100
1220118614712552,,Non à la loi sur le gaspillage de l'électricité,≤100
108204507991414,Zukunft sichern,Allianz für ein JA zur OECD-Mindeststeuer,≤100
113106815069066,"OUI à la LEFI - Notre logement, c’est toute notre vie",CGI,≤100
1419223321733027,Parti Socialiste Vaudois,PS vaudois,≤100
48980326364,Public Eye,Public Eye,≤100
100109808734387,Schweizer Wirtschaft für das Klimagesetz,Schweizer Wirtschaft für das Klimagesetzt,≤100
114275974912005,GE équilibre fiscal,GE équilibre fiscal,≤100
36735923253,umverkehR,umverkehR,≤100
132497703498525,Pro Velo Schweiz,Pro Velo Schweiz,≤100
15733998334,FDP,FDP,≤100
102014399307738,Direkt,direkt,≤100
259871484198551,Thomas Matter,Thomas Matter,≤100
200905173303222,"SCI Switzerland (Schweiz, Suisse, Svizzera)","SCI Switzerland (Schweiz, Suisse, Svizzera)",≤100
1673559236288902,Pro Senectute Genève,Pro Senectute Genève,≤100
1483343695307824,Campax,Campax,≤100
334655940216136,Nein zum Stromfresser-Gesetz,Nein zum Stromfresser-Gesetz,≤100
238982909481105,Les Vert·e·s Genevois·es,Les Vert-e-s genevois-es,≤100
162373287239957,SVP Schweiz,SVP Schweiz,≤100
175478195846132,Les Vert·e·s suisses,Grüne Schweiz,≤100
364457210935073,Vert'libéraux Valais / Grünliberale Wallis,Vert'libéraux Valais / Grünliberale Wallis,≤100
158820214312321,Citations Ron Hubbard,Mieux Vivre Sa Vie,≤100
98673036962,ROLDA,These ads ran without a disclaimer,≤100
135816069903817,Dirk Kreuter,These ads ran without a disclaimer,≤100
784812424962943,Tele Z,TELE Z,≤100
112878345109547,NON-in181 - NON à cette bombe fiscale,Fer Genève,≤100
100200532855012,Pyrpose,Purpose Group SA,≤100
107494077464434,Janine Vannaz,Janine Vannaz,≤100
102427995193866,Virginie Pilault Parti Socialiste Grandson,These ads ran without a disclaimer,≤100
319393291423771,Le Temps,These ads ran without a disclaimer,≤100
112542440931333,NinjaOne France,These ads ran without a disclaimer,≤100
136088969880141,AirHelp,These ads ran without a disclaimer,≤100
763722197034246,En Développement,These ads ran without a disclaimer,≤100
654086281432152,Société pour les peuples menacés Suisse - SPM,These ads ran without a disclaimer,≤100
358905024317782,UDC Neuchâtel,UDC Neuchâtel,≤100
150830641743673,Tomplay,These ads ran without a disclaimer,≤100
110481348648633,Ludivine-Luy-Lovey au Conseil National 2023,Ludivine Luy Lovey,≤100
2261709760740382,wirtschaftskomitee.ch,Wirtschaftskomitee.ch,≤100
189239015887,Beobachter,These ads ran without a disclaimer,≤100
120904964306490,Tsl-Projekt,These ads ran without a disclaimer,≤100
113187447947452,Reconciliation Aurora,These ads ran without a disclaimer,≤100
111976493965144,TV5MONDEplus,These ads ran without a disclaimer,≤100
117275531631620,Le Centre Fribourg-Ville / Die Mitte Stadt Freiburg,Le Centre Fribourg-Ville / Die Mitte Stadt Freiburg,≤100
125466200895962,Valentin Landmann,Sven Kunz,≤100
467503303605894,PLR Castel San Pietro,PLR Castel San Pietro,≤100
105457179189438,Karin Jung-Riedweg,Karin Jung-Riedweg,≤100
105188432853984,Tribune de Genève,These ads ran without a disclaimer,≤100
112233721686095,Ylfete Fanaj in den Regierungsrat,Ylfete Fanaj in den Regierungsrat,≤100
117027101705789,FDP Stadt Zürich,FDP.Die Liberalen Stadt Zürich,≤100
145845125487053,"Jürg Grossen, Präsident Grünliberale",Jürg Grossen,≤100
167983071434,SP Kriens,SP Kriens,≤100
116348888049995,Interlitica,These ads ran without a disclaimer,≤100
755554214495636,Parti Socialiste Neuchâtelois,Parti socialiste neuchâtelois,≤100
10150100771335484,24 heures,These ads ran without a disclaimer,≤100
104803175931011,Vjollca Gashi,Vjollca Vivi Gashi,≤100
106964611977537,Switlo,Switlo,≤100
135939773133793,Grüne Winterthur,Grüne Winterthur,≤100
100116156110843,Stop al blackout,Iniziativa popolare «Energia elettrica in ogni tempo per tutti (Stop al blackout)»,≤100
112872221753732,Sara Perez,These ads ran without a disclaimer,≤100
124109327256894,Dra. Ângela Pistão,These ads ran without a disclaimer,≤100
492712620885533,Compass Mints,These ads ran without a disclaimer,≤100
113590230066092,,These ads ran without a disclaimer,≤100
113864178277471,Eco Mindset,These ads ran without a disclaimer,≤100
142975303042827,MYLILY,These ads ran without a disclaimer,≤100
101106662115671,Bluetti Deutschland,These ads ran without a disclaimer,≤100
104690824908337,Chocolate.com - Sweet Eats,These ads ran without a disclaimer,≤100
1983382651989182,Afrancesados,These ads ran without a disclaimer,≤100
1051543115032031,Nuun Middle East,These ads ran without a disclaimer,≤100
19746387261,Humane Society International,These ads ran without a disclaimer,≤100
109023478608136,Ihabitantne,These ads ran without a disclaimer,≤100
2274953119412306,� Marie-Virginie (Emvy) �,These ads ran without a disclaimer,≤100
108166048910328,Срочные Новости,These ads ran without a disclaimer,≤100
204182692934155,Amande Art,These ads ran without a disclaimer,≤100
100138076253198,collectif_vellinge,These ads ran without a disclaimer,≤100
205332123261241,Знакомства RusDate,These ads ran without a disclaimer,≤100
105231872947887,GU - Willkommen im Leben,These ads ran without a disclaimer,≤100
2412619812306646,Серця голос,These ads ran without a disclaimer,≤100
947704582025685,Daze,These ads ran without a disclaimer,≤100
126205140373896,Valentine Dei,These ads ran without a disclaimer,≤100
101547865988914,Julia Santiago,These ads ran without a disclaimer,≤100
217519028785017,Nature Research Custom Media,These ads ran without a disclaimer,≤100
100374392742057,Weregreenly- Magazine,These ads ran without a disclaimer,≤100
1183996195056831,Sentient,These ads ran without a disclaimer,≤100
201300766652623,WAGO,These ads ran without a disclaimer,≤100
108625789179165,Soi Dog Foundation,These ads ran without a disclaimer,≤100
107071248451159,Société Créatrice,These ads ran without a disclaimer,≤100
111132794348779,That Happened,These ads ran without a disclaimer,≤100
377341706350,ADRA Österreich,These ads ran without a disclaimer,≤100
328594787229525,Sailing-Classics,These ads ran without a disclaimer,≤100
185927128110913,SMA Solar Technology,These ads ran without a disclaimer,≤100
116355337718182,Moli lulu,These ads ran without a disclaimer,≤100
105389598931029,,These ads ran without a disclaimer,≤100
230875547030767,Serge Ferrari,These ads ran without a disclaimer,≤100
140556749292891,National Library of Israel,These ads ran without a disclaimer,≤100