﻿Page ID,Page name,Disclaimer,Amount spent (CHF)
100332749664541,Ja zum Klimaschutz-Gesetz,JA zum Klimaschutz,660
349450293419,Schweizerische Energie-Stiftung SES,Schweizerische Energie-Stiftung SES,298
97220294896,SP Schweiz,SP Schweiz,292
169510248558,Die Mitte - Le Centre,Die Mitte,289
1659576160959696,Guido Fluri Stiftung,Guido Fluri Stiftung,147
102014399307738,Direkt,direkt,129
107793295629503,Tourismus für das Klimagesetz,Tourismuskomitee «JA zum Klimagesetz»,104
191859734164694,Pro Infirmis,Pro Infirmis,≤100
100109808734387,Schweizer Wirtschaft für das Klimagesetz,Schweizer Wirtschaft für das Klimagesetzt,≤100
108204507991414,Zukunft sichern,Allianz für ein JA zur OECD-Mindeststeuer,≤100
257497631736082,Gletscher-Initiative,Verein Klimaschutz Schweiz,≤100
48980326364,Public Eye,Public Eye,≤100
15733998334,FDP,FDP,≤100
106321615725425,Oui à la Loi climat,Oui à la loi climat,≤100
103915262545181,KMU geprüft,KMU geprüft,≤100
8142847754,Jungfreisinnige Schweiz,Jungfreisinnige Schweiz,≤100
1886381148253031,Économie suisse pour la loi climat,Économie Suisse pour la loi climat,≤100
921336971288655,Nagra,Nagra,≤100
220197041662012,Kleinbauern-Vereinigung / Petits paysans,Kleinbauern-Vereinigung VKMB,≤100
169752569742293,Schweizerischer Gewerbeverband sgv,Schweizerischer Gewerbeverband sgv,≤100
789371434477510,GRÜNE Basel-Stadt,Grüne Basel-Stadt,≤100
154976914534194,Save the Children Schweiz/Suisse,Save the Children Schweiz,≤100
97721121385,Public Eye,Public Eye,≤100
291359247729208,PS Suisse,PS Suisse,≤100
36735923253,umverkehR,umverkehR,≤100
255506388731408,Biodiversitätsinitiative / Initiative biodiversité,Biodiversitätsinitiative / Initiative biodiversité,≤100
2261709760740382,wirtschaftskomitee.ch,Wirtschaftskomitee.ch,≤100
102718129475079,Ambil Sandy,Sandy Iwan Ambil,≤100
18087904183,PLR,PLR,≤100
132497703498525,Pro Velo Schweiz,Pro Velo Schweiz,≤100
259871484198551,Thomas Matter,Thomas Matter,≤100
1483343695307824,Campax,Campax,≤100
784812424962943,Tele Z,TELE Z,≤100
162373287239957,SVP Schweiz,SVP Schweiz,≤100
334655940216136,Nein zum Stromfresser-Gesetz,Nein zum Stromfresser-Gesetz,≤100
135816069903817,Dirk Kreuter,These ads ran without a disclaimer,≤100
200905173303222,"SCI Switzerland (Schweiz, Suisse, Svizzera)","SCI Switzerland (Schweiz, Suisse, Svizzera)",≤100
103269145789541,Stop au blackout,Initiative populaire « De l’électricité pour tous en tout temps (Stop au blackout) »,≤100
120904964306490,Tsl-Projekt,These ads ran without a disclaimer,≤100
125466200895962,Valentin Landmann,Sven Kunz,≤100
98673036962,ROLDA,These ads ran without a disclaimer,≤100
189239015887,Beobachter,These ads ran without a disclaimer,≤100
212297922293183,UDC Suisse,UDC Suisse,≤100
1220118614712552,,Non à la loi sur le gaspillage de l'électricité,≤100
107494077464434,Janine Vannaz,Janine Vannaz,≤100
238982909481105,Les Vert·e·s Genevois·es,Les Vert-e-s genevois-es,≤100
100200532855012,Pyrpose,Purpose Group SA,≤100
106964611977537,Switlo,Switlo,≤100
110198429024146,Grünliberale Dielsdorf,Grünliberale Dielsdorf,≤100
150830641743673,Tomplay,These ads ran without a disclaimer,≤100
142975303042827,MYLILY,These ads ran without a disclaimer,≤100
101106662115671,Bluetti Deutschland,These ads ran without a disclaimer,≤100
117027101705789,FDP Stadt Zürich,FDP.Die Liberalen Stadt Zürich,≤100
113106815069066,"OUI à la LEFI - Notre logement, c’est toute notre vie",CGI,≤100
135939773133793,Grüne Winterthur,Grüne Winterthur,≤100
116355337718182,Moli lulu,These ads ran without a disclaimer,≤100
106080328954492,SP Gelterkinden und Umgebung,SP Gelterkinden und Umgebung,≤100
100116156110843,Stop al blackout,Iniziativa popolare «Energia elettrica in ogni tempo per tutti (Stop al blackout)»,≤100
105457179189438,Karin Jung-Riedweg,Karin Jung-Riedweg,≤100
202838303093581,Volière,These ads ran without a disclaimer,≤100
114275974912005,GE équilibre fiscal,GE équilibre fiscal,≤100
467503303605894,PLR Castel San Pietro,PLR Castel San Pietro,≤100
84150672409,SP Stadt Zürich,SP Stadt Zürich,≤100
112878345109547,NON-in181 - NON à cette bombe fiscale,Fer Genève,≤100
389006641956517,Natalie Imboden,Natalie Imboden,≤100
296877887834838,EVP Kanton Bern,EVP Kanton Bern,≤100
131066326987,SP Kanton Zürich,SP Kanton Zürich,≤100
143714586302267,Urs Bänziger FDP,Urs Baenziger,≤100
104803175931011,Vjollca Gashi,Vjollca Vivi Gashi,≤100
654086281432152,Société pour les peuples menacés Suisse - SPM,These ads ran without a disclaimer,≤100
102779519060637,SP Vorderland AR,SP Vorderland AR,≤100
112233721686095,Ylfete Fanaj in den Regierungsrat,Ylfete Fanaj in den Regierungsrat,≤100
218538701651843,Union suisse des arts et métiers usam,Schweizerischer Gewerbeverband sgv,≤100
167983071434,SP Kriens,SP Kriens,≤100
175478195846132,Les Vert·e·s suisses,Grüne Schweiz,≤100
580012422156679,Grüne Stadt Dübendorf,Grüne Stadt Dübendorf,≤100
121446461263308,SP Kanton Schwyz,SP Kanton Schwyz,≤100
112360458458828,emp_one,These ads ran without a disclaimer,≤100
108625789179165,Soi Dog Foundation,These ads ran without a disclaimer,≤100
112872221753732,Sara Perez,These ads ran without a disclaimer,≤100
205332123261241,Знакомства RusDate,These ads ran without a disclaimer,≤100
113187447947452,Reconciliation Aurora,These ads ran without a disclaimer,≤100
217519028785017,Nature Research Custom Media,These ads ran without a disclaimer,≤100
113590230066092,,These ads ran without a disclaimer,≤100
185927128110913,SMA Solar Technology,These ads ran without a disclaimer,≤100
1051543115032031,Nuun Middle East,These ads ran without a disclaimer,≤100
495297847177818,3D WALL Panels Italia,These ads ran without a disclaimer,≤100
108166048910328,Срочные Новости,These ads ran without a disclaimer,≤100
492712620885533,Compass Mints,These ads ran without a disclaimer,≤100
100374392742057,Weregreenly- Magazine,These ads ran without a disclaimer,≤100
105389598931029,,These ads ran without a disclaimer,≤100
377341706350,ADRA Österreich,These ads ran without a disclaimer,≤100
328594787229525,Sailing-Classics,These ads ran without a disclaimer,≤100
100138076253198,collectif_vellinge,These ads ran without a disclaimer,≤100
105231872947887,GU - Willkommen im Leben,These ads ran without a disclaimer,≤100
112542440931333,NinjaOne France,These ads ran without a disclaimer,≤100
2412619812306646,Серця голос,These ads ran without a disclaimer,≤100
140827169291068,Infosecurity Europe,These ads ran without a disclaimer,≤100
413307318719072,The Andy Warhol Foundation for the Visual Arts,These ads ran without a disclaimer,≤100
19746387261,Humane Society International,These ads ran without a disclaimer,≤100
136088969880141,AirHelp,These ads ran without a disclaimer,≤100
427644350714105,Wicked and Bonny,These ads ran without a disclaimer,≤100
201300766652623,WAGO,These ads ran without a disclaimer,≤100
763722197034246,En Développement,These ads ran without a disclaimer,≤100
108558068531422,Smart doc magazin,These ads ran without a disclaimer,≤100
111132794348779,That Happened,These ads ran without a disclaimer,≤100