﻿Page ID,Page name,Disclaimer,Amount spent (CHF)
100332749664541,Ja zum Klimaschutz-Gesetz,JA zum Klimaschutz,352
169510248558,Die Mitte - Le Centre,Die Mitte,135
191859734164694,Pro Infirmis,Pro Infirmis,103
349450293419,Schweizerische Energie-Stiftung SES,Schweizerische Energie-Stiftung SES,≤100
1659576160959696,Guido Fluri Stiftung,Guido Fluri Stiftung,≤100
107793295629503,Tourismus für das Klimagesetz,Tourismuskomitee «JA zum Klimagesetz»,≤100
108204507991414,Zukunft sichern,Allianz für ein JA zur OECD-Mindeststeuer,≤100
100109808734387,Schweizer Wirtschaft für das Klimagesetz,Schweizer Wirtschaft für das Klimagesetzt,≤100
97220294896,SP Schweiz,SP Schweiz,≤100
15733998334,FDP,FDP,≤100
257497631736082,Gletscher-Initiative,Verein Klimaschutz Schweiz,≤100
102014399307738,Direkt,direkt,≤100
103915262545181,KMU geprüft,KMU geprüft,≤100
48980326364,Public Eye,Public Eye,≤100
921336971288655,Nagra,Nagra,≤100
8142847754,Jungfreisinnige Schweiz,Jungfreisinnige Schweiz,≤100
106321615725425,Oui à la Loi climat,Oui à la loi climat,≤100
169752569742293,Schweizerischer Gewerbeverband sgv,Schweizerischer Gewerbeverband sgv,≤100
1886381148253031,Économie suisse pour la loi climat,Économie Suisse pour la loi climat,≤100
154976914534194,Save the Children Schweiz/Suisse,Save the Children Schweiz,≤100
255506388731408,Biodiversitätsinitiative / Initiative biodiversité,Biodiversitätsinitiative / Initiative biodiversité,≤100
220197041662012,Kleinbauern-Vereinigung / Petits paysans,Kleinbauern-Vereinigung VKMB,≤100
36735923253,umverkehR,umverkehR,≤100
162373287239957,SVP Schweiz,SVP Schweiz,≤100
784812424962943,Tele Z,TELE Z,≤100
259871484198551,Thomas Matter,Thomas Matter,≤100
18087904183,PLR,PLR,≤100
97721121385,Public Eye,Public Eye,≤100
334655940216136,Nein zum Stromfresser-Gesetz,Nein zum Stromfresser-Gesetz,≤100
102718129475079,Ambil Sandy,Sandy Iwan Ambil,≤100
132497703498525,Pro Velo Schweiz,Pro Velo Schweiz,≤100
200905173303222,"SCI Switzerland (Schweiz, Suisse, Svizzera)","SCI Switzerland (Schweiz, Suisse, Svizzera)",≤100
1483343695307824,Campax,Campax,≤100
120904964306490,Tsl-Projekt,These ads ran without a disclaimer,≤100
189239015887,Beobachter,These ads ran without a disclaimer,≤100
218538701651843,Union suisse des arts et métiers usam,Schweizerischer Gewerbeverband sgv,≤100
113106815069066,"OUI à la LEFI - Notre logement, c’est toute notre vie",CGI,≤100
135816069903817,Dirk Kreuter,These ads ran without a disclaimer,≤100
291359247729208,PS Suisse,PS Suisse,≤100
125466200895962,Valentin Landmann,Sven Kunz,≤100
245489546137580,Christoph Riner - bodenständige Politik,Christoph Riner - bodenständige Politik,≤100
106964611977537,Switlo,Switlo,≤100
98673036962,ROLDA,These ads ran without a disclaimer,≤100
107494077464434,Janine Vannaz,Janine Vannaz,≤100
100200532855012,Pyrpose,Purpose Group SA,≤100
212297922293183,UDC Suisse,UDC Suisse,≤100
238982909481105,Les Vert·e·s Genevois·es,Les Vert-e-s genevois-es,≤100
104176871670876,Renteninitiative - Für eine sichere & nachhaltige Altersvorsorge,Verein Renteninitiative,≤100
1220118614712552,,Non à la loi sur le gaspillage de l'électricité,≤100
114275974912005,GE équilibre fiscal,GE équilibre fiscal,≤100
467503303605894,PLR Castel San Pietro,PLR Castel San Pietro,≤100
117027101705789,FDP Stadt Zürich,FDP.Die Liberalen Stadt Zürich,≤100
105457179189438,Karin Jung-Riedweg,Karin Jung-Riedweg,≤100
175478195846132,Les Vert·e·s suisses,Grüne Schweiz,≤100
100116156110843,Stop al blackout,Iniziativa popolare «Energia elettrica in ogni tempo per tutti (Stop al blackout)»,≤100
296877887834838,EVP Kanton Bern,EVP Kanton Bern,≤100
110198429024146,Grünliberale Dielsdorf,Grünliberale Dielsdorf,≤100
102733401616452,Tanja Miljanović in den Nationalrat,Tanja Miljanović,≤100
135939773133793,Grüne Winterthur,Grüne Winterthur,≤100
654086281432152,Société pour les peuples menacés Suisse - SPM,These ads ran without a disclaimer,≤100
104803175931011,Vjollca Gashi,Vjollca Vivi Gashi,≤100
2261709760740382,wirtschaftskomitee.ch,Wirtschaftskomitee.ch,≤100
267272696776611,"Maja Riniker, Nationalrätin",Maja Riniker,≤100
319393291423771,Le Temps,These ads ran without a disclaimer,≤100
112878345109547,NON-in181 - NON à cette bombe fiscale,Fer Genève,≤100
84150672409,SP Stadt Zürich,SP Stadt Zürich,≤100
150830641743673,Tomplay,These ads ran without a disclaimer,≤100
105389598931029,,These ads ran without a disclaimer,≤100
328594787229525,Sailing-Classics,These ads ran without a disclaimer,≤100
763722197034246,En Développement,These ads ran without a disclaimer,≤100
1051543115032031,Nuun Middle East,These ads ran without a disclaimer,≤100
201300766652623,WAGO,These ads ran without a disclaimer,≤100
217519028785017,Nature Research Custom Media,These ads ran without a disclaimer,≤100
107647258831836,Weregreenly- Magazine Page 3,These ads ran without a disclaimer,≤100
112542440931333,NinjaOne France,These ads ran without a disclaimer,≤100
108625789179165,Soi Dog Foundation,These ads ran without a disclaimer,≤100
105231872947887,GU - Willkommen im Leben,These ads ran without a disclaimer,≤100
100374392742057,Weregreenly- Magazine,These ads ran without a disclaimer,≤100
101628406259500,Monyka Prince,These ads ran without a disclaimer,≤100
101106662115671,Bluetti Deutschland,These ads ran without a disclaimer,≤100
108558068531422,Smart doc magazin,These ads ran without a disclaimer,≤100
136088969880141,AirHelp,These ads ran without a disclaimer,≤100
142975303042827,MYLILY,These ads ran without a disclaimer,≤100
111132794348779,That Happened,These ads ran without a disclaimer,≤100
230875547030767,Serge Ferrari,These ads ran without a disclaimer,≤100
456668207859222,Enlaps,These ads ran without a disclaimer,≤100
185927128110913,SMA Solar Technology,These ads ran without a disclaimer,≤100
205332123261241,Знакомства RusDate,These ads ran without a disclaimer,≤100
109023478608136,Ihabitantne,These ads ran without a disclaimer,≤100
19746387261,Humane Society International,These ads ran without a disclaimer,≤100
113590230066092,,These ads ran without a disclaimer,≤100