﻿Page ID,Page name,Disclaimer,Amount spent (CHF),Number of ads in Library
220137094989562,BRITA Schweiz,These ads ran without a disclaimer,7869,2
191859734164694,Pro Infirmis,Pro Infirmis,5589,21
106373899175448,Offiziell,These ads ran without a disclaimer,2267,3
1426072874321965,Regine Sauter,Regine Sauter,2030,78
169510248558,Die Mitte - Le Centre,Die Mitte,1975,8
126289610761942,Grünliberale,Grünliberale,1495,259
15733998334,FDP,FDP,955,4
18087904183,PLR,PLR,862,10
921336971288655,Nagra,Nagra,668,7
179829952053386,Vert'libéraux,Parti vert'libéral Suisse,538,128
255506388731408,Biodiversitätsinitiative / Initiative biodiversité,Biodiversitätsinitiative / Initiative biodiversité,500,12
194790813901953,Grüne Schweiz,Grüne Schweiz,481,4
8142847754,Jungfreisinnige Schweiz,Jungfreisinnige Schweiz,418,11
175478195846132,Les Vert·e·s suisses,Grüne Schweiz,411,4
103550668590403,Mieux vivre sa vie,Mieux Vivre Sa Vie,388,33
97220294896,SP Schweiz,SP Schweiz,362,5
105527252338650,perspektiveschweiz.ch,IG Wirtschaftsverbände,343,3
535897123124799,Jeunes Libéraux-Radicaux Suisse,Jeunes Libéraux-Radicaux Suisses,301,8
102014399307738,Direkt,direkt,258,8
162931923790797,PLR Canton de Fribourg,PLR.Les Libéraux-Radicaux Fribourg,250,10
103426324579756,Ein Lohn zum Leben,Ein Lohn zum Leben,247,1
154976914534194,Save the Children Schweiz/Suisse,Save the Children Schweiz,207,18
36735923253,umverkehR,umverkehR,204,2
291359247729208,PS Suisse,PS Suisse,187,4
115134174862244,perspectivesuisse.ch,IG Wirtschaftsverbände,175,7
103074632758864,Natacha Albrecht au Conseil National,Natacha Albrecht au Conseil National,166,2
106300899437929,Patrick Hässig,Patrick Hässig,145,1
100649012962611,Direct,Direct,140,10
231320586878427,Hauseigentümerverband (HEV) Region Winterthur,Hauseigentümerverband Region Winterthur,139,2
105302842574771,FDP.Die Liberalen Kanton Zug,FDP.Die Liberalen Zug,134,5
82752099000,Alternative Liste ZH,Alternative Liste Zürich,130,4
97721121385,Public Eye,Public Eye,124,3
84150672409,SP Stadt Zürich,SP Stadt Zürich,121,9
389917717803867,SVP Graubünden,SVP Graubünden,118,1
202907189862969,Verdi Liberali,Parti vert'libéral Suisse,108,56
48980326364,Public Eye,Public Eye,104,1
295886637766842,Othmar Reichmuth,Othmar Reichmuth,102,3
1524954517562834,Prominis,Prominis GmbH,102,1
131066326987,SP Kanton Zürich,SP Kanton Zürich,101,2
259871484198551,Thomas Matter,Thomas Matter,≤100,1
1587949341492441,Claudio Zihlmann,Claudio Zihlmann,≤100,12
105373170818382,Romaine Rogenmoser,Romaine Rogenmoser,≤100,2
154169121389246,SP Frauen Schweiz,SP Frauen Schweiz,≤100,1
111572431777901,Simon Michel in den Nationalrat,Simon Michel in den Nationalrat,≤100,3
1483343695307824,Campax,Campax,≤100,3
115010674866173,prospettivasvizzera.ch,IG Wirtschaftsverbände,≤100,7
1246741332049284,Union Patronale du Canton de Fribourg,Union Patronale du Canton de Fribourg,≤100,2
245489546137580,Christoph Riner - bodenständige Politik,Christoph Riner - bodenständige Politik,≤100,15
2170702239856130,Philippe Jobin - Candidat au Conseil National,Philippe Jobin - Candidat au Conseil National,≤100,2
120307884715130,Les Vert•e•s Valais - Grüne Wallis,Les Vert•e•s Valais - Grüne Wallis,≤100,2
1673559236288902,Pro Senectute Genève,Pro Senectute Genève,≤100,1
103345964761894,Paramount+,These ads ran without a disclaimer,≤100,1
238982909481105,Les Vert·e·s Genevois·es,Les Vert-e-s genevois-es,≤100,11
119045178123830,Die Mitte Kanton Zug,Die Mitte Kanton Zug,≤100,2
434325363566608,So Denkt Ein Mann,These ads ran without a disclaimer,≤100,1
1320679421302500,HabitatDurable,Casafair - HabitatDurable,≤100,5
103269145789541,Stop au blackout,Initiative populaire « De l’électricité pour tous en tout temps (Stop au blackout) »,≤100,2
111081131629685,Blackout stoppen,Volksinitiative «Jederzeit Strom für alle (Blackout stoppen)»,≤100,2
251838211585945,SP Basel-Stadt,SP Basel-Stadt,≤100,4
169752569742293,Schweizerischer Gewerbeverband sgv,Schweizerischer Gewerbeverband sgv,≤100,1
117478931248727,Einwohnergemeinde Meiringen,These ads ran without a disclaimer,≤100,1
51415837765,Greenpeace Switzerland,Greenpeace Switzerland,≤100,4
663585810465294,Femmes socialistes suisses,Femmes socialistes suisses,≤100,1
513407995428696,actif-trafiC,actif-trafiC,≤100,2
606125032803856,alpinavera,These ads ran without a disclaimer,≤100,1
101016155153638,Sarah Constantin,Sarah Constantin,≤100,1
109177161782403,Animal équité,Association Animal équité,≤100,1
139016370161,PINK CROSS / Swiss Gay Federation,Pink Cross,≤100,3
298053910883787,Walkers Garage,These ads ran without a disclaimer,≤100,1
124881880957569,SP Stadt St.Gallen,SP Stadt St.Gallen,≤100,1
178775348914227,FDP.Die Liberalen Kanton Schwyz,FDP Kanton Schwyz,≤100,5
2170702239856130,Philippe Jobin - Candidat au Conseil National,These ads ran without a disclaimer,≤100,1
1410462099233550,FDP.Die Liberalen Kriens,FDP Kriens,≤100,3
109023033782956,Unisanté,Unisanté,≤100,1
116820001327246,Madame Buraka,These ads ran without a disclaimer,≤100,1
108625789179165,Soi Dog Foundation,These ads ran without a disclaimer,≤100,1
126256997433456,SP Baselland,SP Baselland,≤100,1
200905173303222,SCI Switzerland,SCI Switzerland,≤100,1
158820214312321,Citations Ron Hubbard,Mieux Vivre Sa Vie,≤100,1
360151400680191,Die Mitte Stadt Luzern,Die Mitte Stadt Luzern,≤100,1
1709498855937381,Sport Total,These ads ran without a disclaimer,≤100,1
289772074451810,FDP.Die Liberalen Aargau,FDP.Die Liberalen Aargau,≤100,1
353969997649,Partito Comunista - Svizzera,Partito Comunista,≤100,1
180369198646660,Les Verts lausannois,Les Verts lausannois,≤100,1
811451112243983,Grünliberale Basel-Stadt,Grünliberale Basel-Stadt,≤100,2
588623241193743,Zürcher Unterländer,These ads ran without a disclaimer,≤100,1
110463704610731,Cute Kiwi,These ads ran without a disclaimer,≤100,1
100513788093677,Les Vert-e-s Ville de Genève,Les Vert-e-s Ville de Genève,≤100,2
109081891713331,Château Papillon 2.0 des Arts de St.Moritz,These ads ran without a disclaimer,≤100,1
170815382956921,Luzerner Zeitung,These ads ran without a disclaimer,≤100,1
116997334716895,Patrick Römer GLP,Patrick Römer,≤100,1
267353906619818,Mr. Gugu & Miss Go,These ads ran without a disclaimer,≤100,15
1398006463750067,Clément Lefer - Filmmaker,These ads ran without a disclaimer,≤100,1
113447613420674,Waterfall Security Solutions,These ads ran without a disclaimer,≤100,2
561908393846979,Liebherr Construction,These ads ran without a disclaimer,≤100,1
117275531631620,Le Centre Fribourg-Ville / Die Mitte Stadt Freiburg,Le Centre Fribourg-Ville / Die Mitte Stadt Freiburg,≤100,1
102718129475079,Ambil Sandy,Bezirksrichterwahl,≤100,1
1027844850652657,Boomerang Ideas,Boomerang Ideas AG,≤100,28
2151592515105217,Christina Bachmann-Roth,Christina Bachmann-Roth,≤100,1
104071628384121,Update24,These ads ran without a disclaimer,≤100,1
907567945950773,Bob Peters,These ads ran without a disclaimer,≤100,11
205332123261241,Знакомства RusDate,These ads ran without a disclaimer,≤100,1
121153464656804,Herder Pädagogik,These ads ran without a disclaimer,≤100,2
113104278408771,Ayira,These ads ran without a disclaimer,≤100,3
230875547030767,Serge Ferrari,These ads ran without a disclaimer,≤100,1
118631361198155,Drivepeeedia,These ads ran without a disclaimer,≤100,1
104893699219640,supetersohn,These ads ran without a disclaimer,≤100,1
204223673035117,MBL - Movimento Brasil Livre,These ads ran without a disclaimer,≤100,1
164442820236221,Jeunes Vert·exs Vaud,Jeunes Vert·exs Vaud,≤100,1
180520171996876,IslamInSpanish,These ads ran without a disclaimer,≤100,2
216311481960,Bill Gates,These ads ran without a disclaimer,≤100,1
541309512604876,Verbier International School,These ads ran without a disclaimer,≤100,1
101818252232042,nicolasmsecretan,These ads ran without a disclaimer,≤100,1
118339071290748,EuroToday,These ads ran without a disclaimer,≤100,1
100608205575732,idealolife,These ads ran without a disclaimer,≤100,1
101879736296720,European News,These ads ran without a disclaimer,≤100,1
107697778980706,Migros-Pionierfonds,These ads ran without a disclaimer,≤100,1
324765221690190,The Gallery Nyon,These ads ran without a disclaimer,≤100,1
108689715241947,uncoach.unehistoire,These ads ran without a disclaimer,≤100,1
192141070816301,Orciani,These ads ran without a disclaimer,≤100,1
1640697292826768,Valiant,These ads ran without a disclaimer,≤100,1
106569706154975,Modern Expo,These ads ran without a disclaimer,≤100,1
344556287396,Penguin Bücher,These ads ran without a disclaimer,≤100,1
110034544039883,mel__prof,These ads ran without a disclaimer,≤100,1
2249754965261552,GAM,These ads ran without a disclaimer,≤100,2
120501694635455,Primum Familiae Vini,These ads ran without a disclaimer,≤100,2
108650374829229,Go Green Magazin,These ads ran without a disclaimer,≤100,1
402052193189194,Siemens,These ads ran without a disclaimer,≤100,4
1835697853318818,"Volvo Construction Equipment - Europe, Middle East and Africa",These ads ran without a disclaimer,≤100,3
107350392418432,Срочные Новости,These ads ran without a disclaimer,≤100,1
138457552871898,Live Aqua Beach Resort Cancun,These ads ran without a disclaimer,≤100,1
106803408804138,House Of Fun,These ads ran without a disclaimer,≤100,1
1220981994590364,FT Partner Content,These ads ran without a disclaimer,≤100,1
207268042645317,Macquarie Group,These ads ran without a disclaimer,≤100,1
103111309174534,Smart Fun Magazine,These ads ran without a disclaimer,≤100,1
103564366367787,MSC - Nachhaltige Fischerei,These ads ran without a disclaimer,≤100,1
349791962189803,The Bridesblush Social,These ads ran without a disclaimer,≤100,1
102795885694138,milokibullz,These ads ran without a disclaimer,≤100,1
102773638649611,Bruno Pereira,These ads ran without a disclaimer,≤100,1
106891681824425,Land MDPI,These ads ran without a disclaimer,≤100,1
130369030334301,KidsRights,These ads ran without a disclaimer,≤100,1
316496640057,7iber,These ads ran without a disclaimer,≤100,1
116555654823014,TVP info,These ads ran without a disclaimer,≤100,1
106839211891183,SATAS International,These ads ran without a disclaimer,≤100,1
102019031890024,Cooking 4 All Life,These ads ran without a disclaimer,≤100,1
1277035072390355,Battle Born Batteries,These ads ran without a disclaimer,≤100,1
107586615416417,Investments4U,These ads ran without a disclaimer,≤100,1
102635655320437,Number Match - Logic Puzzle Game,These ads ran without a disclaimer,≤100,2
1726245097497220,Cognac Frapin,These ads ran without a disclaimer,≤100,1
103766278329346,fatinharamos,These ads ran without a disclaimer,≤100,1
340577086006224,CRI German,These ads ran without a disclaimer,≤100,1
335822339798949,SALTO Participation & Information,These ads ran without a disclaimer,≤100,1
105049329308118,World News US,These ads ran without a disclaimer,≤100,1
149290745229517,Online Antisemitism Task Force,These ads ran without a disclaimer,≤100,2
100247219402175,The Clever Protagonist,These ads ran without a disclaimer,≤100,1
165525366896608,Soka Gakkai,These ads ran without a disclaimer,≤100,1
100598976023350,T Talk,These ads ran without a disclaimer,≤100,1
1244297295663794,שלמה נאמן - Shlomo Neeman,These ads ran without a disclaimer,≤100,2
102953441994382,Your Ruling Planet - Lifestyle,These ads ran without a disclaimer,≤100,2
113442788455420,Gleb Karakulov,These ads ran without a disclaimer,≤100,1
105375111407725,Agorai,These ads ran without a disclaimer,≤100,1
113504738323498,Clever Classics Media,These ads ran without a disclaimer,≤100,1
101030739685935,FB Connector 1,These ads ran without a disclaimer,≤100,1
405379246524515,DHL Express,These ads ran without a disclaimer,≤100,1
102385926250675,EU news,These ads ran without a disclaimer,≤100,1
391935651172077,Платформа соціальних змін,These ads ran without a disclaimer,≤100,1
108573474712058,Rising Gaze Productions,These ads ran without a disclaimer,≤100,1
250305668489402,Professor Kenny,These ads ran without a disclaimer,≤100,2
105548031768,Novo Nordisk,These ads ran without a disclaimer,≤100,1
476179919621255,Misbar - مسبار,These ads ran without a disclaimer,≤100,1
135156639833927,United Nations OCHA,These ads ran without a disclaimer,≤100,1
100309832136350,legoodsociety,These ads ran without a disclaimer,≤100,1
113854107066022,Turkun KILIC - Astropsy,These ads ran without a disclaimer,≤100,1
100451933698060,AdVenture Communist,These ads ran without a disclaimer,≤100,1
100576582375382,Alexandra.gorsche,These ads ran without a disclaimer,≤100,1
1417693954961034,Nario,These ads ran without a disclaimer,≤100,1
1481996415461299,EntheoNation,These ads ran without a disclaimer,≤100,1
186691125128189,Air Liquide,These ads ran without a disclaimer,≤100,1
102342747923923,Researchpod,These ads ran without a disclaimer,≤100,1
106875275519862,Morocco AM 2023,These ads ran without a disclaimer,≤100,2
107239145112173,Color Me Fun,These ads ran without a disclaimer,≤100,1
376317369783170,Afro Nation,These ads ran without a disclaimer,≤100,1
102007722513738,World Future Awards,These ads ran without a disclaimer,≤100,1
111576195102452,Funny Moments,These ads ran without a disclaimer,≤100,1
365005770288147,AIMF - Association Internationale des Maires Francophones,These ads ran without a disclaimer,≤100,1
111188005041104,The world of read,These ads ran without a disclaimer,≤100,1
1434469016796652,Mainment GmbH,These ads ran without a disclaimer,≤100,2
113058865019747,Cocobowls,These ads ran without a disclaimer,≤100,2
155438574470276,DW українською,These ads ran without a disclaimer,≤100,1
202196693162175,Le Nouvelliste,These ads ran without a disclaimer,≤100,2