﻿Page ID,Page name,Disclaimer,Amount spent (CHF)
100332749664541,Ja zum Klimaschutz-Gesetz,JA zum Klimaschutz,10266
126289610761942,Grünliberale,Grünliberale,7932
103426324579756,Ein Lohn zum Leben,Ein Lohn zum Leben,6503
131066326987,SP Kanton Zürich,SP Kanton Zürich,3053
108204507991414,Zukunft sichern,Allianz für ein JA zur OECD-Mindeststeuer,2231
97220294896,SP Schweiz,SP Schweiz,1444
119186944514904,Unabhängige Schweiz - Unabhängige Energieversorgung,Klima Allianz,1157
627220684023668,GRÜNE Zürich,Grüne Kanton Zürich,1131
122487807413337,Mehr günstige Wohnungen in Zürich,Mehr günstige Wohnungen in Zürich,990
102014399307738,Direkt,direkt,927
1483343695307824,Campax,Campax,857
84150672409,SP Stadt Zürich,SP Stadt Zürich,758
334655940216136,Nein zum Stromfresser-Gesetz,Nein zum Stromfresser-Gesetz,696
36735923253,umverkehR,umverkehR,691
15733998334,FDP,FDP,593
101715872923024,Mindestlohn NEIN,Überparteiliches Komitee NEIN zum Mindestlohn,513
105023728023626,Forum Wirtschaftsstandort Schweiz,Swissholdings,479
100109808734387,Schweizer Wirtschaft für das Klimagesetz,Schweizer Wirtschaft für das Klimagesetzt,426
147201418675114,Swissmem,Swissmem,380
194790813901953,Grüne Schweiz,Grüne Schweiz,355
141853552532665,Romana Heuberger - Stadtratskandidatin,Romana Heuberger - Stadtratskandidatin,348
100257256973322,Stark+vernetzt,stark + vernetzt,326
1199285680176885,izzy,Verein Klimaschutz Schweiz,319
135939773133793,Grüne Winterthur,Grüne Winterthur,302
375071409495559,Future 3 I de,Fondation Future 3.0,279
1524859774444235,Koalition für Konzernverantwortung,Koalition für Konzernverantwortung,269
921336971288655,Nagra,Nagra,258
146548032062281,Fastenaktion,Fastenaktion,254
349450293419,Schweizerische Energie-Stiftung SES,Schweizerische Energie-Stiftung SES,248
106321615725425,Oui à la Loi climat,Oui à la loi climat,230
179829952053386,Vert'libéraux,Parti vert'libéral Suisse,227
1886381148253031,Économie suisse pour la loi climat,Économie Suisse pour la loi climat,187
51415837765,Greenpeace Switzerland,Greenpeace Switzerland,172
179845512038427,swisscleantech,swisscleantech,155
1012263022170223,HotellerieSuisse,HotellerieSuisse,153
1220118614712552,Non à la loi sur le gaspillage de l'électricité,Non à la loi sur le gaspillage de l'électricité,151
8142847754,Jungfreisinnige Schweiz,Jungfreisinnige Schweiz,148
104434902404462,SI all' imposta minima dell'OCSE,Alleanza per la riforma dell’imposta preventiva,145
48980326364,Public Eye,Public Eye,141
309380022477251,Casafair,Casafair,136
259871484198551,Thomas Matter,Thomas Matter,133
607076092768471,Bastien Girod,Bastien Girod,132
169510248558,Die Mitte - Le Centre,Die Mitte,131
100332749664541,Ja zum Klimaschutz-Gesetz,These ads ran without a disclaimer,130
120189004335157,Marco Hottinger - Ihr bewährter Richter für den Bezirk Bülach,Marco Hottinger - Ihr bewährter Richter für den Bezirk Bülach,121
154976914534194,Save the Children Schweiz/Suisse,Save the Children Schweiz,114
1964006623854188,Christoph Zimmerli,Christoph Zimmerli,110
120189004335157,Marco Hottinger - Ihr bewährter Richter für den Bezirk Bülach,Marco Hottinger,103
103915262545181,KMU geprüft,KMU geprüft,≤100
107793295629503,Tourismus für das Klimagesetz,Tourismuskomitee «JA zum Klimagesetz»,≤100
162373287239957,SVP Schweiz,SVP Schweiz,≤100
110533229026103,EVP / PEV,EVP Schweiz,≤100
106778582237484,Noah Weber,Noah Weber,≤100
100844786282093,SÌ alla Legge clima,Sì alla legge clima,≤100
169752569742293,Schweizerischer Gewerbeverband sgv,Schweizerischer Gewerbeverband sgv,≤100
580012422156679,Grüne Stadt Dübendorf,Grüne Stadt Dübendorf,≤100
874921562604867,Katharina Prelicz-Huber,Katharina Prelicz-Huber,≤100
101012666338827,Überparteiliches Komitee DietikonFinanzierbar,Lea Sonderegger,≤100
104803175931011,Vjollca Gashi,Vjollca Vivi Gashi,≤100
82752099000,Alternative Liste ZH,Alternative Liste Zürich,≤100
100160498946252,Grüne Volketswil,Grüne Bezirk Uster,≤100
100847496372968,Ja zur Ombudsstelle Aargau,"Co-Präsidium Abstimmungskomitee ""Ja zur Ombudstelle Aargau""",≤100
202907189862969,Verdi Liberali,Parti vert'libéral Suisse,≤100
97721121385,Public Eye,Public Eye,≤100
1769803096579445,Grünliberale Bezirk Horgen,Adrian Furger,≤100
102718129475079,Ambil Sandy,Sandy Iwan Ambil,≤100
257497631736082,Gletscher-Initiative,Verein Klimaschutz Schweiz,≤100
212297922293183,UDC Suisse,UDC Suisse,≤100
510352742440847,Coalition pour des multinationales responsables,Coalition pour des multinationales responsables,≤100
513407995428696,actif-trafiC,actif-trafiC,≤100
489922187805696,Junge SVP Kanton Bern,Junge SVP Kanton Bern,≤100
143714586302267,Urs Bänziger FDP,Urs Baenziger,≤100
377292365618914,SVP Stadt Winterthur,SVP Winterthur,≤100
111081131629685,Blackout stoppen,Volksinitiative «Jederzeit Strom für alle (Blackout stoppen)»,≤100
1131283210260777,Future 3,Fondation Future 3.0,≤100
291359247729208,PS Suisse,PS Suisse,≤100
382788625100001,SP Bezirk Bremgarten,SP Bezirk Bremgarten,≤100
218538701651843,Union suisse des arts et métiers usam,Schweizerischer Gewerbeverband sgv,≤100
132497703498525,Pro Velo Schweiz,Pro Velo Schweiz,≤100
220197041662012,Kleinbauern-Vereinigung / Petits paysans,Kleinbauern-Vereinigung VKMB,≤100
104176871670876,Renteninitiative - Für eine sichere & nachhaltige Altersvorsorge,Verein Renteninitiative,≤100
335129001940,Young European Swiss - yes,young european swiss,≤100
307334649460021,Axpo,These ads ran without a disclaimer,≤100
110336161874621,Urban Husi in den Kantonsrat ZH,Urban Pius Matthäus Husi Fiechter,≤100
1524954517562834,Prominis,Prominis GmbH,≤100
101622582809771,lucaft,lucaft,≤100
348181055257294,suisse.ing - Top of Engineering,suisse.ing,≤100
1320679421302500,HabitatDurable,Casafair - HabitatDurable,≤100
158714780827513,UNFPA,These ads ran without a disclaimer,≤100
216444012216,EDU - UDF (Eidgenössisch-Demokratische Union),Eidgenössisch-Demokratische Union Schweiz,≤100
566117786851570,Përparim Avdili,Përparim Avdili,≤100
128440447895402,Jeder Tag zählt e.V.,These ads ran without a disclaimer,≤100
1092252917594218,Initiative pour les glaciers,Association suisse pour la protection du climat,≤100
2011626645562796,Andri Silberschmidt,Komitee Andri Silberschmidt,≤100
106305221949785,Grünliberale Kanton Zug,Tabea Estermann,≤100
102718129475079,Ambil Sandy,Bezirksrichterwahl,≤100
289772074451810,FDP.Die Liberalen Aargau,FDP.Die Liberalen Aargau,≤100
18087904183,PLR,PLR,≤100
2061184407484577,Grüne Amriswil,Grüne Amriswil,≤100
122482160824623,vvvote.ch,vvvote,≤100
107552952619935,WWF Schweiz,WWF Schweiz,≤100
111572431777901,Simon Michel in den Nationalrat,Simon Michel in den Nationalrat,≤100
107494077464434,Janine Vannaz,Janine Vannaz,≤100
267353906619818,Mr. Gugu & Miss Go,These ads ran without a disclaimer,≤100
163485470376910,Umweltfreisinnige St.Gallen,Umweltfreisinnige St.Gallen,≤100
21506277966,Acronis,These ads ran without a disclaimer,≤100
618765881570878,EKS,These ads ran without a disclaimer,≤100
167064773463386,SP Lyss-Busswil,SP Lyss-Busswil,≤100
143480836277942,SVP Pfäffikon ZH,These ads ran without a disclaimer,≤100
101120115685831,SVP Stäfa,Marco Andreas Vogt,≤100
102733401616452,Tanja Miljanović in den Nationalrat,Tanja Miljanović in den Nationalrat,≤100
1587118544884167,Class Clinic Turkey,These ads ran without a disclaimer,≤100
109364642176231,Yap Bussines,These ads ran without a disclaimer,≤100
467503303605894,PLR Castel San Pietro,PLR Castel San Pietro,≤100
113821883316185,Faktischversichert,These ads ran without a disclaimer,≤100
100211985747396,Klimaform,These ads ran without a disclaimer,≤100
2525584750795209,Nina Fehr Düsel,Nina Fehr Düsel,≤100
7783116506,Animals Asia,These ads ran without a disclaimer,≤100
110410464882233,My Dream World,These ads ran without a disclaimer,≤100
302737573208063,City-Märt Aarau,These ads ran without a disclaimer,≤100
185991714823016,Generali Switzerland,These ads ran without a disclaimer,≤100
106680675266009,philippplein,These ads ran without a disclaimer,≤100
114358834824489,VerpackGo,These ads ran without a disclaimer,≤100
820391221400929,Unser Stadtrat Florin Scherrer,Unser Stadtrat Florin Scherrer,≤100
121405597623802,Edge Corporation,These ads ran without a disclaimer,≤100
2366189653627118,Matthias Meier,These ads ran without a disclaimer,≤100
1951249848443600,Protect Our Winters Switzerland,Protect Our Winters Switzerland,≤100
106459178771498,Antonia Martina Durisch,Antonia Martina Durisch,≤100
110866995265754,scholarhustler,These ads ran without a disclaimer,≤100
251838211585945,SP Basel-Stadt,SP Basel-Stadt,≤100
200905173303222,SCI Switzerland,SCI Switzerland,≤100
103269145789541,Stop au blackout,Initiative populaire « De l’électricité pour tous en tout temps (Stop au blackout) »,≤100
161565800873629,Pascal Schmid,Kantonsrat Pascal Schmid,≤100
200905173303222,SCI Switzerland,"SCI Switzerland (Schweiz, Suisse, Svizzera)",≤100
366642590015503,Fssta - Fédération Suisse des Sociétés Théâtrales d'Amateurs,These ads ran without a disclaimer,≤100
285831198097799,Kloster Mariazell Wurmsbach,These ads ran without a disclaimer,≤100
1395393324064308,AKBrandStore,These ads ran without a disclaimer,≤100
104629494647727,Hypnoakademi,These ads ran without a disclaimer,≤100
763722197034246,En Développement,These ads ran without a disclaimer,≤100
112477201864050,Financial News,These ads ran without a disclaimer,≤100
1856611447688498,Naturli,These ads ran without a disclaimer,≤100
128786371108312,feed a cat,These ads ran without a disclaimer,≤100
111057444807804,Kaeā Skincare,These ads ran without a disclaimer,≤100
110339967042411,LastObject,These ads ran without a disclaimer,≤100
155438574470276,DW українською,These ads ran without a disclaimer,≤100
116981568944452,Knowledge Bucket,These ads ran without a disclaimer,≤100
107586311767908,Delicacy Estate,These ads ran without a disclaimer,≤100
119642604483174,EU News,These ads ran without a disclaimer,≤100
247193432357291,Diaspora TV  Switzerland,These ads ran without a disclaimer,≤100
10150100771335484,24 heures,These ads ran without a disclaimer,≤100
105113519280786,Hовости Европы,These ads ran without a disclaimer,≤100
103045249292781,Funnies Now - Magazine Page 3,These ads ran without a disclaimer,≤100
132004434312,Taucher.Net,These ads ran without a disclaimer,≤100
345764772110243,Sentido Hotels,These ads ran without a disclaimer,≤100
111170041995735,Velocity Consulting Group,These ads ran without a disclaimer,≤100
103874242354782,Mayra Katarina Barck,These ads ran without a disclaimer,≤100
1115002345189042,Netzwerk Culinaria,These ads ran without a disclaimer,≤100
118913564522938,Faminame Shop 118,These ads ran without a disclaimer,≤100
105241441562595,Bob's Hideout - Stories,These ads ran without a disclaimer,≤100
246422585907712,Wekeo,These ads ran without a disclaimer,≤100
282609205261913,Soy Rico,These ads ran without a disclaimer,≤100
105287668628186,Taxikomm24,These ads ran without a disclaimer,≤100
101279972995711,Hовости Дня,These ads ran without a disclaimer,≤100
100112796084881,Futbolete - Page 4,These ads ran without a disclaimer,≤100
106366135411134,Die bayerischen Hochschulen,These ads ran without a disclaimer,≤100
106867755353268,Uncharted Instant,These ads ran without a disclaimer,≤100
108568052261017,Hовости Европы,These ads ran without a disclaimer,≤100
106969792009830,ZJdob4,These ads ran without a disclaimer,≤100
113480504938094,Fun facts,These ads ran without a disclaimer,≤100
113666751733898,Alpha Advisory Group,These ads ran without a disclaimer,≤100
475160939168864,Karpos,These ads ran without a disclaimer,≤100
45651091362,Network for Animals,These ads ran without a disclaimer,≤100
109331392125801,Luana Vieira,These ads ran without a disclaimer,≤100
521870367919731,Metzgergenuss by EDEKA Südwest,These ads ran without a disclaimer,≤100
107307265128009,federicopippo,These ads ran without a disclaimer,≤100
644806275636506,CGTN Magyarul,These ads ran without a disclaimer,≤100
233543873455127,Novacolor Italia,These ads ran without a disclaimer,≤100
106688197461211,My Little Coupon,These ads ran without a disclaimer,≤100
106270215428,Wix,These ads ran without a disclaimer,≤100
109345876510,Karlshochschule International University,These ads ran without a disclaimer,≤100
165007593521801,MyFamily,These ads ran without a disclaimer,≤100
110519061420262,Fox Chill,These ads ran without a disclaimer,≤100
506970046033712,Ethletic,These ads ran without a disclaimer,≤100
368757963825913,WasteFuel,These ads ran without a disclaimer,≤100
101740135173193,Astoria Homes,These ads ran without a disclaimer,≤100
1056162421085650,Research Features,These ads ran without a disclaimer,≤100
340577086006224,CRI German,These ads ran without a disclaimer,≤100
105255219126257,dazibao_podcast,These ads ran without a disclaimer,≤100
149290745229517,Online Antisemitism Task Force,These ads ran without a disclaimer,≤100
107350711840842,Exploris - Croisières & Expéditions,These ads ran without a disclaimer,≤100
468621919972556,Stefan Gerrits Photography,These ads ran without a disclaimer,≤100
1171089929640593,Loacker,These ads ran without a disclaimer,≤100
173354946365145,Float Magazin,These ads ran without a disclaimer,≤100
608650595820049,The Conqueror Challenges,These ads ran without a disclaimer,≤100
188842724507690,مفوضية اللاجئين,These ads ran without a disclaimer,≤100
199864863421123,Halflives,These ads ran without a disclaimer,≤100
110233327812413,Les insolentes editions,These ads ran without a disclaimer,≤100
107308445713964,Velocity Growth Group,These ads ran without a disclaimer,≤100
1505333196415332,Côte d'Azur - школа французької мови,These ads ran without a disclaimer,≤100
817468355003151,Alpha Foods,These ads ran without a disclaimer,≤100
195527633503,Famille Perrin,These ads ran without a disclaimer,≤100
106407354405972,Joglo Living,These ads ran without a disclaimer,≤100
1589154051350606,FOZ - Friends of Zion Museum,These ads ran without a disclaimer,≤100
205332123261241,Знакомства RusDate,These ads ran without a disclaimer,≤100