﻿Page ID,Page name,Disclaimer,Amount spent (CHF)
100332749664541,Ja zum Klimaschutz-Gesetz,JA zum Klimaschutz,2136
126289610761942,Grünliberale,Grünliberale,1349
108204507991414,Zukunft sichern,Allianz für ein JA zur OECD-Mindeststeuer,647
119186944514904,Unabhängige Schweiz - Unabhängige Energieversorgung,Klima Allianz,520
97220294896,SP Schweiz,SP Schweiz,275
140334276690,Grüne Luzern,GRÜNE Luzern,242
334655940216136,Nein zum Stromfresser-Gesetz,Nein zum Stromfresser-Gesetz,230
15733998334,FDP,FDP,199
105023728023626,Forum Wirtschaftsstandort Schweiz,Swissholdings,150
194790813901953,Grüne Schweiz,Grüne Schweiz,137
100109808734387,Schweizer Wirtschaft für das Klimagesetz,Schweizer Wirtschaft für das Klimagesetzt,125
1483343695307824,Campax,Campax,123
36735923253,umverkehR,umverkehR,113
100125582354429,Lebenswertes Beromünster,Lebenswertes Beromünster,103
1199285680176885,izzy,Verein Klimaschutz Schweiz,≤100
1524859774444235,Koalition für Konzernverantwortung,Koalition für Konzernverantwortung,≤100
146548032062281,Fastenaktion,Fastenaktion,≤100
375071409495559,Future 3 I de,Fondation Future 3.0,≤100
147201418675114,Swissmem,Swissmem,≤100
100257256973322,Stark+vernetzt,stark + vernetzt,≤100
179845512038427,swisscleantech,swisscleantech,≤100
349450293419,Schweizerische Energie-Stiftung SES,Schweizerische Energie-Stiftung SES,≤100
1012263022170223,HotellerieSuisse,HotellerieSuisse,≤100
309380022477251,Casafair,Casafair,≤100
1886381148253031,Économie suisse pour la loi climat,Économie Suisse pour la loi climat,≤100
8142847754,Jungfreisinnige Schweiz,Jungfreisinnige Schweiz,≤100
106321615725425,Oui à la Loi climat,Oui à la loi climat,≤100
169510248558,Die Mitte - Le Centre,Die Mitte,≤100
100332749664541,Ja zum Klimaschutz-Gesetz,These ads ran without a disclaimer,≤100
107793295629503,Tourismus für das Klimagesetz,Tourismuskomitee «JA zum Klimagesetz»,≤100
104434902404462,SI all' imposta minima dell'OCSE,Alleanza per la riforma dell’imposta preventiva,≤100
103915262545181,KMU geprüft,KMU geprüft,≤100
110533229026103,EVP / PEV,EVP Schweiz,≤100
162373287239957,SVP Schweiz,SVP Schweiz,≤100
48980326364,Public Eye,Public Eye,≤100
1220118614712552,Non à la loi sur le gaspillage de l'électricité,Non à la loi sur le gaspillage de l'électricité,≤100
51415837765,Greenpeace Switzerland,Greenpeace Switzerland,≤100
1964006623854188,Christoph Zimmerli,Christoph Zimmerli,≤100
122482160824623,vvvote.ch,vvvote,≤100
154976914534194,Save the Children Schweiz/Suisse,Save the Children Schweiz,≤100
102014399307738,Direkt,direkt,≤100
169752569742293,Schweizerischer Gewerbeverband sgv,Schweizerischer Gewerbeverband sgv,≤100
179829952053386,Vert'libéraux,Parti vert'libéral Suisse,≤100
100844786282093,SÌ alla Legge clima,Sì alla legge clima,≤100
100389251799156,Die Berner Arbeitgeber.,Der Berner Arbeitgeber.,≤100
921336971288655,Nagra,Nagra,≤100
259871484198551,Thomas Matter,Thomas Matter,≤100
489922187805696,Junge SVP Kanton Bern,Junge SVP Kanton Bern,≤100
100847496372968,Ja zur Ombudsstelle Aargau,"Co-Präsidium Abstimmungskomitee ""Ja zur Ombudstelle Aargau""",≤100
1809601932701449,Michael Töngi,Michael Töngi,≤100
102718129475079,Ambil Sandy,Sandy Iwan Ambil,≤100
167983071434,SP Kriens,SP Kriens,≤100
257497631736082,Gletscher-Initiative,Verein Klimaschutz Schweiz,≤100
106305221949785,Grünliberale Kanton Zug,Tabea Estermann,≤100
202907189862969,Verdi Liberali,Parti vert'libéral Suisse,≤100
97721121385,Public Eye,Public Eye,≤100
114402201659859,IG Eigentümer Bösch,These ads ran without a disclaimer,≤100
220197041662012,Kleinbauern-Vereinigung / Petits paysans,Kleinbauern-Vereinigung VKMB,≤100
218538701651843,Union suisse des arts et métiers usam,Schweizerischer Gewerbeverband sgv,≤100
106311266104289,Die Mitte Kanton Luzern,Die Mitte Kanton Luzern,≤100
212297922293183,UDC Suisse,UDC Suisse,≤100
1524954517562834,Prominis,Prominis GmbH,≤100
335129001940,Young European Swiss - yes,young european swiss,≤100
104176871670876,Renteninitiative - Für eine sichere & nachhaltige Altersvorsorge,Verein Renteninitiative,≤100
132497703498525,Pro Velo Schweiz,Pro Velo Schweiz,≤100
251838211585945,SP Basel-Stadt,SP Basel-Stadt,≤100
111081131629685,Blackout stoppen,Volksinitiative «Jederzeit Strom für alle (Blackout stoppen)»,≤100
307334649460021,Axpo,These ads ran without a disclaimer,≤100
1131283210260777,Future 3,Fondation Future 3.0,≤100
510352742440847,Coalition pour des multinationales responsables,Coalition pour des multinationales responsables,≤100
513407995428696,actif-trafiC,actif-trafiC,≤100
291359247729208,PS Suisse,PS Suisse,≤100
1320679421302500,HabitatDurable,Casafair - HabitatDurable,≤100
21506277966,Acronis,These ads ran without a disclaimer,≤100
102718129475079,Ambil Sandy,Bezirksrichterwahl,≤100
348181055257294,suisse.ing - Top of Engineering,suisse.ing,≤100
289772074451810,FDP.Die Liberalen Aargau,FDP.Die Liberalen Aargau,≤100
107552952619935,WWF Schweiz,WWF Schweiz,≤100
18087904183,PLR,PLR,≤100
1092252917594218,Initiative pour les glaciers,Association suisse pour la protection du climat,≤100
103269145789541,Stop au blackout,Initiative populaire « De l’électricité pour tous en tout temps (Stop au blackout) »,≤100
163485470376910,Umweltfreisinnige St.Gallen,Umweltfreisinnige St.Gallen,≤100
167064773463386,SP Lyss-Busswil,SP Lyss-Busswil,≤100
128440447895402,Jeder Tag zählt e.V.,These ads ran without a disclaimer,≤100
2061184407484577,Grüne Amriswil,Grüne Amriswil,≤100
109364642176231,Yap Bussines,These ads ran without a disclaimer,≤100
820391221400929,Unser Stadtrat Florin Scherrer,Unser Stadtrat Florin Scherrer,≤100
216444012216,EDU - UDF (Eidgenössisch-Demokratische Union),Eidgenössisch-Demokratische Union Schweiz,≤100
101012666338827,Überparteiliches Komitee DietikonFinanzierbar,Lea Sonderegger,≤100
158714780827513,UNFPA,These ads ran without a disclaimer,≤100
1587118544884167,Class Clinic Turkey,These ads ran without a disclaimer,≤100
102733401616452,Tanja Miljanović in den Nationalrat,Tanja Miljanović in den Nationalrat,≤100
113821883316185,Faktischversichert,These ads ran without a disclaimer,≤100
1951249848443600,Protect Our Winters Switzerland,Protect Our Winters Switzerland,≤100
267353906619818,Mr. Gugu & Miss Go,These ads ran without a disclaimer,≤100
100211985747396,Klimaform,These ads ran without a disclaimer,≤100
101120115685831,SVP Stäfa,Marco Andreas Vogt,≤100
2525584750795209,Nina Fehr Düsel,Nina Fehr Düsel,≤100
302737573208063,City-Märt Aarau,These ads ran without a disclaimer,≤100
467503303605894,PLR Castel San Pietro,PLR Castel San Pietro,≤100
185991714823016,Generali Switzerland,These ads ran without a disclaimer,≤100
106459178771498,Antonia Martina Durisch,Antonia Martina Durisch,≤100
285831198097799,Kloster Mariazell Wurmsbach,These ads ran without a disclaimer,≤100
2366189653627118,Matthias Meier,These ads ran without a disclaimer,≤100
104629494647727,Hypnoakademi,These ads ran without a disclaimer,≤100
107586311767908,Delicacy Estate,These ads ran without a disclaimer,≤100
366642590015503,Fssta - Fédération Suisse des Sociétés Théâtrales d'Amateurs,These ads ran without a disclaimer,≤100
110866995265754,scholarhustler,These ads ran without a disclaimer,≤100
200905173303222,SCI Switzerland,SCI Switzerland,≤100
101740135173193,Astoria Homes,These ads ran without a disclaimer,≤100
200905173303222,SCI Switzerland,"SCI Switzerland (Schweiz, Suisse, Svizzera)",≤100
82752099000,Alternative Liste ZH,Alternative Liste Zürich,≤100
1769803096579445,Grünliberale Bezirk Horgen,Adrian Furger,≤100
143480836277942,SVP Pfäffikon ZH,These ads ran without a disclaimer,≤100
111572431777901,Simon Michel in den Nationalrat,Simon Michel in den Nationalrat,≤100
103520459311864,Oliver Dürr in den Nationalrat,Oliver Dürr in den Nationalrat,≤100
131189377574,MDPI,These ads ran without a disclaimer,≤100
345764772110243,Sentido Hotels,These ads ran without a disclaimer,≤100
114358834824489,VerpackGo,These ads ran without a disclaimer,≤100
246422585907712,Wekeo,These ads ran without a disclaimer,≤100
110410464882233,My Dream World,These ads ran without a disclaimer,≤100
763722197034246,En Développement,These ads ran without a disclaimer,≤100
132004434312,Taucher.Net,These ads ran without a disclaimer,≤100
7783116506,Animals Asia,These ads ran without a disclaimer,≤100
1395393324064308,AKBrandStore,These ads ran without a disclaimer,≤100
45651091362,Network for Animals,These ads ran without a disclaimer,≤100
107308445713964,Velocity Growth Group,These ads ran without a disclaimer,≤100
105287668628186,Taxikomm24,These ads ran without a disclaimer,≤100
155438574470276,DW українською,These ads ran without a disclaimer,≤100
106969792009830,ZJdob4,These ads ran without a disclaimer,≤100
112855575162016,Amanda A.,These ads ran without a disclaimer,≤100
106867755353268,Uncharted Instant,These ads ran without a disclaimer,≤100
233543873455127,Novacolor Italia,These ads ran without a disclaimer,≤100
112477201864050,Financial News,These ads ran without a disclaimer,≤100
205332123261241,Знакомства RusDate,These ads ran without a disclaimer,≤100
106366135411134,Die bayerischen Hochschulen,These ads ran without a disclaimer,≤100
506970046033712,Ethletic,These ads ran without a disclaimer,≤100
475160939168864,Karpos,These ads ran without a disclaimer,≤100
101853479470366,Weregreenly,These ads ran without a disclaimer,≤100
1171089929640593,Loacker,These ads ran without a disclaimer,≤100
173354946365145,Float Magazin,These ads ran without a disclaimer,≤100
154087694129,Causeur.fr,These ads ran without a disclaimer,≤100
188842724507690,مفوضية اللاجئين,These ads ran without a disclaimer,≤100
110233327812413,Les insolentes editions,These ads ran without a disclaimer,≤100
1505333196415332,Côte d'Azur - школа французької мови,These ads ran without a disclaimer,≤100
1856611447688498,Naturli,These ads ran without a disclaimer,≤100
107159445466912,Giraffe Hackz,These ads ran without a disclaimer,≤100