﻿Page ID,Page name,Disclaimer,Amount spent (CHF)
100332749664541,Ja zum Klimaschutz-Gesetz,JA zum Klimaschutz,7148
126289610761942,Grünliberale,Grünliberale,3423
108204507991414,Zukunft sichern,Allianz für ein JA zur OECD-Mindeststeuer,1350
119186944514904,Unabhängige Schweiz - Unabhängige Energieversorgung,Klima Allianz,1207
106321615725425,Oui à la Loi climat,Oui à la loi climat,1203
97220294896,SP Schweiz,SP Schweiz,782
216444012216,EDU - UDF (Eidgenössisch-Demokratische Union),Eidgenössisch-Demokratische Union Schweiz,509
334655940216136,Nein zum Stromfresser-Gesetz,Nein zum Stromfresser-Gesetz,462
115646168191821,Gebührenwahnsinn-Nein,Komitee gegen den Gebührenwahnsinn,438
194790813901953,Grüne Schweiz,Grüne Schweiz,423
100389251799156,Die Berner Arbeitgeber.,Der Berner Arbeitgeber.,412
1483343695307824,Campax,Campax,355
105023728023626,Forum Wirtschaftsstandort Schweiz,Swissholdings,329
15733998334,FDP,FDP,292
100109808734387,Schweizer Wirtschaft für das Klimagesetz,Schweizer Wirtschaft für das Klimagesetzt,276
1220118614712552,Non à la loi sur le gaspillage de l'électricité,Non à la loi sur le gaspillage de l'électricité,229
36735923253,umverkehR,umverkehR,225
108508838895507,2x JA zu den Parkier- und Parkkartengebühren,2x JA zu den Parkier- und Parkkartengebühren,196
18087904183,PLR,PLR,196
147201418675114,Swissmem,Swissmem,191
375071409495559,Future 3 I de,Fondation Future 3.0,190
1524859774444235,Koalition für Konzernverantwortung,Koalition für Konzernverantwortung,178
146548032062281,Fastenaktion,Fastenaktion,156
309380022477251,Casafair,Casafair,153
1886381148253031,Économie suisse pour la loi climat,Économie Suisse pour la loi climat,152
1199285680176885,izzy,Verein Klimaschutz Schweiz,144
349450293419,Schweizerische Energie-Stiftung SES,Schweizerische Energie-Stiftung SES,124
179845512038427,swisscleantech,swisscleantech,117
179829952053386,Vert'libéraux,Parti vert'libéral Suisse,112
1012263022170223,HotellerieSuisse,HotellerieSuisse,107
122482160824623,vvvote.ch,vvvote,≤100
142664095796912,GRÜNE Kanton Bern,GRÜNE Kanton Bern,≤100
8142847754,Jungfreisinnige Schweiz,Jungfreisinnige Schweiz,≤100
291359247729208,PS Suisse,PS Suisse,≤100
107793295629503,Tourismus für das Klimagesetz,Tourismuskomitee «JA zum Klimagesetz»,≤100
110533229026103,EVP / PEV,EVP Schweiz,≤100
48980326364,Public Eye,Public Eye,≤100
513407995428696,actif-trafiC,actif-trafiC,≤100
1320679421302500,HabitatDurable,Casafair - HabitatDurable,≤100
100332749664541,Ja zum Klimaschutz-Gesetz,These ads ran without a disclaimer,≤100
169510248558,Die Mitte - Le Centre,Die Mitte,≤100
51415837765,Greenpeace Switzerland,Greenpeace Switzerland,≤100
154976914534194,Save the Children Schweiz/Suisse,Save the Children Schweiz,≤100
162373287239957,SVP Schweiz,SVP Schweiz,≤100
1964006623854188,Christoph Zimmerli,Christoph Zimmerli,≤100
104434902404462,SI all' imposta minima dell'OCSE,Alleanza per la riforma dell’imposta preventiva,≤100
212297922293183,UDC Suisse,UDC Suisse,≤100
489922187805696,Junge SVP Kanton Bern,Junge SVP Kanton Bern,≤100
103915262545181,KMU geprüft,KMU geprüft,≤100
1131283210260777,Future 3,Fondation Future 3.0,≤100
169752569742293,Schweizerischer Gewerbeverband sgv,Schweizerischer Gewerbeverband sgv,≤100
259871484198551,Thomas Matter,Thomas Matter,≤100
102014399307738,Direkt,direkt,≤100
510352742440847,Coalition pour des multinationales responsables,Coalition pour des multinationales responsables,≤100
921336971288655,Nagra,Nagra,≤100
251838211585945,SP Basel-Stadt,SP Basel-Stadt,≤100
97721121385,Public Eye,Public Eye,≤100
100844786282093,SÌ alla Legge clima,Sì alla legge clima,≤100
100847496372968,Ja zur Ombudsstelle Aargau,"Co-Präsidium Abstimmungskomitee ""Ja zur Ombudstelle Aargau""",≤100
257497631736082,Gletscher-Initiative,Verein Klimaschutz Schweiz,≤100
114991241616639,Jan Köbeli,Jan Köbeli,≤100
2068625050104664,Jeunes Vert•e•x•s Suisse,Junge Grüne Schweiz,≤100
218538701651843,Union suisse des arts et métiers usam,Schweizerischer Gewerbeverband sgv,≤100
220197041662012,Kleinbauern-Vereinigung / Petits paysans,Kleinbauern-Vereinigung VKMB,≤100
1092252917594218,Initiative pour les glaciers,Association suisse pour la protection du climat,≤100
389006641956517,Natalie Imboden,Natalie Imboden,≤100
111081131629685,Blackout stoppen,Volksinitiative «Jederzeit Strom für alle (Blackout stoppen)»,≤100
202907189862969,Verdi Liberali,Parti vert'libéral Suisse,≤100
1524954517562834,Prominis,Prominis GmbH,≤100
132497703498525,Pro Velo Schweiz,Pro Velo Schweiz,≤100
348181055257294,suisse.ing - Top of Engineering,suisse.ing,≤100
366642590015503,Fssta - Fédération Suisse des Sociétés Théâtrales d'Amateurs,These ads ran without a disclaimer,≤100
335129001940,Young European Swiss - yes,young european swiss,≤100
103520459311864,Oliver Dürr in den Nationalrat,Oliver Dürr in den Nationalrat,≤100
128440447895402,Jeder Tag zählt e.V.,These ads ran without a disclaimer,≤100
107552952619935,WWF Schweiz,WWF Schweiz,≤100
307334649460021,Axpo,These ads ran without a disclaimer,≤100
103269145789541,Stop au blackout,Initiative populaire « De l’électricité pour tous en tout temps (Stop au blackout) »,≤100
2061184407484577,Grüne Amriswil,Grüne Amriswil,≤100
102733401616452,Tanja Miljanović in den Nationalrat,Tanja Miljanović,≤100
102718129475079,Ambil Sandy,Sandy Iwan Ambil,≤100
21506277966,Acronis,These ads ran without a disclaimer,≤100
110410464882233,My Dream World,These ads ran without a disclaimer,≤100
104176871670876,Renteninitiative - Für eine sichere & nachhaltige Altersvorsorge,Verein Renteninitiative,≤100
1587118544884167,Class Clinic Turkey,These ads ran without a disclaimer,≤100
102733401616452,Tanja Miljanović in den Nationalrat,Tanja Miljanović in den Nationalrat,≤100
113821883316185,Faktischversichert,These ads ran without a disclaimer,≤100
158714780827513,UNFPA,These ads ran without a disclaimer,≤100
106969792009830,ZJdob4,These ads ran without a disclaimer,≤100
101120115685831,SVP Stäfa,Marco Andreas Vogt,≤100
167064773463386,SP Lyss-Busswil,SP Lyss-Busswil,≤100
109364642176231,Yap Bussines,These ads ran without a disclaimer,≤100
185991714823016,Generali Switzerland,These ads ran without a disclaimer,≤100
267353906619818,Mr. Gugu & Miss Go,These ads ran without a disclaimer,≤100
467503303605894,PLR Castel San Pietro,PLR Castel San Pietro,≤100
2366189653627118,Matthias Meier,These ads ran without a disclaimer,≤100
1951249848443600,Protect Our Winters Switzerland,Protect Our Winters Switzerland,≤100
106311266104289,Die Mitte Kanton Luzern,Die Mitte Kanton Luzern,≤100
820391221400929,Unser Stadtrat Florin Scherrer,Unser Stadtrat Florin Scherrer,≤100
102718129475079,Ambil Sandy,Bezirksrichterwahl,≤100
302737573208063,City-Märt Aarau,These ads ran without a disclaimer,≤100
1171089929640593,Loacker,These ads ran without a disclaimer,≤100
163485470376910,Umweltfreisinnige St.Gallen,Umweltfreisinnige St.Gallen,≤100
285831198097799,Kloster Mariazell Wurmsbach,These ads ran without a disclaimer,≤100
200905173303222,SCI Switzerland,"SCI Switzerland (Schweiz, Suisse, Svizzera)",≤100
289772074451810,FDP.Die Liberalen Aargau,FDP.Die Liberalen Aargau,≤100
105079264953230,Landschaftsinitiative / Initiative paysage / Iniziativa paesaggio,These ads ran without a disclaimer,≤100
200905173303222,SCI Switzerland,SCI Switzerland,≤100
763722197034246,En Développement,These ads ran without a disclaimer,≤100
1395393324064308,AKBrandStore,These ads ran without a disclaimer,≤100
203742079691384,Les Libres Riviera,Les Libres Riviera,≤100
364457210935073,Vert'libéraux Valais / Grünliberale Wallis,Vert'libéraux Valais / Grünliberale Wallis,≤100
7783116506,Animals Asia,These ads ran without a disclaimer,≤100
110866995265754,scholarhustler,These ads ran without a disclaimer,≤100
106270215428,Wix,These ads ran without a disclaimer,≤100
764858193642975,"Pierre-André Page, Conseiller National",Pierre André Page,≤100
111572431777901,Simon Michel in den Nationalrat,Simon Michel in den Nationalrat,≤100
1856611447688498,Naturli,These ads ran without a disclaimer,≤100
247193432357291,Diaspora TV  Switzerland,These ads ran without a disclaimer,≤100
112477201864050,Financial News,These ads ran without a disclaimer,≤100
119642604483174,EU News,These ads ran without a disclaimer,≤100
103874242354782,Mayra Katarina Barck,These ads ran without a disclaimer,≤100
188842724507690,مفوضية اللاجئين,These ads ran without a disclaimer,≤100
105056881344026,Bean Supply,These ads ran without a disclaimer,≤100
106688197461211,My Little Coupon,These ads ran without a disclaimer,≤100
270052016419167,Pauline Nordin,These ads ran without a disclaimer,≤100
100710325930950,der_stefan_aus_wien,These ads ran without a disclaimer,≤100
101251482995100,Financial News,These ads ran without a disclaimer,≤100
105255219126257,dazibao_podcast,These ads ran without a disclaimer,≤100
128786371108312,feed a cat,These ads ran without a disclaimer,≤100
110609498711130,Articulate Consulting,These ads ran without a disclaimer,≤100
68177528749,Polytechnique Insights,These ads ran without a disclaimer,≤100
100211985747396,Klimaform,These ads ran without a disclaimer,≤100
101321096071417,aksuniamoon_official,These ads ran without a disclaimer,≤100
110233327812413,Les insolentes editions,These ads ran without a disclaimer,≤100
45651091362,Network for Animals,These ads ran without a disclaimer,≤100
1996540253944322,ebm-papst,These ads ran without a disclaimer,≤100
246422585907712,Wekeo,These ads ran without a disclaimer,≤100
1505333196415332,Côte d'Azur - школа французької мови,These ads ran without a disclaimer,≤100
110339967042411,LastObject,These ads ran without a disclaimer,≤100
475160939168864,Karpos,These ads ran without a disclaimer,≤100
113666751733898,Alpha Advisory Group,These ads ran without a disclaimer,≤100
1589154051350606,FOZ - Friends of Zion Museum,These ads ran without a disclaimer,≤100
345764772110243,Sentido Hotels,These ads ran without a disclaimer,≤100
108212175624967,Penny Bussines,These ads ran without a disclaimer,≤100
105287668628186,Taxikomm24,These ads ran without a disclaimer,≤100
173354946365145,Float Magazin,These ads ran without a disclaimer,≤100
106867755353268,Uncharted Instant,These ads ran without a disclaimer,≤100
109331392125801,Luana Vieira,These ads ran without a disclaimer,≤100
114358834824489,VerpackGo,These ads ran without a disclaimer,≤100
107308445713964,Velocity Growth Group,These ads ran without a disclaimer,≤100
105113519280786,Hовости Европы,These ads ran without a disclaimer,≤100
100408139141307,Concerts Lovers,These ads ran without a disclaimer,≤100
132004434312,Taucher.Net,These ads ran without a disclaimer,≤100
102631788494879,dpdgroup_news,These ads ran without a disclaimer,≤100
111170041995735,Velocity Consulting Group,These ads ran without a disclaimer,≤100
116981568944452,Knowledge Bucket,These ads ran without a disclaimer,≤100
108568052261017,Hовости Европы,These ads ran without a disclaimer,≤100
608650595820049,The Conqueror Challenges,These ads ran without a disclaimer,≤100
106366135411134,Die bayerischen Hochschulen,These ads ran without a disclaimer,≤100
233543873455127,Novacolor Italia,These ads ran without a disclaimer,≤100
205332123261241,Знакомства RusDate,These ads ran without a disclaimer,≤100
107586311767908,Delicacy Estate,These ads ran without a disclaimer,≤100
199864863421123,Halflives,These ads ran without a disclaimer,≤100
340577086006224,CRI German,These ads ran without a disclaimer,≤100
112855575162016,Amanda A.,These ads ran without a disclaimer,≤100
155438574470276,DW українською,These ads ran without a disclaimer,≤100
174139447607014,Sport Foy - Magazine,These ads ran without a disclaimer,≤100
165007593521801,MyFamily,These ads ran without a disclaimer,≤100
109130471907904,Stolybook,These ads ran without a disclaimer,≤100
468621919972556,Stefan Gerrits Photography,These ads ran without a disclaimer,≤100
506970046033712,Ethletic,These ads ran without a disclaimer,≤100