﻿Page ID,Page name,Disclaimer,Amount spent (CHF)
97220294896,SP Schweiz,SP Schweiz,219
618765881570878,EKS,Elektrizitätswerk des Kantons Schaffhausen AG,209
100332749664541,Ja zum Klimaschutz-Gesetz,JA zum Klimaschutz,120
126289610761942,Grünliberale,Grünliberale,≤100
107793295629503,Tourismus für das Klimagesetz,Tourismuskomitee «JA zum Klimagesetz»,≤100
1659576160959696,Guido Fluri Stiftung,Guido Fluri Stiftung,≤100
349450293419,Schweizerische Energie-Stiftung SES,Schweizerische Energie-Stiftung SES,≤100
102014399307738,Direkt,direkt,≤100
169510248558,Die Mitte - Le Centre,Die Mitte,≤100
108204507991414,Zukunft sichern,Allianz für ein JA zur OECD-Mindeststeuer,≤100
309380022477251,Casafair,Casafair,≤100
257497631736082,Gletscher-Initiative,Verein Klimaschutz Schweiz,≤100
191859734164694,Pro Infirmis,Pro Infirmis,≤100
334655940216136,Nein zum Stromfresser-Gesetz,Nein zum Stromfresser-Gesetz,≤100
103915262545181,KMU geprüft,KMU geprüft,≤100
1027844850652657,Boomerang Ideas,Boomerang Ideas AG,≤100
255506388731408,Biodiversitätsinitiative / Initiative biodiversité,Biodiversitätsinitiative / Initiative biodiversité,≤100
51415837765,Greenpeace Switzerland,Greenpeace Switzerland,≤100
8142847754,Jungfreisinnige Schweiz,Jungfreisinnige Schweiz,≤100
48980326364,Public Eye,Public Eye,≤100
169752569742293,Schweizerischer Gewerbeverband sgv,Schweizerischer Gewerbeverband sgv,≤100
15733998334,FDP,FDP,≤100
1483343695307824,Campax,Campax,≤100
100257256973322,Stark+vernetzt,stark + vernetzt,≤100
154976914534194,Save the Children Schweiz/Suisse,Save the Children Schweiz,≤100
162373287239957,SVP Schweiz,SVP Schweiz,≤100
921336971288655,Nagra,Nagra,≤100
300470840045078,Sanitas Krankenversicherung,These ads ran without a disclaimer,≤100
348181055257294,suisse.ing - Top of Engineering,suisse.ing,≤100
106321615725425,Oui à la Loi climat,Oui à la loi climat,≤100
100109808734387,Schweizer Wirtschaft für das Klimagesetz,Schweizer Wirtschaft für das Klimagesetzt,≤100
259871484198551,Thomas Matter,Thomas Matter,≤100
36735923253,umverkehR,umverkehR,≤100
125466200895962,Valentin Landmann,Sven Kunz,≤100
218538701651843,Union suisse des arts et métiers usam,Schweizerischer Gewerbeverband sgv,≤100
132497703498525,Pro Velo Schweiz,Pro Velo Schweiz,≤100
179829952053386,Vert'libéraux,Parti vert'libéral Suisse,≤100
104803175931011,Vjollca Gashi,Vjollca Vivi Gashi,≤100
200905173303222,"SCI Switzerland (Schweiz, Suisse, Svizzera)","SCI Switzerland (Schweiz, Suisse, Svizzera)",≤100
141853552532665,Romana Heuberger - Stadtratskandidatin,Romana Heuberger - Stadtratskandidatin,≤100
1320679421302500,HabitatDurable,Casafair - HabitatDurable,≤100
133969887250137,BeWanted Colombia,These ads ran without a disclaimer,≤100
220197041662012,Kleinbauern-Vereinigung / Petits paysans,Kleinbauern-Vereinigung VKMB,≤100
18087904183,PLR,PLR,≤100
167064773463386,SP Lyss-Busswil,SP Lyss-Busswil,≤100
267353906619818,Mr. Gugu & Miss Go,These ads ran without a disclaimer,≤100
102718129475079,Ambil Sandy,Sandy Iwan Ambil,≤100
1220118614712552,Non à la loi sur le gaspillage de l'électricité,Non à la loi sur le gaspillage de l'électricité,≤100
212297922293183,UDC Suisse,UDC Suisse,≤100
102733401616452,Tanja Miljanović in den Nationalrat,Tanja Miljanović,≤100
291359247729208,PS Suisse,PS Suisse,≤100
97721121385,Public Eye,Public Eye,≤100
120189004335157,Marco Hottinger - Ihr bewährter Richter für den Bezirk Bülach,Marco Hottinger,≤100
230540700832458,Big Pun,These ads ran without a disclaimer,≤100
122482160824623,vvvote.ch,These ads ran without a disclaimer,≤100
84150672409,SP Stadt Zürich,SP Stadt Zürich,≤100
1886381148253031,Économie suisse pour la loi climat,Économie Suisse pour la loi climat,≤100
114765408250059,Срочные новости,These ads ran without a disclaimer,≤100
344350632579733,Comedy16,These ads ran without a disclaimer,≤100
189239015887,Beobachter,These ads ran without a disclaimer,≤100
820391221400929,Unser Stadtrat Florin Scherrer,Unser Stadtrat Florin Scherrer,≤100
131066326987,SP Kanton Zürich,SP Kanton Zürich,≤100
145845125487053,"Jürg Grossen, Präsident Grünliberale",Jürg Grossen,≤100
143714586302267,Urs Bänziger FDP,Urs Baenziger,≤100
19746387261,Humane Society International,These ads ran without a disclaimer,≤100
108091988358295,Travels All Abroad,These ads ran without a disclaimer,≤100
101442025614806,Chancellor,These ads ran without a disclaimer,≤100
165081833518086,G Premacy,These ads ran without a disclaimer,≤100
107440971775130,aquaphor.de,These ads ran without a disclaimer,≤100
105389598931029,Eco4live,These ads ran without a disclaimer,≤100
135816069903817,Dirk Kreuter,These ads ran without a disclaimer,≤100
1051543115032031,NuunOfficial,These ads ran without a disclaimer,≤100