﻿Page ID,Page name,Disclaimer,Amount spent (CHF)
106321615725425,Oui à la Loi climat,Oui à la loi climat,370
291359247729208,PS Suisse,PS Suisse,228
100332749664541,Ja zum Klimaschutz-Gesetz,JA zum Klimaschutz,163
97220294896,SP Schweiz,SP Schweiz,141
1320679421302500,HabitatDurable,Casafair - HabitatDurable,139
126289610761942,Grünliberale,Grünliberale,137
191859734164694,Pro Infirmis,Pro Infirmis,118
107793295629503,Tourismus für das Klimagesetz,Tourismuskomitee «JA zum Klimagesetz»,116
169510248558,Die Mitte - Le Centre,Die Mitte,106
179829952053386,Vert'libéraux,Parti vert'libéral Suisse,≤100
349450293419,Schweizerische Energie-Stiftung SES,Schweizerische Energie-Stiftung SES,≤100
1659576160959696,Guido Fluri Stiftung,Guido Fluri Stiftung,≤100
257497631736082,Gletscher-Initiative,Verein Klimaschutz Schweiz,≤100
535897123124799,Jeunes Libéraux-Radicaux Suisse,Jeunes Libéraux-Radicaux Suisses,≤100
103915262545181,KMU geprüft,KMU geprüft,≤100
18087904183,PLR,PLR,≤100
108204507991414,Zukunft sichern,Allianz für ein JA zur OECD-Mindeststeuer,≤100
348181055257294,suisse.ing - Top of Engineering,suisse.ing,≤100
1220118614712552,Non à la loi sur le gaspillage de l'électricité,Non à la loi sur le gaspillage de l'électricité,≤100
212297922293183,UDC Suisse,UDC Suisse,≤100
169752569742293,Schweizerischer Gewerbeverband sgv,Schweizerischer Gewerbeverband sgv,≤100
255506388731408,Biodiversitätsinitiative / Initiative biodiversité,Biodiversitätsinitiative / Initiative biodiversité,≤100
1027844850652657,Boomerang Ideas,Boomerang Ideas AG,≤100
154976914534194,Save the Children Schweiz/Suisse,Save the Children Schweiz,≤100
175478195846132,Les Vert·e·s suisses,Grüne Schweiz,≤100
309380022477251,Casafair,Casafair,≤100
203742079691384,Les Libres Riviera,Les Libres Riviera,≤100
97721121385,Public Eye,Public Eye,≤100
334655940216136,Nein zum Stromfresser-Gesetz,Nein zum Stromfresser-Gesetz,≤100
51415837765,Greenpeace Switzerland,Greenpeace Switzerland,≤100
103550668590403,Mieux vivre sa vie,Mieux Vivre Sa Vie,≤100
36735923253,umverkehR,umverkehR,≤100
1886381148253031,Économie suisse pour la loi climat,Économie Suisse pour la loi climat,≤100
121607420925633,Catherine Meyer in den Nationalrat,Wahlkommitee Catherine Meyer,≤100
102014399307738,Direkt,direkt,≤100
921336971288655,Nagra,Nagra,≤100
200905173303222,"SCI Switzerland (Schweiz, Suisse, Svizzera)","SCI Switzerland (Schweiz, Suisse, Svizzera)",≤100
1483343695307824,Campax,Campax,≤100
100257256973322,Stark+vernetzt,stark + vernetzt,≤100
162373287239957,SVP Schweiz,SVP Schweiz,≤100
132497703498525,Pro Velo Schweiz,Pro Velo Schweiz,≤100
15733998334,FDP,FDP,≤100
218538701651843,Union suisse des arts et métiers usam,Schweizerischer Gewerbeverband sgv,≤100
48980326364,Public Eye,Public Eye,≤100
220197041662012,Kleinbauern-Vereinigung / Petits paysans,Kleinbauern-Vereinigung VKMB,≤100
300470840045078,Sanitas Krankenversicherung,These ads ran without a disclaimer,≤100
117275531631620,Le Centre Fribourg-Ville / Die Mitte Stadt Freiburg,Le Centre Fribourg-Ville / Die Mitte Stadt Freiburg,≤100
100109808734387,Schweizer Wirtschaft für das Klimagesetz,Schweizer Wirtschaft für das Klimagesetzt,≤100
145845125487053,"Jürg Grossen, Präsident Grünliberale",Jürg Grossen,≤100
167064773463386,SP Lyss-Busswil,SP Lyss-Busswil,≤100
467929373784855,COA - Coalition animaliste,Coalition animaliste (COA),≤100
521455467972838,Gewerbeverband Berner KMU,These ads ran without a disclaimer,≤100
165081833518086,G Premacy,These ads ran without a disclaimer,≤100
259871484198551,Thomas Matter,Thomas Matter,≤100
125466200895962,Valentin Landmann,Sven Kunz,≤100
102733401616452,Tanja Miljanović in den Nationalrat,Tanja Miljanović,≤100
763722197034246,En Développement,These ads ran without a disclaimer,≤100
358905024317782,UDC Neuchâtel,UDC Neuchâtel,≤100
133969887250137,BeWanted Colombia,These ads ran without a disclaimer,≤100
267353906619818,Mr. Gugu & Miss Go,These ads ran without a disclaimer,≤100
101442025614806,Chancellor,These ads ran without a disclaimer,≤100
344350632579733,Comedy16,These ads ran without a disclaimer,≤100
135816069903817,Dirk Kreuter,These ads ran without a disclaimer,≤100
364457210935073,Vert'libéraux Valais / Grünliberale Wallis,Vert'libéraux Valais / Grünliberale Wallis,≤100
122482160824623,vvvote.ch,These ads ran without a disclaimer,≤100
101849728551147,Fun Break Central,These ads ran without a disclaimer,≤100
100116156110843,Stop al blackout,Iniziativa popolare «Energia elettrica in ogni tempo per tutti (Stop al blackout)»,≤100
245489546137580,Christoph Riner - bodenständige Politik,Christoph Riner - bodenständige Politik,≤100
105188432853984,Tribune de Genève,These ads ran without a disclaimer,≤100
111529661884207,Netzwerk Gesundheit und Soziales Oberbaselbiet,Netzwerk Gesundheit und Soziales Oberbaselbiet,≤100
820632578063685,Any Working Mom,These ads ran without a disclaimer,≤100
1051543115032031,NuunOfficial,These ads ran without a disclaimer,≤100
1646078942340668,International Federation For The Roofing Trade,These ads ran without a disclaimer,≤100
114765408250059,Срочные новости,These ads ran without a disclaimer,≤100
102426519271664,Free Easy Search,These ads ran without a disclaimer,≤100
107440971775130,aquaphor.de,These ads ran without a disclaimer,≤100
109157008010513,Alveda,These ads ran without a disclaimer,≤100
19746387261,Humane Society International,These ads ran without a disclaimer,≤100
103624969146867,kind_heart_foundation1,These ads ran without a disclaimer,≤100
108091988358295,Travels All Abroad,These ads ran without a disclaimer,≤100
487359271292536,Greator,These ads ran without a disclaimer,≤100
230540700832458,Big Pun,These ads ran without a disclaimer,≤100
106227118235466,IamExpat in Switzerland,These ads ran without a disclaimer,≤100