﻿Page ID,Page name,Disclaimer,Amount spent (CHF)
349450293419,Schweizerische Energie-Stiftung SES,Schweizerische Energie-Stiftung SES,≤100
105527252338650,perspektiveschweiz.ch,IG Wirtschaftsverbände,≤100
15733998334,FDP,FDP,≤100
104176871670876,Renteninitiative - Für eine sichere & nachhaltige Altersvorsorge,Verein Renteninitiative,≤100
48980326364,Public Eye,Public Eye,≤100
1524859774444235,Koalition für Konzernverantwortung,Koalition für Konzernverantwortung,≤100
102014399307738,Direkt,direkt,≤100
1919422915011017,Republik,Republik AG,≤100
154976914534194,Save the Children Schweiz/Suisse,Save the Children Schweiz,≤100
51415837765,Greenpeace Switzerland,Greenpeace Switzerland,≤100
169752569742293,Schweizerischer Gewerbeverband sgv,Schweizerischer Gewerbeverband sgv,≤100
169510248558,Die Mitte - Le Centre,Die Mitte,≤100
111081131629685,Blackout stoppen,Volksinitiative «Jederzeit Strom für alle (Blackout stoppen)»,≤100
478040605021,Junge Grüne Schweiz,Junge Grüne Schweiz,≤100
921336971288655,Nagra,Nagra,≤100
8142847754,Jungfreisinnige Schweiz,Jungfreisinnige Schweiz,≤100
105885535599394,Coach Cecil,These ads ran without a disclaimer,≤100
259871484198551,Thomas Matter,Thomas Matter,≤100
125466200895962,Valentin Landmann,Sven Kunz,≤100
100116156110843,Stop al blackout,Iniziativa popolare «Energia elettrica in ogni tempo per tutti (Stop al blackout)»,≤100
115134174862244,perspectivesuisse.ch,IG Wirtschaftsverbände,≤100
2068625050104664,Jeunes Vert•e•x•s Suisse,Junge Grüne Schweiz,≤100
100109808734387,Schweizer Wirtschaft für das Klimagesetz,Schweizer Wirtschaft für das Klimagesetzt,≤100
18087904183,PLR,PLR,≤100
104379448378069,eyerepublic.co,These ads ran without a disclaimer,≤100
103119077874616,Bunt_lieben,bunt_lieben,≤100
291504744242501,Lega dei Ticinesi - sezione Chiasso,Stefano Tonini,≤100
106964611977537,Switlo,Switlo,≤100
97721121385,Public Eye,Public Eye,≤100
105785675757412,Happy,These ads ran without a disclaimer,≤100
510352742440847,Coalition pour des multinationales responsables,Coalition pour des multinationales responsables,≤100
1951249848443600,Protect Our Winters Switzerland,Protect Our Winters Switzerland,≤100
101176682686881,Caldwell Hutchinson,These ads ran without a disclaimer,≤100
102251318064432,Organon,These ads ran without a disclaimer,≤100
291359247729208,PS Suisse,PS Suisse,≤100
103269145789541,Stop au blackout,Initiative populaire « De l’électricité pour tous en tout temps (Stop au blackout) »,≤100
73757131621,Flyerline Schweiz AG,These ads ran without a disclaimer,≤100
36735923253,umverkehR,umverkehR,≤100
105188432853984,Tribune de Genève,These ads ran without a disclaimer,≤100
123698491019029,Lombard Odier Group,These ads ran without a disclaimer,≤100
277968945636666,The Mediterranean Biennale,These ads ran without a disclaimer,≤100
98673036962,ROLDA,These ads ran without a disclaimer,≤100
100580799666914,Brown Humid,These ads ran without a disclaimer,≤100
101749628198714,Promova,These ads ran without a disclaimer,≤100
177085642309256,ELEKTRONIKPRAXIS,These ads ran without a disclaimer,≤100
100615205068784,moncourage,These ads ran without a disclaimer,≤100
104281381774959,University of Cambridge Online,These ads ran without a disclaimer,≤100
110357013717466,Loot4Games.gg,These ads ran without a disclaimer,≤100
108090722253322,HL Connection #1,These ads ran without a disclaimer,≤100
573479073162001,Lendarchitektur,These ads ran without a disclaimer,≤100
104444729065513,Victoria Segovia,These ads ran without a disclaimer,≤100
181622395207310,HANNOVER MESSE,These ads ran without a disclaimer,≤100
100689636310150,Waokeem-EU,These ads ran without a disclaimer,≤100
100613551665739,GROW MY TREE,These ads ran without a disclaimer,≤100
537872126249267,Червоний Хрест України,These ads ran without a disclaimer,≤100
1468015706558049,Moodys Tax,These ads ran without a disclaimer,≤100