﻿Page ID,Page name,Disclaimer,Amount spent (CHF)
349450293419,Schweizerische Energie-Stiftung SES,Schweizerische Energie-Stiftung SES,719
131066326987,SP Kanton Zürich,SP Kanton Zürich,303
599025353636034,B Lab Switzerland,B LAB (SWITZERLAND),295
97220294896,SP Schweiz,SP Schweiz,267
48980326364,Public Eye,Public Eye,181
84150672409,SP Stadt Zürich,SP Stadt Zürich,168
1524859774444235,Koalition für Konzernverantwortung,Koalition für Konzernverantwortung,151
154976914534194,Save the Children Schweiz/Suisse,Save the Children Schweiz,128
1919422915011017,Republik,Republik AG,≤100
15733998334,FDP,FDP,≤100
51415837765,Greenpeace Switzerland,Greenpeace Switzerland,≤100
105527252338650,perspektiveschweiz.ch,IG Wirtschaftsverbände,≤100
1483343695307824,Campax,Campax,≤100
102014399307738,Direkt,direkt,≤100
169510248558,Die Mitte - Le Centre,Die Mitte,≤100
478040605021,Junge Grüne Schweiz,Junge Grüne Schweiz,≤100
111081131629685,Blackout stoppen,Volksinitiative «Jederzeit Strom für alle (Blackout stoppen)»,≤100
105885535599394,Coach Cecil,These ads ran without a disclaimer,≤100
169752569742293,Schweizerischer Gewerbeverband sgv,Schweizerischer Gewerbeverband sgv,≤100
106964611977537,Switlo,Switlo,≤100
125466200895962,Valentin Landmann,Sven Kunz,≤100
2068625050104664,Jeunes Vert•e•x•s Suisse,Junge Grüne Schweiz,≤100
921336971288655,Nagra,Nagra,≤100
135939773133793,Grüne Winterthur,Grüne Winterthur,≤100
8142847754,Jungfreisinnige Schweiz,Jungfreisinnige Schweiz,≤100
259871484198551,Thomas Matter,Thomas Matter,≤100
104379448378069,eyerepublic.co,These ads ran without a disclaimer,≤100
36735923253,umverkehR,umverkehR,≤100
510352742440847,Coalition pour des multinationales responsables,Coalition pour des multinationales responsables,≤100
115134174862244,perspectivesuisse.ch,IG Wirtschaftsverbände,≤100
18087904183,PLR,PLR,≤100
101120115685831,SVP Stäfa,SVP Stäfa,≤100
100116156110843,Stop al blackout,Iniziativa popolare «Energia elettrica in ogni tempo per tutti (Stop al blackout)»,≤100
103119077874616,Bunt_lieben,bunt_lieben,≤100
100109808734387,Schweizer Wirtschaft für das Klimagesetz,Schweizer Wirtschaft für das Klimagesetzt,≤100
97721121385,Public Eye,Public Eye,≤100
291504744242501,Lega dei Ticinesi - sezione Chiasso,Stefano Tonini,≤100
123698491019029,Lombard Odier Group,These ads ran without a disclaimer,≤100
291359247729208,PS Suisse,PS Suisse,≤100
7783116506,Animals Asia,These ads ran without a disclaimer,≤100
181622395207310,HANNOVER MESSE,These ads ran without a disclaimer,≤100
1951249848443600,Protect Our Winters Switzerland,Protect Our Winters Switzerland,≤100
168761183826173,Gewerkschaftsbund Schaffhausen GBS,Gewerkschaftsbund Schaffhausen GBS,≤100
223727604375090,EVP Frauenfeld,EVP Frauenfeld,≤100
102251318064432,Organon,These ads ran without a disclaimer,≤100
1468015706558049,Moodys Tax,These ads ran without a disclaimer,≤100
101176682686881,Caldwell Hutchinson,These ads ran without a disclaimer,≤100
888626258006362,"Barbara Gysi, Nationalrätin SP",Barbara Gysi,≤100
101749628198714,Promova,These ads ran without a disclaimer,≤100
567417573785872,RefLab,These ads ran without a disclaimer,≤100
103269145789541,Stop au blackout,Initiative populaire « De l’électricité pour tous en tout temps (Stop au blackout) »,≤100
105785675757412,Happy,These ads ran without a disclaimer,≤100
100689636310150,Waokeem-EU,These ads ran without a disclaimer,≤100
73757131621,Flyerline Schweiz AG,These ads ran without a disclaimer,≤100
8002590959,Rainforest Action Network - RAN,These ads ran without a disclaimer,≤100
100381452863244,Libertés et Justice sociale,Libertés et Justice sociale,≤100
98673036962,ROLDA,These ads ran without a disclaimer,≤100
111212451618875,"БО ""БФ ""Свобода України""",These ads ran without a disclaimer,≤100
537872126249267,Червоний Хрест України,These ads ran without a disclaimer,≤100
2015601845405680,SP Frauenfeld,These ads ran without a disclaimer,≤100
245489546137580,Christoph Riner - bodenständige Politik,Christoph Riner - bodenständige Politik,≤100
105188432853984,Tribune de Genève,These ads ran without a disclaimer,≤100
146481695371146,"มูลนิธิเพื่อสุนัขในซอย, ประเทศไทย (Soi Dog - in Thai)",These ads ran without a disclaimer,≤100
100525605800075,Meet and Greet,These ads ran without a disclaimer,≤100
100979089555293,Jose Bedoya,These ads ran without a disclaimer,≤100
100873646120505,Glücklich nachhaltig,These ads ran without a disclaimer,≤100
100764512756947,Epishine AB,These ads ran without a disclaimer,≤100
340577086006224,CRI German,These ads ran without a disclaimer,≤100
1656590977890066,IDEO U,These ads ran without a disclaimer,≤100
1780873898794956,Këshilli i Bashkësisë Islame në Preshevë,These ads ran without a disclaimer,≤100
101787968733573,New to Money,These ads ran without a disclaimer,≤100
110357013717466,Loot4Games.gg,These ads ran without a disclaimer,≤100
101409961834360,Anja Glivar - Tierrechtsaktivistin,These ads ran without a disclaimer,≤100
100615205068784,moncourage,These ads ran without a disclaimer,≤100
112107928867115,Вясна. Правы чалавека ў Беларусі / Viasna. Human rights in Belarus,These ads ran without a disclaimer,≤100
105699708610413,The Kyiv Independent,These ads ran without a disclaimer,≤100
100490729492964,Sebastian Bello,These ads ran without a disclaimer,≤100
760185027711926,Scientific Feed,These ads ran without a disclaimer,≤100
108090722253322,HL Connection #1,These ads ran without a disclaimer,≤100
150793518281117,Covestro,These ads ran without a disclaimer,≤100
763722197034246,En Développement,These ads ran without a disclaimer,≤100
573479073162001,Lendarchitektur,These ads ran without a disclaimer,≤100
177706515594669,Azimut Yachts,These ads ran without a disclaimer,≤100
101609735054610,Laughter Lifestyle,These ads ran without a disclaimer,≤100
177085642309256,ELEKTRONIKPRAXIS,These ads ran without a disclaimer,≤100
109918548540213,Leading History,These ads ran without a disclaimer,≤100
100627069630168,Cecília Martins,These ads ran without a disclaimer,≤100
366107457198874,Rise of Kingdoms,These ads ran without a disclaimer,≤100
104444729065513,Victoria Segovia,These ads ran without a disclaimer,≤100
277968945636666,The Mediterranean Biennale,These ads ran without a disclaimer,≤100
111014438406253,Trendyspread shop1,These ads ran without a disclaimer,≤100
478297078923452,Big Easy Believer,These ads ran without a disclaimer,≤100
114973231566708,24EU FN,These ads ran without a disclaimer,≤100
598865763613819,Institute for Zen Leadership,These ads ran without a disclaimer,≤100
104571188687767,Chill Read,These ads ran without a disclaimer,≤100
100772842566473,helodeoliveira_35,These ads ran without a disclaimer,≤100
232479886816529,Cambridge Institute for Sustainability Leadership,These ads ran without a disclaimer,≤100
1179605638874368,The Social Tribune,These ads ran without a disclaimer,≤100
927057930973841,Dagmara Szymańska Autor Embrace Therapy,These ads ran without a disclaimer,≤100
104281381774959,University of Cambridge Online,These ads ran without a disclaimer,≤100
100580799666914,Brown Humid,These ads ran without a disclaimer,≤100
188140874572413,Fundación Charles Darwin,These ads ran without a disclaimer,≤100
217519028785017,Nature Research Custom Media,These ads ran without a disclaimer,≤100
100613551665739,GROW MY TREE,These ads ran without a disclaimer,≤100