﻿Page ID,Page name,Disclaimer,Amount spent (CHF)
599025353636034,B Lab Switzerland,B LAB (SWITZERLAND),924
291359247729208,PS Suisse,PS Suisse,226
103550668590403,Mieux vivre sa vie,Mieux Vivre Sa Vie,200
1054282644596776,GE-démocratie,GE-démocratie,176
18087904183,PLR,PLR,125
48980326364,Public Eye,Public Eye,110
510352742440847,Coalition pour des multinationales responsables,Coalition pour des multinationales responsables,103
115134174862244,perspectivesuisse.ch,IG Wirtschaftsverbände,≤100
349450293419,Schweizerische Energie-Stiftung SES,Schweizerische Energie-Stiftung SES,≤100
154976914534194,Save the Children Schweiz/Suisse,Save the Children Schweiz,≤100
105527252338650,perspektiveschweiz.ch,IG Wirtschaftsverbände,≤100
1419223321733027,Parti Socialiste Vaudois,PS vaudois,≤100
2068625050104664,Jeunes Vert•e•x•s Suisse,Junge Grüne Schweiz,≤100
169510248558,Die Mitte - Le Centre,Die Mitte,≤100
1524859774444235,Koalition für Konzernverantwortung,Koalition für Konzernverantwortung,≤100
102014399307738,Direkt,direkt,≤100
921336971288655,Nagra,Nagra,≤100
535897123124799,Jeunes Libéraux-Radicaux Suisse,Jeunes Libéraux-Radicaux Suisses,≤100
104460881166122,Pro Natura Valais / Wallis,Pro Natura Valais / Wallis,≤100
169752569742293,Schweizerischer Gewerbeverband sgv,Schweizerischer Gewerbeverband sgv,≤100
259871484198551,Thomas Matter,Thomas Matter,≤100
110481348648633,Ludivine-Luy-Lovey au Conseil National 2023,Ludivine Luy Lovey,≤100
111081131629685,Blackout stoppen,Volksinitiative «Jederzeit Strom für alle (Blackout stoppen)»,≤100
15733998334,FDP,FDP,≤100
478040605021,Junge Grüne Schweiz,Junge Grüne Schweiz,≤100
51415837765,Greenpeace Switzerland,Greenpeace Switzerland,≤100
103269145789541,Stop au blackout,Initiative populaire « De l’électricité pour tous en tout temps (Stop au blackout) »,≤100
104379448378069,eyerepublic.co,These ads ran without a disclaimer,≤100
106964611977537,Switlo,Switlo,≤100
103119077874616,Bunt_lieben,bunt_lieben,≤100
1919422915011017,Republik,Republik AG,≤100
105885535599394,Coach Cecil,These ads ran without a disclaimer,≤100
97721121385,Public Eye,Public Eye,≤100
158820214312321,Citations Ron Hubbard,Mieux Vivre Sa Vie,≤100
122819208305170,Sauvegarde Genève,Sauvegarde Genève,≤100
291504744242501,Lega dei Ticinesi - sezione Chiasso,Stefano Tonini,≤100
100116156110843,Stop al blackout,Iniziativa popolare «Energia elettrica in ogni tempo per tutti (Stop al blackout)»,≤100
763722197034246,En Développement,These ads ran without a disclaimer,≤100
123698491019029,Lombard Odier Group,These ads ran without a disclaimer,≤100
102251318064432,Organon,These ads ran without a disclaimer,≤100
101749628198714,Promova,These ads ran without a disclaimer,≤100
103033805478591,Carole-Anne Kast,Carole-Anne Kast,≤100
100381452863244,Libertés et Justice sociale,Libertés et Justice sociale,≤100
7783116506,Animals Asia,These ads ran without a disclaimer,≤100
105188432853984,Tribune de Genève,These ads ran without a disclaimer,≤100
1951249848443600,Protect Our Winters Switzerland,Protect Our Winters Switzerland,≤100
125466200895962,Valentin Landmann,Sven Kunz,≤100
309380022477251,Casafair,Casafair,≤100
100109808734387,Schweizer Wirtschaft für das Klimagesetz,Schweizer Wirtschaft für das Klimagesetzt,≤100
181622395207310,HANNOVER MESSE,These ads ran without a disclaimer,≤100
105785675757412,Happy,These ads ran without a disclaimer,≤100
36735923253,umverkehR,umverkehR,≤100
1468015706558049,Moodys Tax,These ads ran without a disclaimer,≤100
101176682686881,Caldwell Hutchinson,These ads ran without a disclaimer,≤100
238982909481105,Les Vert·e·s Genevois·es,Les Vert-e-s genevois-es,≤100
100873646120505,Glücklich nachhaltig,These ads ran without a disclaimer,≤100
108653381700336,Parc naturel régional de la Vallée du Trient,These ads ran without a disclaimer,≤100
10150100771335484,24 heures,These ads ran without a disclaimer,≤100
101664679500421,Uni·es par nos convictions · Engagé·es pour Genève,Uni·es par nos convictions · Engagé·es pour Genève,≤100
111212451618875,"БО ""БФ ""Свобода України""",These ads ran without a disclaimer,≤100
1798175947119500,Epishine,These ads ran without a disclaimer,≤100
73757131621,Flyerline Schweiz AG,These ads ran without a disclaimer,≤100
102470965836621,Sustainability MDPI,These ads ran without a disclaimer,≤100
100408139141307,Concerts Lovers,These ads ran without a disclaimer,≤100
153063591397681,Amazon Web Services,These ads ran without a disclaimer,≤100
107977331797625,My New Trends,These ads ran without a disclaimer,≤100
111014438406253,Trendyspread shop1,These ads ran without a disclaimer,≤100
340577086006224,CRI German,These ads ran without a disclaimer,≤100
100979089555293,Jose Bedoya,These ads ran without a disclaimer,≤100
98673036962,ROLDA,These ads ran without a disclaimer,≤100
598865763613819,Institute for Zen Leadership,These ads ran without a disclaimer,≤100
1780873898794956,Këshilli i Bashkësisë Islame në Preshevë,These ads ran without a disclaimer,≤100
104281381774959,University of Cambridge Online,These ads ran without a disclaimer,≤100
100615205068784,moncourage,These ads ran without a disclaimer,≤100
444347906369155,Transitions et Énergies,These ads ran without a disclaimer,≤100
573479073162001,Lendarchitektur,These ads ran without a disclaimer,≤100
105962449139113,ChatBox,These ads ran without a disclaimer,≤100
150793518281117,Covestro,These ads ran without a disclaimer,≤100
927057930973841,Dagmara Szymańska Autor Embrace Therapy,These ads ran without a disclaimer,≤100
104571188687767,Chill Read,These ads ran without a disclaimer,≤100
131664893560695,Origins OSU,These ads ran without a disclaimer,≤100
101787968733573,New to Money,These ads ran without a disclaimer,≤100
366107457198874,Rise of Kingdoms,These ads ran without a disclaimer,≤100
101873315256177,PSRC - Parti socialiste région Cossonay,These ads ran without a disclaimer,≤100
148799861816516,Al-Anwar Al-Najafyia Foundation,These ads ran without a disclaimer,≤100
1391216441106894,Wirtschaftsagentur Wien - Vienna Business Agency,These ads ran without a disclaimer,≤100
100613551665739,GROW MY TREE,These ads ran without a disclaimer,≤100
102927745740374,FAHC,These ads ran without a disclaimer,≤100
8002590959,Rainforest Action Network - RAN,These ads ran without a disclaimer,≤100
232479886816529,Cambridge Institute for Sustainability Leadership,These ads ran without a disclaimer,≤100
104444729065513,Victoria Segovia,These ads ran without a disclaimer,≤100
105743361735500,New to Money Português,These ads ran without a disclaimer,≤100
277968945636666,The Mediterranean Biennale,These ads ran without a disclaimer,≤100
100689636310150,Waokeem-EU,These ads ran without a disclaimer,≤100
107071248451159,Société Créatrice,These ads ran without a disclaimer,≤100
537872126249267,Червоний Хрест України,These ads ran without a disclaimer,≤100