﻿Page ID,Page name,Disclaimer,Amount spent (CHF)
1741098286126301,Die Mitte Appenzell Ausserrhoden,Die Mitte Appenzell Ausserrhoden,≤100
349450293419,Schweizerische Energie-Stiftung SES,Schweizerische Energie-Stiftung SES,≤100
599025353636034,B Lab Switzerland,B LAB (SWITZERLAND),≤100
1524859774444235,Koalition für Konzernverantwortung,Koalition für Konzernverantwortung,≤100
48980326364,Public Eye,Public Eye,≤100
15733998334,FDP,FDP,≤100
1919422915011017,Republik,Republik AG,≤100
102014399307738,Direkt,direkt,≤100
154976914534194,Save the Children Schweiz/Suisse,Save the Children Schweiz,≤100
105885535599394,Coach Cecil,These ads ran without a disclaimer,≤100
51415837765,Greenpeace Switzerland,Greenpeace Switzerland,≤100
169510248558,Die Mitte - Le Centre,Die Mitte,≤100
111081131629685,Blackout stoppen,Volksinitiative «Jederzeit Strom für alle (Blackout stoppen)»,≤100
478040605021,Junge Grüne Schweiz,Junge Grüne Schweiz,≤100
8142847754,Jungfreisinnige Schweiz,Jungfreisinnige Schweiz,≤100
125466200895962,Valentin Landmann,Sven Kunz,≤100
169752569742293,Schweizerischer Gewerbeverband sgv,Schweizerischer Gewerbeverband sgv,≤100
921336971288655,Nagra,Nagra,≤100
259871484198551,Thomas Matter,Thomas Matter,≤100
888626258006362,"Barbara Gysi, Nationalrätin SP",Barbara Gysi,≤100
100109808734387,Schweizer Wirtschaft für das Klimagesetz,Schweizer Wirtschaft für das Klimagesetzt,≤100
2068625050104664,Jeunes Vert•e•x•s Suisse,Junge Grüne Schweiz,≤100
115134174862244,perspectivesuisse.ch,IG Wirtschaftsverbände,≤100
18087904183,PLR,PLR,≤100
103119077874616,Bunt_lieben,bunt_lieben,≤100
106964611977537,Switlo,Switlo,≤100
291504744242501,Lega dei Ticinesi - sezione Chiasso,Stefano Tonini,≤100
1951249848443600,Protect Our Winters Switzerland,Protect Our Winters Switzerland,≤100
100116156110843,Stop al blackout,Iniziativa popolare «Energia elettrica in ogni tempo per tutti (Stop al blackout)»,≤100
97721121385,Public Eye,Public Eye,≤100
105527252338650,perspektiveschweiz.ch,IG Wirtschaftsverbände,≤100
510352742440847,Coalition pour des multinationales responsables,Coalition pour des multinationales responsables,≤100
36735923253,umverkehR,umverkehR,≤100
100381452863244,Libertés et Justice sociale,Libertés et Justice sociale,≤100
73757131621,Flyerline Schweiz AG,These ads ran without a disclaimer,≤100
107377835575567,Ronity,These ads ran without a disclaimer,≤100
100615205068784,moncourage,These ads ran without a disclaimer,≤100
105785675757412,Happy,These ads ran without a disclaimer,≤100
101749628198714,Promova,These ads ran without a disclaimer,≤100
104379448378069,eyerepublic.co,These ads ran without a disclaimer,≤100
181622395207310,HANNOVER MESSE,These ads ran without a disclaimer,≤100