﻿Page ID,Page name,Disclaimer,Amount spent (CHF)
100332749664541,Ja zum Klimaschutz-Gesetz,JA zum Klimaschutz,≤100
1027844850652657,Boomerang Ideas,Boomerang Ideas AG,≤100
191859734164694,Pro Infirmis,Pro Infirmis,≤100
349450293419,Schweizerische Energie-Stiftung SES,Schweizerische Energie-Stiftung SES,≤100
169510248558,Die Mitte - Le Centre,Die Mitte,≤100
106459178771498,Antonia Martina Durisch,Antonia Martina Durisch,≤100
103237956032492,Willy Portmann,Willy Portmann,≤100
108204507991414,Zukunft sichern,Allianz für ein JA zur OECD-Mindeststeuer,≤100
97220294896,SP Schweiz,SP Schweiz,≤100
1659576160959696,Guido Fluri Stiftung,Guido Fluri Stiftung,≤100
255506388731408,Biodiversitätsinitiative / Initiative biodiversité,Biodiversitätsinitiative / Initiative biodiversité,≤100
15733998334,FDP,FDP,≤100
48980326364,Public Eye,Public Eye,≤100
169752569742293,Schweizerischer Gewerbeverband sgv,Schweizerischer Gewerbeverband sgv,≤100
599025353636034,B Lab Switzerland,B LAB (SWITZERLAND),≤100
106964611977537,Switlo,Switlo,≤100
921336971288655,Nagra,Nagra,≤100
257497631736082,Gletscher-Initiative,Verein Klimaschutz Schweiz,≤100
154976914534194,Save the Children Schweiz/Suisse,Save the Children Schweiz,≤100
8142847754,Jungfreisinnige Schweiz,Jungfreisinnige Schweiz,≤100
103915262545181,KMU geprüft,KMU geprüft,≤100
102014399307738,Direkt,direkt,≤100
97721121385,Public Eye,Public Eye,≤100
111081131629685,Blackout stoppen,Volksinitiative «Jederzeit Strom für alle (Blackout stoppen)»,≤100
51415837765,Greenpeace Switzerland,Greenpeace Switzerland,≤100
220197041662012,Kleinbauern-Vereinigung / Petits paysans,Kleinbauern-Vereinigung VKMB,≤100
125466200895962,Valentin Landmann,Sven Kunz,≤100
1483343695307824,Campax,Campax,≤100
105527252338650,perspektiveschweiz.ch,IG Wirtschaftsverbände,≤100
18087904183,PLR,PLR,≤100
132497703498525,Pro Velo Schweiz,Pro Velo Schweiz,≤100
354548604968651,Peter Metzinger Gemeinderat FDP Dietikon,Peter Alois Metzinger,≤100
1575444522744962,Nils Fiechter,Nils Fiechter,≤100
291359247729208,PS Suisse,PS Suisse,≤100
102718129475079,Ambil Sandy,Sandy Iwan Ambil,≤100
183441641693664,Philippe Nantermod,Etude Philippe Nantermod Sàrl,≤100
172348652806226,DEKRA,These ads ran without a disclaimer,≤100
1393128654260543,talendo,These ads ran without a disclaimer,≤100
784812424962943,Tele Z,TELE Z,≤100
108625789179165,Soi Dog Foundation,These ads ran without a disclaimer,≤100
784812424962943,Tele Z,These ads ran without a disclaimer,≤100
135816069903817,Dirk Kreuter,These ads ran without a disclaimer,≤100
163017527046459,Jungheinrich,These ads ran without a disclaimer,≤100
654086281432152,Société pour les peuples menacés Suisse - SPM,These ads ran without a disclaimer,≤100
106227118235466,IamExpat in Switzerland,These ads ran without a disclaimer,≤100
115134174862244,perspectivesuisse.ch,IG Wirtschaftsverbände,≤100
107494077464434,Janine Vannaz,Janine Vannaz,≤100
145845125487053,"Jürg Grossen, Präsident Grünliberale",Jürg Grossen,≤100
107552952619935,WWF Schweiz,WWF Schweiz,≤100
110198429024146,Grünliberale Dielsdorf,These ads ran without a disclaimer,≤100
181890091876904,Medair,These ads ran without a disclaimer,≤100
467503303605894,PLR Castel San Pietro,PLR Castel San Pietro,≤100
1643396942585509,Adventerra Games,These ads ran without a disclaimer,≤100
103344742624341,Skarb narodowy,These ads ran without a disclaimer,≤100
111969398555528,События Дня,These ads ran without a disclaimer,≤100
538981346500133,Rotho,These ads ran without a disclaimer,≤100
109135987977596,Mazzarò Sea Palace,These ads ran without a disclaimer,≤100
109023530752200,Changing Markets Foundation,These ads ran without a disclaimer,≤100
185927128110913,SMA Solar Technology,These ads ran without a disclaimer,≤100
101176682686881,Caldwell Hutchinson,These ads ran without a disclaimer,≤100
491603277588348,VTA Group,These ads ran without a disclaimer,≤100
103015059417615,emp_one,These ads ran without a disclaimer,≤100
117720231300445,Важно Знать,These ads ran without a disclaimer,≤100
102072599470181,Advanced Trading,These ads ran without a disclaimer,≤100
149693388517002,Equiwent int. Pferde- & Kinderhilfe,These ads ran without a disclaimer,≤100
109381070613028,THE CLIMATE CHOICE,These ads ran without a disclaimer,≤100
845293775587671,Statista France,These ads ran without a disclaimer,≤100
35779367485,Pure London,These ads ran without a disclaimer,≤100
103022776117511,Сводка новостей,These ads ran without a disclaimer,≤100
110318858712956,Новости Европы,These ads ran without a disclaimer,≤100
136266656430479,Volkswagen R,These ads ran without a disclaimer,≤100
12185972707,350.org,These ads ran without a disclaimer,≤100
108166048910328,Срочные Новости,These ads ran without a disclaimer,≤100
344556287396,Penguin Bücher,These ads ran without a disclaimer,≤100
1390745591150821,NRC - Norwegian Refugee Council,These ads ran without a disclaimer,≤100
358660427653741,UBS Formula 1,These ads ran without a disclaimer,≤100
102964102556890,Bettermanly - Magazine page 2,These ads ran without a disclaimer,≤100
547115755657303,ReThink Daylight,These ads ran without a disclaimer,≤100
108232155430828,Lawyer Jan,These ads ran without a disclaimer,≤100
98673036962,ROLDA,These ads ran without a disclaimer,≤100
100374392742057,Weregreenly- Magazine,These ads ran without a disclaimer,≤100
805945416454845,veikko_bartel,These ads ran without a disclaimer,≤100
121191740953524,Новости Европы,These ads ran without a disclaimer,≤100
608650595820049,The Conqueror Challenges,These ads ran without a disclaimer,≤100
2569346123080290,Biznis Centar,These ads ran without a disclaimer,≤100
100582266255364,International Molecular Plant Protection Congress,These ads ran without a disclaimer,≤100