﻿Page ID,Page name,Disclaimer,Amount spent (CHF)
100332749664541,Ja zum Klimaschutz-Gesetz,JA zum Klimaschutz,689
191859734164694,Pro Infirmis,Pro Infirmis,560
349450293419,Schweizerische Energie-Stiftung SES,Schweizerische Energie-Stiftung SES,437
169510248558,Die Mitte - Le Centre,Die Mitte,425
1027844850652657,Boomerang Ideas,Boomerang Ideas AG,277
108204507991414,Zukunft sichern,Allianz für ein JA zur OECD-Mindeststeuer,203
97220294896,SP Schweiz,SP Schweiz,179
102014399307738,Direkt,direkt,177
255506388731408,Biodiversitätsinitiative / Initiative biodiversité,Biodiversitätsinitiative / Initiative biodiversité,140
1659576160959696,Guido Fluri Stiftung,Guido Fluri Stiftung,122
15733998334,FDP,FDP,118
48980326364,Public Eye,Public Eye,108
169752569742293,Schweizerischer Gewerbeverband sgv,Schweizerischer Gewerbeverband sgv,≤100
145845125487053,"Jürg Grossen, Präsident Grünliberale",Jürg Grossen,≤100
265786100439644,Grüne Freie Liste Stadt Bern,Grüne Freie Liste Stadt Bern,≤100
599025353636034,B Lab Switzerland,B LAB (SWITZERLAND),≤100
97721121385,Public Eye,Public Eye,≤100
257497631736082,Gletscher-Initiative,Verein Klimaschutz Schweiz,≤100
291359247729208,PS Suisse,PS Suisse,≤100
18087904183,PLR,PLR,≤100
921336971288655,Nagra,Nagra,≤100
154976914534194,Save the Children Schweiz/Suisse,Save the Children Schweiz,≤100
103915262545181,KMU geprüft,KMU geprüft,≤100
102733401616452,Tanja Miljanović in den Nationalrat,Tanja Miljanović,≤100
8142847754,Jungfreisinnige Schweiz,Jungfreisinnige Schweiz,≤100
111081131629685,Blackout stoppen,Volksinitiative «Jederzeit Strom für alle (Blackout stoppen)»,≤100
51415837765,Greenpeace Switzerland,Greenpeace Switzerland,≤100
220197041662012,Kleinbauern-Vereinigung / Petits paysans,Kleinbauern-Vereinigung VKMB,≤100
1483343695307824,Campax,Campax,≤100
1575444522744962,Nils Fiechter,Nils Fiechter,≤100
125466200895962,Valentin Landmann,Sven Kunz,≤100
218538701651843,Union suisse des arts et métiers usam,Schweizerischer Gewerbeverband sgv,≤100
265786100439644,Grüne Freie Liste Stadt Bern,Grüne Freie Liste Bern,≤100
105527252338650,perspektiveschweiz.ch,IG Wirtschaftsverbände,≤100
132497703498525,Pro Velo Schweiz,Pro Velo Schweiz,≤100
784812424962943,Tele Z,TELE Z,≤100
149693388517002,Equiwent int. Pferde- & Kinderhilfe,These ads ran without a disclaimer,≤100
183441641693664,Philippe Nantermod,Etude Philippe Nantermod Sàrl,≤100
1393128654260543,talendo,These ads ran without a disclaimer,≤100
354548604968651,Peter Metzinger Gemeinderat FDP Dietikon,Peter Alois Metzinger,≤100
103269145789541,Stop au blackout,Initiative populaire « De l’électricité pour tous en tout temps (Stop au blackout) »,≤100
115134174862244,perspectivesuisse.ch,IG Wirtschaftsverbände,≤100
784812424962943,Tele Z,These ads ran without a disclaimer,≤100
172348652806226,DEKRA,These ads ran without a disclaimer,≤100
538981346500133,Rotho,These ads ran without a disclaimer,≤100
185927128110913,SMA Solar Technology,These ads ran without a disclaimer,≤100
108625789179165,Soi Dog Foundation,These ads ran without a disclaimer,≤100
344556287396,Penguin Bücher,These ads ran without a disclaimer,≤100
100116156110843,Stop al blackout,Iniziativa popolare «Energia elettrica in ogni tempo per tutti (Stop al blackout)»,≤100
491603277588348,VTA Group,These ads ran without a disclaimer,≤100
109381070613028,THE CLIMATE CHOICE,These ads ran without a disclaimer,≤100
547115755657303,ReThink Daylight,These ads ran without a disclaimer,≤100
108232155430828,Lawyer Jan,These ads ran without a disclaimer,≤100
163017527046459,Jungheinrich,These ads ran without a disclaimer,≤100
654086281432152,Société pour les peuples menacés Suisse - SPM,These ads ran without a disclaimer,≤100
103344742624341,Skarb narodowy,These ads ran without a disclaimer,≤100
107494077464434,Janine Vannaz,Janine Vannaz,≤100
467503303605894,PLR Castel San Pietro,PLR Castel San Pietro,≤100
102718129475079,Ambil Sandy,Sandy Iwan Ambil,≤100
107552952619935,WWF Schweiz,WWF Schweiz,≤100
567417573785872,RefLab,These ads ran without a disclaimer,≤100
1135730413199942,Mary Rose,These ads ran without a disclaimer,≤100
98673036962,ROLDA,These ads ran without a disclaimer,≤100
102734576127485,Wedare 56,These ads ran without a disclaimer,≤100
135816069903817,Dirk Kreuter,These ads ran without a disclaimer,≤100
805945416454845,veikko_bartel,These ads ran without a disclaimer,≤100
490059521190894,Cercle démocratique,Barry Lopez,≤100
106227118235466,IamExpat in Switzerland,These ads ran without a disclaimer,≤100
181890091876904,Medair,These ads ran without a disclaimer,≤100
74203385744,éditions markus haller,These ads ran without a disclaimer,≤100
105267088402300,Komisija Bijelih Traka - Commission Brassards Blancs,These ads ran without a disclaimer,≤100
104460881166122,Pro Natura Valais / Wallis,Pro Natura Valais / Wallis,≤100
175478195846132,Les Vert·e·s suisses,Grüne Schweiz,≤100
135939773133793,Grüne Winterthur,Grüne Winterthur,≤100
245489546137580,Christoph Riner - bodenständige Politik,Christoph Riner - bodenständige Politik,≤100
107005552383474,Umweltecke,These ads ran without a disclaimer,≤100
114275974912005,GE équilibre fiscal,GE équilibre fiscal,≤100
100374392742057,Weregreenly- Magazine,These ads ran without a disclaimer,≤100
2569346123080290,Biznis Centar,These ads ran without a disclaimer,≤100
153063591397681,Amazon Web Services,These ads ran without a disclaimer,≤100
106722822373735,The Fun Insider,These ads ran without a disclaimer,≤100
487359271292536,Greator,These ads ran without a disclaimer,≤100
358660427653741,UBS Formula 1,These ads ran without a disclaimer,≤100
102500518635499,ENTR en,These ads ran without a disclaimer,≤100
35779367485,Pure London,These ads ran without a disclaimer,≤100
763722197034246,En Développement,These ads ran without a disclaimer,≤100
104099512361482,Funnies Now - Magazine,These ads ran without a disclaimer,≤100
103015059417615,emp_one,These ads ran without a disclaimer,≤100
111969398555528,События Дня,These ads ran without a disclaimer,≤100
121191740953524,Новости Европы,These ads ran without a disclaimer,≤100
112528551833342,Mark News,These ads ran without a disclaimer,≤100
112511361680353,Life at Rimac,These ads ran without a disclaimer,≤100
250305668489402,Professor Kenny,These ads ran without a disclaimer,≤100
104990002304165,João Pedro,These ads ran without a disclaimer,≤100
994977213848354,Sarx,These ads ran without a disclaimer,≤100
1390745591150821,NRC - Norwegian Refugee Council,These ads ran without a disclaimer,≤100
109135987977596,Mazzarò Sea Palace,These ads ran without a disclaimer,≤100
771462172882741,OnePath Network,These ads ran without a disclaimer,≤100
845293775587671,Statista France,These ads ran without a disclaimer,≤100
102072599470181,Advanced Trading,These ads ran without a disclaimer,≤100
1408487869370774,Woody Display,These ads ran without a disclaimer,≤100
107616545277373,YYOfi3,These ads ran without a disclaimer,≤100
12185972707,350.org,These ads ran without a disclaimer,≤100
101176682686881,Caldwell Hutchinson,These ads ran without a disclaimer,≤100
102964102556890,Bettermanly - Magazine page 2,These ads ran without a disclaimer,≤100
117720231300445,Важно Знать,These ads ran without a disclaimer,≤100
136266656430479,Volkswagen R,These ads ran without a disclaimer,≤100
110038557114533,Imagine5,These ads ran without a disclaimer,≤100
117711131281125,Goldfinch.pro,These ads ran without a disclaimer,≤100
176508225770197,Austrian Master Classes,These ads ran without a disclaimer,≤100
1457915704536726,Advokatfirmaet Magnus Legal,These ads ran without a disclaimer,≤100
107237888124833,Vy Oanh Authentic - Túi xách cao cấp uy tín,These ads ran without a disclaimer,≤100
333293986861604,Jean Richard MusiK,These ads ran without a disclaimer,≤100
108166048910328,Срочные Новости,These ads ran without a disclaimer,≤100
103022776117511,Сводка новостей,These ads ran without a disclaimer,≤100
100582266255364,International Molecular Plant Protection Congress,These ads ran without a disclaimer,≤100
113067177682259,PMD - Dogs is my  world,These ads ran without a disclaimer,≤100
1384346251813235,Frequent Traveller Circle,These ads ran without a disclaimer,≤100
110318858712956,Новости Европы,These ads ran without a disclaimer,≤100
123546032572,Eppendorf Group,These ads ran without a disclaimer,≤100