﻿Page ID,Page name,Disclaimer,Amount spent (CHF)
1027844850652657,Boomerang Ideas,Boomerang Ideas AG,374
809010089207949,Aperta e sovrana,aperta e sovrana,343
191859734164694,Pro Infirmis,Pro Infirmis,269
255506388731408,Biodiversitätsinitiative / Initiative biodiversité,Biodiversitätsinitiative / Initiative biodiversité,≤100
349450293419,Schweizerische Energie-Stiftung SES,Schweizerische Energie-Stiftung SES,≤100
169510248558,Die Mitte - Le Centre,Die Mitte,≤100
48980326364,Public Eye,Public Eye,≤100
97721121385,Public Eye,Public Eye,≤100
100332749664541,Ja zum Klimaschutz-Gesetz,JA zum Klimaschutz,≤100
921336971288655,Nagra,Nagra,≤100
103915262545181,KMU geprüft,KMU geprüft,≤100
169752569742293,Schweizerischer Gewerbeverband sgv,Schweizerischer Gewerbeverband sgv,≤100
1659576160959696,Guido Fluri Stiftung,Guido Fluri Stiftung,≤100
257497631736082,Gletscher-Initiative,Verein Klimaschutz Schweiz,≤100
115010674866173,prospettivasvizzera.ch,IG Wirtschaftsverbände,≤100
220197041662012,Kleinbauern-Vereinigung / Petits paysans,Kleinbauern-Vereinigung VKMB,≤100
108204507991414,Zukunft sichern,Allianz für ein JA zur OECD-Mindeststeuer,≤100
1483343695307824,Campax,Campax,≤100
15733998334,FDP,FDP,≤100
97220294896,SP Schweiz,SP Schweiz,≤100
100116156110843,Stop al blackout,Iniziativa popolare «Energia elettrica in ogni tempo per tutti (Stop al blackout)»,≤100
102014399307738,Direkt,direkt,≤100
18087904183,PLR,PLR,≤100
183441641693664,Philippe Nantermod,Etude Philippe Nantermod Sàrl,≤100
291359247729208,PS Suisse,PS Suisse,≤100
51415837765,Greenpeace Switzerland,Greenpeace Switzerland,≤100
105527252338650,perspektiveschweiz.ch,IG Wirtschaftsverbände,≤100
108625789179165,Soi Dog Foundation,These ads ran without a disclaimer,≤100
467503303605894,PLR Castel San Pietro,PLR Castel San Pietro,≤100
111081131629685,Blackout stoppen,Volksinitiative «Jederzeit Strom für alle (Blackout stoppen)»,≤100
538981346500133,Rotho,These ads ran without a disclaimer,≤100
354548604968651,Peter Metzinger Gemeinderat FDP Dietikon,Peter Alois Metzinger,≤100
125466200895962,Valentin Landmann,Sven Kunz,≤100
109381070613028,THE CLIMATE CHOICE,These ads ran without a disclaimer,≤100
547115755657303,ReThink Daylight,These ads ran without a disclaimer,≤100
172348652806226,DEKRA,These ads ran without a disclaimer,≤100
149693388517002,Equiwent int. Pferde- & Kinderhilfe,These ads ran without a disclaimer,≤100
108232155430828,Lawyer Jan,These ads ran without a disclaimer,≤100
654086281432152,Société pour les peuples menacés Suisse - SPM,These ads ran without a disclaimer,≤100
163017527046459,Jungheinrich,These ads ran without a disclaimer,≤100
185927128110913,SMA Solar Technology,These ads ran without a disclaimer,≤100
115134174862244,perspectivesuisse.ch,IG Wirtschaftsverbände,≤100
112996681156640,aura_collective_,These ads ran without a disclaimer,≤100
784812424962943,Tele Z,TELE Z,≤100
107494077464434,Janine Vannaz,Janine Vannaz,≤100
98673036962,ROLDA,These ads ran without a disclaimer,≤100
1393128654260543,talendo,These ads ran without a disclaimer,≤100
103269145789541,Stop au blackout,Initiative populaire « De l’électricité pour tous en tout temps (Stop au blackout) »,≤100
784812424962943,Tele Z,These ads ran without a disclaimer,≤100
100374392742057,Weregreenly- Magazine,These ads ran without a disclaimer,≤100
74203385744,éditions markus haller,These ads ran without a disclaimer,≤100
181890091876904,Medair,These ads ran without a disclaimer,≤100
107552952619935,WWF Schweiz,WWF Schweiz,≤100
763722197034246,En Développement,These ads ran without a disclaimer,≤100
111969398555528,События Дня,These ads ran without a disclaimer,≤100
105267088402300,Komisija Bijelih Traka - Commission Brassards Blancs,These ads ran without a disclaimer,≤100
110336161874621,Urban Husi in den Kantonsrat ZH,Urban Pius Matthäus Husi Fiechter,≤100
135939773133793,Grüne Winterthur,Grüne Winterthur,≤100
132497703498525,Pro Velo Schweiz,Pro Velo Schweiz,≤100
245489546137580,Christoph Riner - bodenständige Politik,Christoph Riner - bodenständige Politik,≤100
114275974912005,GE équilibre fiscal,GE équilibre fiscal,≤100
145845125487053,"Jürg Grossen, Präsident Grünliberale",Jürg Grossen,≤100
109135987977596,Mazzarò Sea Palace,These ads ran without a disclaimer,≤100
103022776117511,Сводка новостей,These ads ran without a disclaimer,≤100
117720231300445,Важно Знать,These ads ran without a disclaimer,≤100
109023530752200,Changing Markets Foundation,These ads ran without a disclaimer,≤100
1390745591150821,NRC - Norwegian Refugee Council,These ads ran without a disclaimer,≤100
12185972707,350.org,These ads ran without a disclaimer,≤100
113067177682259,PMD - Dogs is my  world,These ads ran without a disclaimer,≤100
176508225770197,Austrian Master Classes,These ads ran without a disclaimer,≤100
153063591397681,Amazon Web Services,These ads ran without a disclaimer,≤100
102072599470181,Advanced Trading,These ads ran without a disclaimer,≤100
102964102556890,Bettermanly - Magazine page 2,These ads ran without a disclaimer,≤100
845293775587671,Statista France,These ads ran without a disclaimer,≤100
333293986861604,Jean Richard MusiK,These ads ran without a disclaimer,≤100
104593458269168,Your Daily Fun Break,These ads ran without a disclaimer,≤100
102998939765184,Persian bms,These ads ran without a disclaimer,≤100
1135730413199942,Mary Rose,These ads ran without a disclaimer,≤100
1408487869370774,Woody Display,These ads ran without a disclaimer,≤100
108166048910328,Срочные Новости,These ads ran without a disclaimer,≤100
35779367485,Pure London,These ads ran without a disclaimer,≤100
106227118235466,IamExpat in Switzerland,These ads ran without a disclaimer,≤100
112528551833342,Mark News,These ads ran without a disclaimer,≤100
121191740953524,Новости Европы,These ads ran without a disclaimer,≤100
106031815565093,Geeksoutfit,These ads ran without a disclaimer,≤100
2569346123080290,Biznis Centar,These ads ran without a disclaimer,≤100
805945416454845,veikko_bartel,These ads ran without a disclaimer,≤100
136266656430479,Volkswagen R,These ads ran without a disclaimer,≤100
299227550122220,Radio Cina Internazionale,These ads ran without a disclaimer,≤100
104200678369483,CUPGRADE,These ads ran without a disclaimer,≤100
112511361680353,Life at Rimac,These ads ran without a disclaimer,≤100
110318858712956,Новости Европы,These ads ran without a disclaimer,≤100
101176682686881,Caldwell Hutchinson,These ads ran without a disclaimer,≤100
103015059417615,emp_one,These ads ran without a disclaimer,≤100
100582266255364,International Molecular Plant Protection Congress,These ads ran without a disclaimer,≤100
358660427653741,UBS Formula 1,These ads ran without a disclaimer,≤100
102952309457793,History in Number,These ads ran without a disclaimer,≤100
344556287396,Penguin Bücher,These ads ran without a disclaimer,≤100