﻿Page ID,Page name,Disclaimer,Amount spent (CHF)
191859734164694,Pro Infirmis,Pro Infirmis,928
114275974912005,GE équilibre fiscal,GE équilibre fiscal,867
169510248558,Die Mitte - Le Centre,Die Mitte,282
291359247729208,PS Suisse,PS Suisse,161
112878345109547,NON-in181 - NON à cette bombe fiscale,Fer Genève,145
349450293419,Schweizerische Energie-Stiftung SES,Schweizerische Energie-Stiftung SES,142
18087904183,PLR,PLR,130
535897123124799,Jeunes Libéraux-Radicaux Suisse,Jeunes Libéraux-Radicaux Suisses,128
1027844850652657,Boomerang Ideas,Boomerang Ideas AG,127
97721121385,Public Eye,Public Eye,115
103550668590403,Mieux vivre sa vie,Mieux Vivre Sa Vie,≤100
255506388731408,Biodiversitätsinitiative / Initiative biodiversité,Biodiversitätsinitiative / Initiative biodiversité,≤100
599025353636034,B Lab Switzerland,B LAB (SWITZERLAND),≤100
100332749664541,Ja zum Klimaschutz-Gesetz,JA zum Klimaschutz,≤100
154976914534194,Save the Children Schweiz/Suisse,Save the Children Schweiz,≤100
48980326364,Public Eye,Public Eye,≤100
113106815069066,"OUI à la LEFI - Notre logement, c’est toute notre vie",CGI,≤100
1659576160959696,Guido Fluri Stiftung,Guido Fluri Stiftung,≤100
921336971288655,Nagra,Nagra,≤100
218538701651843,Union suisse des arts et métiers usam,Schweizerischer Gewerbeverband sgv,≤100
169752569742293,Schweizerischer Gewerbeverband sgv,Schweizerischer Gewerbeverband sgv,≤100
103915262545181,KMU geprüft,KMU geprüft,≤100
100119208056282,Christian Dandrès,Christian Joseph Dandrès,≤100
257497631736082,Gletscher-Initiative,Verein Klimaschutz Schweiz,≤100
220197041662012,Kleinbauern-Vereinigung / Petits paysans,Kleinbauern-Vereinigung VKMB,≤100
97220294896,SP Schweiz,SP Schweiz,≤100
108204507991414,Zukunft sichern,Allianz für ein JA zur OECD-Mindeststeuer,≤100
109605484115257,Delphine Klopfenstein Broggini,Delphine Klopfenstein Broggini,≤100
51415837765,Greenpeace Switzerland,Greenpeace Switzerland,≤100
103269145789541,Stop au blackout,Initiative populaire « De l’électricité pour tous en tout temps (Stop au blackout) »,≤100
102014399307738,Direkt,direkt,≤100
15733998334,FDP,FDP,≤100
490059521190894,Cercle démocratique,Barry Lopez,≤100
238982909481105,Les Vert·e·s Genevois·es,Les Vert-e-s genevois-es,≤100
132497703498525,Pro Velo Schweiz,Pro Velo Schweiz,≤100
1483343695307824,Campax,Campax,≤100
105527252338650,perspektiveschweiz.ch,IG Wirtschaftsverbände,≤100
115134174862244,perspectivesuisse.ch,IG Wirtschaftsverbände,≤100
183441641693664,Philippe Nantermod,Etude Philippe Nantermod Sàrl,≤100
74203385744,éditions markus haller,These ads ran without a disclaimer,≤100
172348652806226,DEKRA,These ads ran without a disclaimer,≤100
763722197034246,En Développement,These ads ran without a disclaimer,≤100
109381070613028,THE CLIMATE CHOICE,These ads ran without a disclaimer,≤100
538981346500133,Rotho,These ads ran without a disclaimer,≤100
185927128110913,SMA Solar Technology,These ads ran without a disclaimer,≤100
654086281432152,Société pour les peuples menacés Suisse - SPM,These ads ran without a disclaimer,≤100
108625789179165,Soi Dog Foundation,These ads ran without a disclaimer,≤100
354548604968651,Peter Metzinger Gemeinderat FDP Dietikon,Peter Alois Metzinger,≤100
158820214312321,Citations Ron Hubbard,Mieux Vivre Sa Vie,≤100
111081131629685,Blackout stoppen,Volksinitiative «Jederzeit Strom für alle (Blackout stoppen)»,≤100
163017527046459,Jungheinrich,These ads ran without a disclaimer,≤100
547115755657303,ReThink Daylight,These ads ran without a disclaimer,≤100
108232155430828,Lawyer Jan,These ads ran without a disclaimer,≤100
98673036962,ROLDA,These ads ran without a disclaimer,≤100
1393128654260543,talendo,These ads ran without a disclaimer,≤100
107494077464434,Janine Vannaz,Janine Vannaz,≤100
467503303605894,PLR Castel San Pietro,PLR Castel San Pietro,≤100
136266656430479,Volkswagen R,These ads ran without a disclaimer,≤100
125466200895962,Valentin Landmann,Sven Kunz,≤100
100116156110843,Stop al blackout,Iniziativa popolare «Energia elettrica in ogni tempo per tutti (Stop al blackout)»,≤100
105267088402300,Komisija Bijelih Traka - Commission Brassards Blancs,These ads ran without a disclaimer,≤100
250305668489402,Professor Kenny,These ads ran without a disclaimer,≤100
784812424962943,Tele Z,TELE Z,≤100
107552952619935,WWF Schweiz,WWF Schweiz,≤100
10150100771335484,24 heures,These ads ran without a disclaimer,≤100
103344742624341,Skarb narodowy,These ads ran without a disclaimer,≤100
35779367485,Pure London,These ads ran without a disclaimer,≤100
102964102556890,Bettermanly - Magazine page 2,These ads ran without a disclaimer,≤100
100374392742057,Weregreenly- Magazine,These ads ran without a disclaimer,≤100
344556287396,Penguin Bücher,These ads ran without a disclaimer,≤100
105188432853984,Tribune de Genève,These ads ran without a disclaimer,≤100
111969398555528,События Дня,These ads ran without a disclaimer,≤100
181890091876904,Medair,These ads ran without a disclaimer,≤100
107005552383474,Umweltecke,These ads ran without a disclaimer,≤100
1803279899993382,"Ni Una Palmadita, Fernanda Restrepo",These ads ran without a disclaimer,≤100
784812424962943,Tele Z,These ads ran without a disclaimer,≤100
1643396942585509,Adventerra Games,These ads ran without a disclaimer,≤100
245489546137580,Christoph Riner - bodenständige Politik,Christoph Riner - bodenständige Politik,≤100
1135730413199942,Mary Rose,These ads ran without a disclaimer,≤100
299227550122220,Radio Cina Internazionale,These ads ran without a disclaimer,≤100
771462172882741,OnePath Network,These ads ran without a disclaimer,≤100
112511361680353,Life at Rimac,These ads ran without a disclaimer,≤100
102998939765184,Persian bms,These ads ran without a disclaimer,≤100
107237888124833,Vy Oanh Authentic - Túi xách cao cấp uy tín,These ads ran without a disclaimer,≤100
107616545277373,YYOfi3,These ads ran without a disclaimer,≤100
107514105652766,META VOCUS,These ads ran without a disclaimer,≤100
1390745591150821,NRC - Norwegian Refugee Council,These ads ran without a disclaimer,≤100
301745209882851,Culture Amp,These ads ran without a disclaimer,≤100
104990002304165,João Pedro,These ads ran without a disclaimer,≤100
112528551833342,Mark News,These ads ran without a disclaimer,≤100
106227118235466,IamExpat in Switzerland,These ads ran without a disclaimer,≤100
122026544199679,ID1,These ads ran without a disclaimer,≤100
487359271292536,Greator,These ads ran without a disclaimer,≤100
109135987977596,Mazzarò Sea Palace,These ads ran without a disclaimer,≤100
100162738241949,Xu Zeyu,These ads ran without a disclaimer,≤100
114400445304441,Suunto Diving,These ads ran without a disclaimer,≤100
105945458999217,Demenswear,These ads ran without a disclaimer,≤100
2569346123080290,Biznis Centar,These ads ran without a disclaimer,≤100
358660427653741,UBS Formula 1,These ads ran without a disclaimer,≤100
149693388517002,Equiwent int. Pferde- & Kinderhilfe,These ads ran without a disclaimer,≤100
106933965668760,MoYah,These ads ran without a disclaimer,≤100
101176682686881,Caldwell Hutchinson,These ads ran without a disclaimer,≤100
333293986861604,Jean Richard MusiK,These ads ran without a disclaimer,≤100
102952309457793,History in Number,These ads ran without a disclaimer,≤100
105607552434777,Instalador Solar,These ads ran without a disclaimer,≤100
114980244815721,Polistudio,These ads ran without a disclaimer,≤100
102072599470181,Advanced Trading,These ads ran without a disclaimer,≤100
108166048910328,Срочные Новости,These ads ran without a disclaimer,≤100
121191740953524,Новости Европы,These ads ran without a disclaimer,≤100
1408487869370774,Woody Display,These ads ran without a disclaimer,≤100
102855665965014,kayombo_casto,These ads ran without a disclaimer,≤100
106031815565093,Geeksoutfit,These ads ran without a disclaimer,≤100
1249630708423717,MUNER Motorvehicle University of Emilia-Romagna,These ads ran without a disclaimer,≤100
103022776117511,Сводка новостей,These ads ran without a disclaimer,≤100
103015059417615,emp_one,These ads ran without a disclaimer,≤100
845293775587671,Statista France,These ads ran without a disclaimer,≤100
117720231300445,Важно Знать,These ads ran without a disclaimer,≤100
12185972707,350.org,These ads ran without a disclaimer,≤100
110318858712956,Новости Европы,These ads ran without a disclaimer,≤100
104187209333343,KI - Topaktuell,These ads ran without a disclaimer,≤100
176508225770197,Austrian Master Classes,These ads ran without a disclaimer,≤100
117711131281125,Goldfinch.pro,These ads ran without a disclaimer,≤100
108733008364786,The Emissary,These ads ran without a disclaimer,≤100
109023530752200,Changing Markets Foundation,These ads ran without a disclaimer,≤100