﻿Page ID,Page name,Disclaimer,Amount spent (CHF)
100332749664541,Ja zum Klimaschutz-Gesetz,JA zum Klimaschutz,≤100
191859734164694,Pro Infirmis,Pro Infirmis,≤100
1027844850652657,Boomerang Ideas,Boomerang Ideas AG,≤100
349450293419,Schweizerische Energie-Stiftung SES,Schweizerische Energie-Stiftung SES,≤100
169510248558,Die Mitte - Le Centre,Die Mitte,≤100
108204507991414,Zukunft sichern,Allianz für ein JA zur OECD-Mindeststeuer,≤100
1659576160959696,Guido Fluri Stiftung,Guido Fluri Stiftung,≤100
97220294896,SP Schweiz,SP Schweiz,≤100
255506388731408,Biodiversitätsinitiative / Initiative biodiversité,Biodiversitätsinitiative / Initiative biodiversité,≤100
169752569742293,Schweizerischer Gewerbeverband sgv,Schweizerischer Gewerbeverband sgv,≤100
48980326364,Public Eye,Public Eye,≤100
103915262545181,KMU geprüft,KMU geprüft,≤100
921336971288655,Nagra,Nagra,≤100
599025353636034,B Lab Switzerland,B LAB (SWITZERLAND),≤100
257497631736082,Gletscher-Initiative,Verein Klimaschutz Schweiz,≤100
111081131629685,Blackout stoppen,Volksinitiative «Jederzeit Strom für alle (Blackout stoppen)»,≤100
15733998334,FDP,FDP,≤100
898028146978844,SUPSI Landquart Physiotherapie,These ads ran without a disclaimer,≤100
102014399307738,Direkt,direkt,≤100
8142847754,Jungfreisinnige Schweiz,Jungfreisinnige Schweiz,≤100
97721121385,Public Eye,Public Eye,≤100
125466200895962,Valentin Landmann,Sven Kunz,≤100
220197041662012,Kleinbauern-Vereinigung / Petits paysans,Kleinbauern-Vereinigung VKMB,≤100
51415837765,Greenpeace Switzerland,Greenpeace Switzerland,≤100
132497703498525,Pro Velo Schweiz,Pro Velo Schweiz,≤100
1575444522744962,Nils Fiechter,Nils Fiechter,≤100
183441641693664,Philippe Nantermod,Etude Philippe Nantermod Sàrl,≤100
154976914534194,Save the Children Schweiz/Suisse,Save the Children Schweiz,≤100
1483343695307824,Campax,Campax,≤100
784812424962943,Tele Z,TELE Z,≤100
1393128654260543,talendo,These ads ran without a disclaimer,≤100
18087904183,PLR,PLR,≤100
467503303605894,PLR Castel San Pietro,PLR Castel San Pietro,≤100
784812424962943,Tele Z,These ads ran without a disclaimer,≤100
107552952619935,WWF Schweiz,WWF Schweiz,≤100
291359247729208,PS Suisse,PS Suisse,≤100
547115755657303,ReThink Daylight,These ads ran without a disclaimer,≤100
1408487869370774,Woody Display,These ads ran without a disclaimer,≤100
538981346500133,Rotho,These ads ran without a disclaimer,≤100
172348652806226,DEKRA,These ads ran without a disclaimer,≤100
1135730413199942,Mary Rose,These ads ran without a disclaimer,≤100
163017527046459,Jungheinrich,These ads ran without a disclaimer,≤100
108625789179165,Soi Dog Foundation,These ads ran without a disclaimer,≤100
185927128110913,SMA Solar Technology,These ads ran without a disclaimer,≤100