﻿Page ID,Page name,Disclaimer,Amount spent (CHF)
100332749664541,Ja zum Klimaschutz-Gesetz,JA zum Klimaschutz,491
191859734164694,Pro Infirmis,Pro Infirmis,291
1579272705641700,Gabriela Suter,Gabriela Suter,247
349450293419,Schweizerische Energie-Stiftung SES,Schweizerische Energie-Stiftung SES,235
1027844850652657,Boomerang Ideas,Boomerang Ideas AG,231
169510248558,Die Mitte - Le Centre,Die Mitte,199
108204507991414,Zukunft sichern,Allianz für ein JA zur OECD-Mindeststeuer,148
1991942507517845,Römisch-Katholische Kirche im Aargau,Römisch-Katholische Landeskirche des Kantons Aargau,140
1659576160959696,Guido Fluri Stiftung,Guido Fluri Stiftung,102
97220294896,SP Schweiz,SP Schweiz,≤100
15733998334,FDP,FDP,≤100
255506388731408,Biodiversitätsinitiative / Initiative biodiversité,Biodiversitätsinitiative / Initiative biodiversité,≤100
48980326364,Public Eye,Public Eye,≤100
106964611977537,Switlo,Switlo,≤100
169752569742293,Schweizerischer Gewerbeverband sgv,Schweizerischer Gewerbeverband sgv,≤100
599025353636034,B Lab Switzerland,B LAB (SWITZERLAND),≤100
257497631736082,Gletscher-Initiative,Verein Klimaschutz Schweiz,≤100
103915262545181,KMU geprüft,KMU geprüft,≤100
921336971288655,Nagra,Nagra,≤100
102014399307738,Direkt,direkt,≤100
8142847754,Jungfreisinnige Schweiz,Jungfreisinnige Schweiz,≤100
111081131629685,Blackout stoppen,Volksinitiative «Jederzeit Strom für alle (Blackout stoppen)»,≤100
154976914534194,Save the Children Schweiz/Suisse,Save the Children Schweiz,≤100
97721121385,Public Eye,Public Eye,≤100
125466200895962,Valentin Landmann,Sven Kunz,≤100
245489546137580,Christoph Riner - bodenständige Politik,Christoph Riner - bodenständige Politik,≤100
51415837765,Greenpeace Switzerland,Greenpeace Switzerland,≤100
104803175931011,Vjollca Gashi,Vjollca Vivi Gashi,≤100
1483343695307824,Campax,Campax,≤100
267272696776611,"Maja Riniker, Nationalrätin",Maja Riniker,≤100
102718129475079,Ambil Sandy,Sandy Iwan Ambil,≤100
220197041662012,Kleinbauern-Vereinigung / Petits paysans,Kleinbauern-Vereinigung VKMB,≤100
105527252338650,perspektiveschweiz.ch,IG Wirtschaftsverbände,≤100
1575444522744962,Nils Fiechter,Nils Fiechter,≤100
132497703498525,Pro Velo Schweiz,Pro Velo Schweiz,≤100
18087904183,PLR,PLR,≤100
149693388517002,Equiwent int. Pferde- & Kinderhilfe,These ads ran without a disclaimer,≤100
784812424962943,Tele Z,TELE Z,≤100
183441641693664,Philippe Nantermod,Etude Philippe Nantermod Sàrl,≤100
354548604968651,Peter Metzinger Gemeinderat FDP Dietikon,Peter Alois Metzinger,≤100
172348652806226,DEKRA,These ads ran without a disclaimer,≤100
1393128654260543,talendo,These ads ran without a disclaimer,≤100
291359247729208,PS Suisse,PS Suisse,≤100
135816069903817,Dirk Kreuter,These ads ran without a disclaimer,≤100
784812424962943,Tele Z,These ads ran without a disclaimer,≤100
538981346500133,Rotho,These ads ran without a disclaimer,≤100
344556287396,Penguin Bücher,These ads ran without a disclaimer,≤100
491603277588348,VTA Group,These ads ran without a disclaimer,≤100
185927128110913,SMA Solar Technology,These ads ran without a disclaimer,≤100
109381070613028,THE CLIMATE CHOICE,These ads ran without a disclaimer,≤100
100116156110843,Stop al blackout,Iniziativa popolare «Energia elettrica in ogni tempo per tutti (Stop al blackout)»,≤100
108232155430828,Lawyer Jan,These ads ran without a disclaimer,≤100
467503303605894,PLR Castel San Pietro,PLR Castel San Pietro,≤100
654086281432152,Société pour les peuples menacés Suisse - SPM,These ads ran without a disclaimer,≤100
145845125487053,"Jürg Grossen, Präsident Grünliberale",Jürg Grossen,≤100
108625789179165,Soi Dog Foundation,These ads ran without a disclaimer,≤100
115134174862244,perspectivesuisse.ch,IG Wirtschaftsverbände,≤100
108166048910328,Срочные Новости,These ads ran without a disclaimer,≤100
103269145789541,Stop au blackout,Initiative populaire « De l’électricité pour tous en tout temps (Stop au blackout) »,≤100
107494077464434,Janine Vannaz,Janine Vannaz,≤100
107552952619935,WWF Schweiz,WWF Schweiz,≤100
100374392742057,Weregreenly- Magazine,These ads ran without a disclaimer,≤100
103344742624341,Skarb narodowy,These ads ran without a disclaimer,≤100
110198429024146,Grünliberale Dielsdorf,Grünliberale Dielsdorf,≤100
111969398555528,События Дня,These ads ran without a disclaimer,≤100
181890091876904,Medair,These ads ran without a disclaimer,≤100
110198429024146,Grünliberale Dielsdorf,These ads ran without a disclaimer,≤100
74203385744,éditions markus haller,These ads ran without a disclaimer,≤100
155659847849677,Kantonsrat Martin Huber,Kantonsrat Martin Huber,≤100
105267088402300,Komisija Bijelih Traka - Commission Brassards Blancs,These ads ran without a disclaimer,≤100
1803279899993382,"Ni Una Palmadita, Fernanda Restrepo",These ads ran without a disclaimer,≤100
10150100771335484,24 heures,These ads ran without a disclaimer,≤100
124266620968132,FDP.Die Liberalen Kanton Thurgau,FDP Thurgau,≤100
107005552383474,Umweltecke,These ads ran without a disclaimer,≤100
112991661776428,ID11,These ads ran without a disclaimer,≤100
805945416454845,veikko_bartel,These ads ran without a disclaimer,≤100
358660427653741,UBS Formula 1,These ads ran without a disclaimer,≤100
1135730413199942,Mary Rose,These ads ran without a disclaimer,≤100
106227118235466,IamExpat in Switzerland,These ads ran without a disclaimer,≤100
112528551833342,Mark News,These ads ran without a disclaimer,≤100
845293775587671,Statista France,These ads ran without a disclaimer,≤100
1390745591150821,NRC - Norwegian Refugee Council,These ads ran without a disclaimer,≤100
608650595820049,The Conqueror Challenges,These ads ran without a disclaimer,≤100
104099512361482,Funnies Now - Magazine,These ads ran without a disclaimer,≤100
102964102556890,Bettermanly - Magazine page 2,These ads ran without a disclaimer,≤100
371764683018,Bezbednost.org,These ads ran without a disclaimer,≤100
1408487869370774,Woody Display,These ads ran without a disclaimer,≤100
102072599470181,Advanced Trading,These ads ran without a disclaimer,≤100
487359271292536,Greator,These ads ran without a disclaimer,≤100
324950845227,VerkehrsRundschau,These ads ran without a disclaimer,≤100
2569346123080290,Biznis Centar,These ads ran without a disclaimer,≤100
121191740953524,Новости Европы,These ads ran without a disclaimer,≤100
163017527046459,Jungheinrich,These ads ran without a disclaimer,≤100
107237888124833,Vy Oanh Authentic - Túi xách cao cấp uy tín,These ads ran without a disclaimer,≤100
114860764826938,nora.pragmatik,These ads ran without a disclaimer,≤100
117720231300445,Важно Знать,These ads ran without a disclaimer,≤100
136266656430479,Volkswagen R,These ads ran without a disclaimer,≤100
216550520609,CLAE,These ads ran without a disclaimer,≤100
103940752286011,The Third Option.,These ads ran without a disclaimer,≤100
1384346251813235,Frequent Traveller Circle,These ads ran without a disclaimer,≤100
101176682686881,Caldwell Hutchinson,These ads ran without a disclaimer,≤100
102998939765184,Persian bms,These ads ran without a disclaimer,≤100
98673036962,ROLDA,These ads ran without a disclaimer,≤100
12185972707,350.org,These ads ran without a disclaimer,≤100
109023530752200,Changing Markets Foundation,These ads ran without a disclaimer,≤100
115895401463440,Entretenimiento,These ads ran without a disclaimer,≤100
153063591397681,Amazon Web Services,These ads ran without a disclaimer,≤100
106031815565093,Geeksoutfit,These ads ran without a disclaimer,≤100
104200678369483,CUPGRADE,These ads ran without a disclaimer,≤100
104187209333343,KI - Topaktuell,These ads ran without a disclaimer,≤100
103022776117511,Сводка новостей,These ads ran without a disclaimer,≤100
351365901647856,Reima,These ads ran without a disclaimer,≤100
547115755657303,ReThink Daylight,These ads ran without a disclaimer,≤100
114400445304441,Suunto Diving,These ads ran without a disclaimer,≤100
110318858712956,Новости Европы,These ads ran without a disclaimer,≤100
140556749292891,National Library of Israel,These ads ran without a disclaimer,≤100
109135987977596,Mazzarò Sea Palace,These ads ran without a disclaimer,≤100