﻿Page ID,Page name,Disclaimer,Amount spent (CHF)
124266620968132,FDP.Die Liberalen Kanton Thurgau,FDP Thurgau,761
100332749664541,Ja zum Klimaschutz-Gesetz,JA zum Klimaschutz,200
191859734164694,Pro Infirmis,Pro Infirmis,113
349450293419,Schweizerische Energie-Stiftung SES,Schweizerische Energie-Stiftung SES,107
1027844850652657,Boomerang Ideas,Boomerang Ideas AG,≤100
169510248558,Die Mitte - Le Centre,Die Mitte,≤100
108204507991414,Zukunft sichern,Allianz für ein JA zur OECD-Mindeststeuer,≤100
1659576160959696,Guido Fluri Stiftung,Guido Fluri Stiftung,≤100
15733998334,FDP,FDP,≤100
97220294896,SP Schweiz,SP Schweiz,≤100
255506388731408,Biodiversitätsinitiative / Initiative biodiversité,Biodiversitätsinitiative / Initiative biodiversité,≤100
48980326364,Public Eye,Public Eye,≤100
106563052005929,SVP Kreuzlingen,SVP Kreuzlingen,≤100
169752569742293,Schweizerischer Gewerbeverband sgv,Schweizerischer Gewerbeverband sgv,≤100
599025353636034,B Lab Switzerland,B LAB (SWITZERLAND),≤100
257497631736082,Gletscher-Initiative,Verein Klimaschutz Schweiz,≤100
921336971288655,Nagra,Nagra,≤100
103915262545181,KMU geprüft,KMU geprüft,≤100
102014399307738,Direkt,direkt,≤100
898028146978844,SUPSI Landquart Physiotherapie,These ads ran without a disclaimer,≤100
8142847754,Jungfreisinnige Schweiz,Jungfreisinnige Schweiz,≤100
154976914534194,Save the Children Schweiz/Suisse,Save the Children Schweiz,≤100
111081131629685,Blackout stoppen,Volksinitiative «Jederzeit Strom für alle (Blackout stoppen)»,≤100
97721121385,Public Eye,Public Eye,≤100
125466200895962,Valentin Landmann,Sven Kunz,≤100
51415837765,Greenpeace Switzerland,Greenpeace Switzerland,≤100
1483343695307824,Campax,Campax,≤100
220197041662012,Kleinbauern-Vereinigung / Petits paysans,Kleinbauern-Vereinigung VKMB,≤100
105527252338650,perspektiveschweiz.ch,IG Wirtschaftsverbände,≤100
1575444522744962,Nils Fiechter,Nils Fiechter,≤100
132497703498525,Pro Velo Schweiz,Pro Velo Schweiz,≤100
18087904183,PLR,PLR,≤100
183441641693664,Philippe Nantermod,Etude Philippe Nantermod Sàrl,≤100
108625789179165,Soi Dog Foundation,These ads ran without a disclaimer,≤100
784812424962943,Tele Z,TELE Z,≤100
538981346500133,Rotho,These ads ran without a disclaimer,≤100
149693388517002,Equiwent int. Pferde- & Kinderhilfe,These ads ran without a disclaimer,≤100
172348652806226,DEKRA,These ads ran without a disclaimer,≤100
1393128654260543,talendo,These ads ran without a disclaimer,≤100
784812424962943,Tele Z,These ads ran without a disclaimer,≤100
354548604968651,Peter Metzinger Gemeinderat FDP Dietikon,Peter Alois Metzinger,≤100
143714586302267,Urs Bänziger FDP,Urs Baenziger,≤100
185927128110913,SMA Solar Technology,These ads ran without a disclaimer,≤100
135816069903817,Dirk Kreuter,These ads ran without a disclaimer,≤100
100116156110843,Stop al blackout,Iniziativa popolare «Energia elettrica in ogni tempo per tutti (Stop al blackout)»,≤100
291359247729208,PS Suisse,PS Suisse,≤100
344556287396,Penguin Bücher,These ads ran without a disclaimer,≤100
104803175931011,Vjollca Gashi,Vjollca Vivi Gashi,≤100
103269145789541,Stop au blackout,Initiative populaire « De l’électricité pour tous en tout temps (Stop au blackout) »,≤100
107552952619935,WWF Schweiz,WWF Schweiz,≤100
107494077464434,Janine Vannaz,Janine Vannaz,≤100
467503303605894,PLR Castel San Pietro,PLR Castel San Pietro,≤100
115134174862244,perspectivesuisse.ch,IG Wirtschaftsverbände,≤100
103344742624341,Skarb narodowy,These ads ran without a disclaimer,≤100
135939773133793,Grüne Winterthur,Grüne Winterthur,≤100
654086281432152,Société pour les peuples menacés Suisse - SPM,These ads ran without a disclaimer,≤100
181890091876904,Medair,These ads ran without a disclaimer,≤100
155659847849677,Kantonsrat Martin Huber,Kantonsrat Martin Huber,≤100
100374392742057,Weregreenly- Magazine,These ads ran without a disclaimer,≤100
2261709760740382,wirtschaftskomitee.ch,Wirtschaftskomitee.ch,≤100
111969398555528,События Дня,These ads ran without a disclaimer,≤100
110198429024146,Grünliberale Dielsdorf,These ads ran without a disclaimer,≤100
102734576127485,Wedare 56,These ads ran without a disclaimer,≤100
110318858712956,Новости Европы,These ads ran without a disclaimer,≤100
771462172882741,OnePath Network,These ads ran without a disclaimer,≤100
108166048910328,Срочные Новости,These ads ran without a disclaimer,≤100
104200678369483,CUPGRADE,These ads ran without a disclaimer,≤100
163017527046459,Jungheinrich,These ads ran without a disclaimer,≤100
106227118235466,IamExpat in Switzerland,These ads ran without a disclaimer,≤100
109381070613028,THE CLIMATE CHOICE,These ads ran without a disclaimer,≤100
107237888124833,Vy Oanh Authentic - Túi xách cao cấp uy tín,These ads ran without a disclaimer,≤100
1408487869370774,Woody Display,These ads ran without a disclaimer,≤100
98673036962,ROLDA,These ads ran without a disclaimer,≤100
136266656430479,Volkswagen R,These ads ran without a disclaimer,≤100
102998939765184,Persian bms,These ads ran without a disclaimer,≤100
121191740953524,Новости Европы,These ads ran without a disclaimer,≤100
106722822373735,The Fun Insider,These ads ran without a disclaimer,≤100
103022776117511,Сводка новостей,These ads ran without a disclaimer,≤100
108232155430828,Lawyer Jan,These ads ran without a disclaimer,≤100
102072599470181,Advanced Trading,These ads ran without a disclaimer,≤100
324950845227,VerkehrsRundschau,These ads ran without a disclaimer,≤100
1135730413199942,Mary Rose,These ads ran without a disclaimer,≤100
117720231300445,Важно Знать,These ads ran without a disclaimer,≤100
102500518635499,ENTR en,These ads ran without a disclaimer,≤100
845293775587671,Statista France,These ads ran without a disclaimer,≤100
1390745591150821,NRC - Norwegian Refugee Council,These ads ran without a disclaimer,≤100
102964102556890,Bettermanly - Magazine page 2,These ads ran without a disclaimer,≤100
547115755657303,ReThink Daylight,These ads ran without a disclaimer,≤100
358660427653741,UBS Formula 1,These ads ran without a disclaimer,≤100
2569346123080290,Biznis Centar,These ads ran without a disclaimer,≤100
805945416454845,veikko_bartel,These ads ran without a disclaimer,≤100
491603277588348,VTA Group,These ads ran without a disclaimer,≤100