﻿Page ID,Page name,Disclaimer,Amount spent (CHF),Number of ads in Library
349450293419,Schweizerische Energie-Stiftung SES,Schweizerische Energie-Stiftung SES,3442,28
103915262545181,KMU geprüft,KMU geprüft,3356,18
1027844850652657,Boomerang Ideas,Boomerang Ideas AG,2651,146
97220294896,SP Schweiz,SP Schweiz,2025,8
147717218614170,PLR Genève,PLR.Les Libéraux-Radicaux Genève,1804,1
1562216347422974,Esther Friedli,Esther Friedli,1589,14
105982889575233,Le Centre Genève,Le Centre Genève,1544,6
108204507991414,Zukunft sichern,Allianz für ein JA zur OECD-Mindeststeuer,1400,7
191859734164694,Pro Infirmis,Pro Infirmis,1353,9
255506388731408,Biodiversitätsinitiative / Initiative biodiversité,Biodiversitätsinitiative / Initiative biodiversité,1346,12
291359247729208,PS Suisse,PS Suisse,1251,5
1579272705641700,Gabriela Suter,Gabriela Suter,1218,10
114275974912005,GE équilibre fiscal,GE équilibre fiscal,1109,8
599025353636034,B Lab Switzerland,B LAB (SWITZERLAND),1082,5
100381452863244,Libertés et Justice sociale,Libertés et Justice sociale,946,44
48980326364,Public Eye,Public Eye,929,15
1054282644596776,GE-démocratie,GE-démocratie,893,2
106348682400630,Nova - AI Chatbot,These ads ran without a disclaimer,767,12
888626258006362,"Barbara Gysi, Nationalrätin SP",Barbara Gysi,761,7
288659088239530,MCG Officiel,Mouvement Citoyens Genevois,563,8
105527252338650,perspektiveschweiz.ch,IG Wirtschaftsverbände,563,5
103550668590403,Mieux vivre sa vie,Mieux Vivre Sa Vie,556,48
97721121385,Public Eye,Public Eye,541,15
131066326987,SP Kanton Zürich,SP Kanton Zürich,532,6
1524859774444235,Koalition für Konzernverantwortung,Koalition für Konzernverantwortung,484,2
200480966638039,Supremacy 1914,These ads ran without a disclaimer,448,3
154976914534194,Save the Children Schweiz/Suisse,Save the Children Schweiz,442,10
169752569742293,Schweizerischer Gewerbeverband sgv,Schweizerischer Gewerbeverband sgv,405,7
921336971288655,Nagra,Nagra,389,7
1483343695307824,Campax,Campax,368,57
115134174862244,perspectivesuisse.ch,IG Wirtschaftsverbände,350,5
809010089207949,Aperta e sovrana,aperta e sovrana,336,2
467929373784855,COA - Coalition animaliste,Coalition animaliste (COA),271,3
510352742440847,Coalition pour des multinationales responsables,Coalition pour des multinationales responsables,270,2
103033805478591,Carole-Anne Kast,Carole-Anne Kast,257,4
51415837765,Greenpeace Switzerland,Greenpeace Switzerland,251,4
124266620968132,FDP.Die Liberalen Kanton Thurgau,FDP Thurgau,238,6
169510248558,Die Mitte - Le Centre,Die Mitte,232,6
175478195846132,Les Vert·e·s suisses,Grüne Schweiz,218,3
102014399307738,Direkt,direkt,210,5
115010674866173,prospettivasvizzera.ch,IG Wirtschaftsverbände,184,5
155659847849677,Kantonsrat Martin Huber,Kantonsrat Martin Huber,177,1
8142847754,Jungfreisinnige Schweiz,Jungfreisinnige Schweiz,171,19
1991942507517845,Römisch-Katholische Kirche im Aargau,Römisch-Katholische Landeskirche des Kantons Aargau,147,6
100341315500438,Kirchensteuern sei Dank - St.Gallen,Katholischer Kofessionsteil des Kantons St.Gallen,133,4
151183321586281,Jeunes Vert·e·x·s Genève,Jeunes Vert·e·x·s Genève,124,10
111081131629685,Blackout stoppen,Volksinitiative «Jederzeit Strom für alle (Blackout stoppen)»,119,4
218538701651843,Union suisse des arts et métiers usam,Schweizerischer Gewerbeverband sgv,116,4
104460881166122,Pro Natura Valais / Wallis,Pro Natura Valais / Wallis,101,2
101664679500421,Uni·es par nos convictions · Engagé·es pour Genève,Uni·es par nos convictions · Engagé·es pour Genève,≤100,2
112233721686095,Ylfete Fanaj in den Regierungsrat,Ylfete Fanaj in den Regierungsrat,≤100,1
61652252465,NHL,These ads ran without a disclaimer,≤100,1
18087904183,PLR,PLR,≤100,1
15733998334,FDP,FDP,≤100,1
103237956032492,Willy Portmann,Willy Portmann,≤100,2
104803175931011,Vjollca Gashi,Vjollca Vivi Gashi,≤100,1
238982909481105,Les Vert·e·s Genevois·es,Les Vert-e-s genevois-es,≤100,4
2759282954298123,Emmanuel Amoos - conseiller national,Emmanuel Didier Amoos,≤100,1
814161388652681,Samira Marti,Nationalrätin Samira Marti,≤100,4
105847949124690,Ask AI - Free Chat GPT App,These ads ran without a disclaimer,≤100,4
105457179189438,Karin Jung-Riedweg,Karin Jung-Riedweg,≤100,4
1419223321733027,Parti Socialiste Vaudois,PS vaudois,≤100,1
103269145789541,Stop au blackout,Initiative populaire « De l’électricité pour tous en tout temps (Stop au blackout) »,≤100,5
116663695061094,SP Bezirk Meilen,SP Bezirk Meilen,≤100,1
124881880957569,SP Stadt St.Gallen,SP Stadt St.Gallen,≤100,1
142664095796912,GRÜNE Kanton Bern,GRÜNE Kanton Bern,≤100,1
145845125487053,"Jürg Grossen, Präsident Grünliberale",Jürg Grossen,≤100,2
183441641693664,Philippe Nantermod,Etude Philippe Nantermod Sàrl,≤100,1
168761183826173,Gewerkschaftsbund Schaffhausen GBS,Gewerkschaftsbund Schaffhausen GBS,≤100,1
100119208056282,Christian Dandrès,Christian Joseph Dandrès,≤100,2
106563052005929,SVP Kreuzlingen,SVP Kreuzlingen,≤100,1
1673559236288902,Pro Senectute Genève,Pro Senectute Genève,≤100,1
1886381148253031,Économie suisse pour la loi climat,Économie Suisse pour la loi climat,≤100,1
100109808734387,Schweizer Wirtschaft für das Klimagesetz,Schweizer Wirtschaft für das Klimagesetzt,≤100,1
538981346500133,Rotho,These ads ran without a disclaimer,≤100,3
120307884715130,Les Vert•e•s Valais - Grüne Wallis,Les Vert•e•s Valais - Grüne Wallis,≤100,1
107552952619935,WWF Schweiz,WWF Schweiz,≤100,3
121446461263308,SP Kanton Schwyz,SP Kanton Schwyz,≤100,1
102718129475079,Ambil Sandy,Sandy Iwan Ambil,≤100,6
535897123124799,Jeunes Libéraux-Radicaux Suisse,Jeunes Libéraux-Radicaux Suisses,≤100,14
135939773133793,Grüne Winterthur,Grüne Winterthur,≤100,2
164099536940693,BLKB,These ads ran without a disclaimer,≤100,1
533196430187039,KMU- und Gewerbeverband Kanton Zürich,KMU- und Gewerbeverband Kanton Zürich,≤100,1
1951249848443600,Protect Our Winters Switzerland,Protect Our Winters Switzerland,≤100,1
111529661884207,Netzwerk Gesundheit und Soziales Oberbaselbiet,Netzwerk Gesundheit und Soziales Oberbaselbiet,≤100,1
102779519060637,SP Vorderland AR,SP Vorderland AR,≤100,3
106080328954492,SP Gelterkinden und Umgebung,SP Gelterkinden und Umgebung,≤100,3
580012422156679,Grüne Stadt Dübendorf,Grüne Stadt Dübendorf,≤100,1
104203868811586,Martina Dürr,Martina Regula  Dürr,≤100,1
104989210943139,Circolo ACLI Wohlen,These ads ran without a disclaimer,≤100,1
265786100439644,Grüne Freie Liste Stadt Bern,Grüne Freie Liste Bern,≤100,2
110336161874621,Urban Husi in den Kantonsrat ZH,Urban Pius Matthäus Husi Fiechter,≤100,1
167983071434,SP Kriens,SP Kriens,≤100,1
115967858108648,Susanne Dedecke glp,Susanne Dedecke,≤100,1
2075832665775532,FDP Hochdorf,FDP.Die Liberalen Hochdorf,≤100,1
245489546137580,Christoph Riner - bodenständige Politik,Christoph Riner - bodenständige Politik,≤100,4
102960028451979,Dick im Gscheft,These ads ran without a disclaimer,≤100,1
389006641956517,Natalie Imboden,Natalie Imboden,≤100,1
100116156110843,Stop al blackout,Iniziativa popolare «Energia elettrica in ogni tempo per tutti (Stop al blackout)»,≤100,12
112144688810182,"CCIG - Chambre de commerce, d'industrie et des services de Genève",These ads ran without a disclaimer,≤100,1
158820214312321,Citations Ron Hubbard,Mieux Vivre Sa Vie,≤100,1
102151651460969,Raiffeisen Anlegen & Vorsorgen,These ads ran without a disclaimer,≤100,1
364457210935073,Vert'libéraux Valais / Grünliberale Wallis,Vert'libéraux Valais / Grünliberale Wallis,≤100,1
194790813901953,Grüne Schweiz,Grüne Schweiz,≤100,1
763722197034246,En Développement,These ads ran without a disclaimer,≤100,1
115353781494583,DemoLibertarians.com,These ads ran without a disclaimer,≤100,1
15996419246,Célina Ramsauer,These ads ran without a disclaimer,≤100,1
106964611977537,Switlo,Switlo,≤100,2
160520461875,Das Lamm,These ads ran without a disclaimer,≤100,1
112542440931333,NinjaOne France,These ads ran without a disclaimer,≤100,1
231575074011232,Landesbank Baden-Württemberg,These ads ran without a disclaimer,≤100,2
654086281432152,Société pour les peuples menacés Suisse - SPM,These ads ran without a disclaimer,≤100,1
1050094841669430,Canal-Control+Clean,These ads ran without a disclaimer,≤100,1
110647840532680,Merge Mayor,These ads ran without a disclaimer,≤100,1
69659999016,Vitra Design Museum,These ads ran without a disclaimer,≤100,1
12185972707,350.org,These ads ran without a disclaimer,≤100,1
852370551453606,GARP,These ads ran without a disclaimer,≤100,1
251838211585945,SP Basel-Stadt,SP Basel-Stadt,≤100,1
104200678369483,CUPGRADE,These ads ran without a disclaimer,≤100,1
339361516111101,My Chosen Vessels - MCV,These ads ran without a disclaimer,≤100,1
106459178771498,Antonia Martina Durisch,Antonia Martina Durisch,≤100,1
110318858712956,Новости Европы,These ads ran without a disclaimer,≤100,1
120746218068081,Comundo,These ads ran without a disclaimer,≤100,1
108318715562829,Abi Espin,These ads ran without a disclaimer,≤100,10
159278864228680,BärnToday,These ads ran without a disclaimer,≤100,1
109023530752200,Changing Markets Foundation,These ads ran without a disclaimer,≤100,2
293513687977752,von allmen architekten ag,These ads ran without a disclaimer,≤100,2
111390757093321,ASC - Verantwortungsvolle Fischzucht,These ads ran without a disclaimer,≤100,1
2060372040891577,UZS,These ads ran without a disclaimer,≤100,1
174551119248735,San Diego International Sister Cities Association (SanDISCA),These ads ran without a disclaimer,≤100,1
10150100771335484,24 heures,These ads ran without a disclaimer,≤100,19
139742959398654,Die Mobiliar,These ads ran without a disclaimer,≤100,1
2273404059547940,Akhpal torghar,These ads ran without a disclaimer,≤100,25
110463704610731,Cute Kiwi,These ads ran without a disclaimer,≤100,2
346553825821470,Andreas Lustenberger - Kantonsrat,These ads ran without a disclaimer,≤100,1
267353906619818,Mr. Gugu & Miss Go,These ads ran without a disclaimer,≤100,2
102121579296432,Allcsta time,These ads ran without a disclaimer,≤100,3
612984478813856,Henry Harvin Education,These ads ran without a disclaimer,≤100,1
146822255731958,Fast Travel Games,These ads ran without a disclaimer,≤100,1
100374392742057,Weregreenly- Magazine,These ads ran without a disclaimer,≤100,16
306064959461205,UMAGE,These ads ran without a disclaimer,≤100,3
109888808553507,Neol,These ads ran without a disclaimer,≤100,1
120202611050476,The Money Mindset,These ads ran without a disclaimer,≤100,1
105188432853984,Tribune de Genève,These ads ran without a disclaimer,≤100,8
150793518281117,Covestro,These ads ran without a disclaimer,≤100,1
110357013717466,Loot4Games.gg,These ads ran without a disclaimer,≤100,1
104764328592380,Raices Argentinas Swiss,These ads ran without a disclaimer,≤100,1
106892895068657,Reykjavik Science City,These ads ran without a disclaimer,≤100,1
100386342622682,Studerende på Københavns Universitet,These ads ran without a disclaimer,≤100,1
1822470024659191,NAGA Culture,These ads ran without a disclaimer,≤100,1
236806237064955,Sonica Sarna Design,These ads ran without a disclaimer,≤100,1
106902318899458,Shoqata Arberia Bolzano,These ads ran without a disclaimer,≤100,1
2175328549346650,Deutscher Koordinierungsrat GCJZ,These ads ran without a disclaimer,≤100,1
109363168231503,Broadway Flower,These ads ran without a disclaimer,≤100,1
119448817757424,Pelo mundo a fora,These ads ran without a disclaimer,≤100,1
805499066304399,Centre for International Studies and Development,These ads ran without a disclaimer,≤100,1
131189377574,MDPI,These ads ran without a disclaimer,≤100,1
17043549797,MIT Technology Review,These ads ran without a disclaimer,≤100,1
103759516011919,Pierrelouispompanon.fr,These ads ran without a disclaimer,≤100,1
105827925281759,Porta Luce,These ads ran without a disclaimer,≤100,1
63306224439,Trip.com,These ads ran without a disclaimer,≤100,2
110496871879833,BravoBis,These ads ran without a disclaimer,≤100,1
250305668489402,Professor Kenny,These ads ran without a disclaimer,≤100,1
204816652874409,haGalil.com,These ads ran without a disclaimer,≤100,1
154680184946903,Superplastic,These ads ran without a disclaimer,≤100,1
105842829050347,earthapist,These ads ran without a disclaimer,≤100,1
107647258831836,Weregreenly- Magazine Page 3,These ads ran without a disclaimer,≤100,1
116355337718182,Moli lulu,These ads ran without a disclaimer,≤100,1
217849110215707,ROAM Maui,These ads ran without a disclaimer,≤100,1
110993941170214,ChidoBook,These ads ran without a disclaimer,≤100,1
180035590021,PICTURE ORGANIC CLOTHING,These ads ran without a disclaimer,≤100,1
771462172882741,OnePath Network,These ads ran without a disclaimer,≤100,1
123999364291001,Ankerherz,These ads ran without a disclaimer,≤100,1
111462675024606,Nursehut,These ads ran without a disclaimer,≤100,1
106839211891183,SATAS International,These ads ran without a disclaimer,≤100,1
532100997327830,kumikomametsuka,These ads ran without a disclaimer,≤100,1
109568738618692,memaafrika,These ads ran without a disclaimer,≤100,1
8428544759,Six Degrees Records,These ads ran without a disclaimer,≤100,1
1464779663812914,Springer Nature,These ads ran without a disclaimer,≤100,1
102415047928145,Shanghai Electric,These ads ran without a disclaimer,≤100,1
1220981994590364,FT Partner Content,These ads ran without a disclaimer,≤100,2
104648785749269,Turkey Tour,These ads ran without a disclaimer,≤100,1
142914269087072,Cornell Lab of Ornithology,These ads ran without a disclaimer,≤100,1
176508225770197,Austrian Master Classes,These ads ran without a disclaimer,≤100,1
548577435509026,d&b audiotechnik,These ads ran without a disclaimer,≤100,1
1486589451564960,Mul T Lock,These ads ran without a disclaimer,≤100,1
285530825204,Klitschko,These ads ran without a disclaimer,≤100,1
405379246524515,DHL Express,These ads ran without a disclaimer,≤100,1
103897622481315,Castafiore Paris,These ads ran without a disclaimer,≤100,1
110004921840381,paulacolicigno,These ads ran without a disclaimer,≤100,1
100810011798438,female_leadership_summit_,These ads ran without a disclaimer,≤100,1
105962808801596,IZZY - Stream Israel,These ads ran without a disclaimer,≤100,2
198051124292362,Editions Anspach,These ads ran without a disclaimer,≤100,1
286094071469577,VINCI Energies,These ads ran without a disclaimer,≤100,1
101033665741550,The Hacks Archives,These ads ran without a disclaimer,≤100,3
154087694129,Causeur.fr,These ads ran without a disclaimer,≤100,1
121156047592706,Fygurs,These ads ran without a disclaimer,≤100,1
1422513341405155,TAY,These ads ran without a disclaimer,≤100,1
300369183362735,ENESSERE,These ads ran without a disclaimer,≤100,1
104099512361482,Funnies Now - Magazine,These ads ran without a disclaimer,≤100,1
171163390480055,Samson Rope Technologies,These ads ran without a disclaimer,≤100,2
155438574470276,DW українською,These ads ran without a disclaimer,≤100,1
100451933698060,AdVenture Communist,These ads ran without a disclaimer,≤100,1
652445951621134,Professor Winston's Community College,These ads ran without a disclaimer,≤100,1
188140874572413,Fundación Charles Darwin,These ads ran without a disclaimer,≤100,1
109713862446321,Capfruit,These ads ran without a disclaimer,≤100,1
208371683037269,NBCU Catalyst,These ads ran without a disclaimer,≤100,3
106837661915369,Hatzopoulos S.A.,These ads ran without a disclaimer,≤100,1
156279764411149,Times Higher Education,These ads ran without a disclaimer,≤100,1
354397697217,IEEE Xplore,These ads ran without a disclaimer,≤100,1
142329112477770,البنك الدولي,These ads ran without a disclaimer,≤100,1
193167010699647,transport logistic,These ads ran without a disclaimer,≤100,1
595178974150639,"Marta Wesołowska - mówienie, głos w Marce Osobistej",These ads ran without a disclaimer,≤100,1
110980888642151,Twibbon April,These ads ran without a disclaimer,≤100,4
109613811893240,Aiby • AI Art & Avatar Generator,These ads ran without a disclaimer,≤100,1
983135718420987,Visit Jiangsu,These ads ran without a disclaimer,≤100,1
104187209333343,KI - Topaktuell,These ads ran without a disclaimer,≤100,1
101304435646725,Элитная недвижимость в Москве,These ads ran without a disclaimer,≤100,1
368757963825913,WasteFuel,These ads ran without a disclaimer,≤100,2
1623731087898826,"Tudilu Eventos,Royal & Petroleum",These ads ran without a disclaimer,≤100,1
106701185163801,Your Hacks Spot,These ads ran without a disclaimer,≤100,2
106534441199077,Socialmediatestpubclient,These ads ran without a disclaimer,≤100,3
156596497734740,Outokumpu Group,These ads ran without a disclaimer,≤100,1
101092639094951,namysto_lialka,These ads ran without a disclaimer,≤100,1
100226179346528,dynamiceventsberlin,These ads ran without a disclaimer,≤100,1
107183418710416,Rocket stories FS,These ads ran without a disclaimer,≤100,1
115895401463440,Entretenimiento,These ads ran without a disclaimer,≤100,2
105945458999217,Demenswear,These ads ran without a disclaimer,≤100,1
100946331929105,Schola Palatina,These ads ran without a disclaimer,≤100,1