﻿Page ID,Page name,Disclaimer,Amount spent (CHF),Number of ads in Library
599025353636034,B Lab Switzerland,B LAB (SWITZERLAND),4506,21
147717218614170,PLR Genève,PLR.Les Libéraux-Radicaux Genève,3702,2
1054282644596776,GE-démocratie,GE-démocratie,2048,8
97220294896,SP Schweiz,SP Schweiz,1799,7
111081131629685,Blackout stoppen,Volksinitiative «Jederzeit Strom für alle (Blackout stoppen)»,1063,45
48980326364,Public Eye,Public Eye,987,26
105527252338650,perspektiveschweiz.ch,IG Wirtschaftsverbände,756,5
291359247729208,PS Suisse,PS Suisse,731,4
1524859774444235,Koalition für Konzernverantwortung,Koalition für Konzernverantwortung,641,2
103550668590403,Mieux vivre sa vie,Mieux Vivre Sa Vie,592,21
114275974912005,GE équilibre fiscal,GE équilibre fiscal,451,7
84150672409,SP Stadt Zürich,SP Stadt Zürich,426,8
115134174862244,perspectivesuisse.ch,IG Wirtschaftsverbände,417,5
510352742440847,Coalition pour des multinationales responsables,Coalition pour des multinationales responsables,372,2
100341315500438,Kirchensteuern sei Dank - St.Gallen,Katholischer Kofessionsteil des Kantons St.Gallen,319,5
100381452863244,Libertés et Justice sociale,Libertés et Justice sociale,304,21
154976914534194,Save the Children Schweiz/Suisse,Save the Children Schweiz,303,4
1579272705641700,Gabriela Suter,Gabriela Suter,302,10
288659088239530,MCG Officiel,Mouvement Citoyens Genevois,285,13
200480966638039,Supremacy 1914,These ads ran without a disclaimer,281,2
102014399307738,Direkt,direkt,272,6
478040605021,Junge Grüne Schweiz,Junge Grüne Schweiz,243,2
169752569742293,Schweizerischer Gewerbeverband sgv,Schweizerischer Gewerbeverband sgv,239,5
2068625050104664,Jeunes Vert•e•x•s Suisse,Junge Grüne Schweiz,234,2
169510248558,Die Mitte - Le Centre,Die Mitte,228,6
115010674866173,prospettivasvizzera.ch,IG Wirtschaftsverbände,182,5
104460881166122,Pro Natura Valais / Wallis,Pro Natura Valais / Wallis,163,2
1991942507517845,Römisch-Katholische Kirche im Aargau,Römisch-Katholische Landeskirche des Kantons Aargau,160,6
1524954517562834,Prominis,Prominis GmbH,155,34
335404453537186,Die Mitte Binningen-Bottmingen,Die Mitte Binningen-Bottmingen,149,1
291504744242501,Lega dei Ticinesi - sezione Chiasso,Stefano Tonini,131,1
921336971288655,Nagra,Nagra,118,2
1741098286126301,Die Mitte Appenzell Ausserrhoden,Die Mitte Appenzell Ausserrhoden,116,17
36735923253,umverkehR,umverkehR,104,3
125466200895962,Valentin Landmann,Sven Kunz,≤100,1
110481348648633,Ludivine-Luy-Lovey au Conseil National 2023,Ludivine Luy Lovey,≤100,2
51415837765,Greenpeace Switzerland,Greenpeace Switzerland,≤100,2
131066326987,SP Kanton Zürich,SP Kanton Zürich,≤100,7
152628551459993,GSoA - Gruppe für eine Schweiz ohne Armee,GSoA,≤100,1
155659847849677,Kantonsrat Martin Huber,Kantonsrat Martin Huber,≤100,1
97721121385,Public Eye,Public Eye,≤100,1
223727604375090,EVP Frauenfeld,EVP Frauenfeld,≤100,1
106964611977537,Switlo,Switlo,≤100,2
8142847754,Jungfreisinnige Schweiz,Jungfreisinnige Schweiz,≤100,5
1569688113329878,Evony - The King's Return,These ads ran without a disclaimer,≤100,1
618765881570878,EKS,Elektrizitätswerk des Kantons Schaffhausen AG,≤100,2
138011779601470,Grünes Bündnis Stadt Bern,Grünes Bündnis Bern (GB),≤100,1
1027844850652657,Boomerang Ideas,Boomerang Ideas AG,≤100,22
102063439477752,Simon Stocker in den Ständerat,Komitee «Stocker is Stöckli»,≤100,1
123778861534,Jungfreisinnige Aargau,Jungfreisinnige Aargau,≤100,1
1562216347422974,Esther Friedli,Esther Friedli,≤100,1
1951249848443600,Protect Our Winters Switzerland,Protect Our Winters Switzerland,≤100,2
535897123124799,Jeunes Libéraux-Radicaux Suisse,Jeunes Libéraux-Radicaux Suisses,≤100,4
100116156110843,Stop al blackout,Iniziativa popolare «Energia elettrica in ogni tempo per tutti (Stop al blackout)»,≤100,16
103269145789541,Stop au blackout,Initiative populaire « De l’électricité pour tous en tout temps (Stop au blackout) »,≤100,12
102269201722239,TV Riviera 24,Tv Riviera 24,≤100,2
360151400680191,Die Mitte Stadt Luzern,Die Mitte Stadt Luzern,≤100,2
105182149185389,Andrea Saporito PLR,Andrea Saporito,≤100,5
121446461263308,SP Kanton Schwyz,SP Kanton Schwyz,≤100,1
102700334426254,Pierluigi Pasi,Pierluigi Pasi,≤100,1
888626258006362,"Barbara Gysi, Nationalrätin SP",Barbara Gysi,≤100,1
7783116506,Animals Asia,These ads ran without a disclaimer,≤100,7
105188432853984,Tribune de Genève,These ads ran without a disclaimer,≤100,10
2015601845405680,SP Frauenfeld,SP Frauenfeld,≤100,3
104176871670876,Renteninitiative - Für eine sichere & nachhaltige Altersvorsorge,Verein Renteninitiative,≤100,1
512160575468385,Rodolfo Pulino,Rodolfo Pulino,≤100,1
265786100439644,Grüne Freie Liste Stadt Bern,Grüne Freie Liste Bern,≤100,2
106305221949785,Grünliberale Kanton Zug,Tabea Estermann,≤100,1
839249709578255,CrowdFarming,These ads ran without a disclaimer,≤100,3
100513788093677,Les Vert-e-s Ville de Genève,Les Vert-e-s Ville de Genève,≤100,1
104914962284234,Arthur.Zero,These ads ran without a disclaimer,≤100,2
107816654786278,Antenne LGBTI Genève,"Stiefel, Irvin & Associates",≤100,1
141324542611882,Junge Grünliberale Aargau,These ads ran without a disclaimer,≤100,1
245489546137580,Christoph Riner - bodenständige Politik,Christoph Riner - bodenständige Politik,≤100,3
151183321586281,Jeunes Vert·e·x·s Genève,Jeunes Vert·e·x·s Genève,≤100,4
651914428165177,PS Sion,PS Sion,≤100,1
105885535599394,Coach Cecil,These ads ran without a disclaimer,≤100,4
117253641676210,SVP Stadtpartei Frauenfeld,SVP Stadtpartei Frauenfeld,≤100,2
158820214312321,Citations Ron Hubbard,Mieux Vivre Sa Vie,≤100,1
653447794842554,Thurgauer Zeitung,These ads ran without a disclaimer,≤100,1
110463704610731,Cute Kiwi,These ads ran without a disclaimer,≤100,1
763722197034246,En Développement,These ads ran without a disclaimer,≤100,1
463645587339110,Piero Marchesi,Piero Marchesi,≤100,1
396161737064848,Il Centro - Gordola,Il Centro - Gordola,≤100,2
167983071434,SP Kriens,SP Kriens,≤100,1
414645712302029,The Diplomatic Affairs,These ads ran without a disclaimer,≤100,1
101120115685831,SVP Stäfa,SVP Stäfa,≤100,1
100211985747396,Klimaform,These ads ran without a disclaimer,≤100,1
963289257083354,Lega Monteceneri,These ads ran without a disclaimer,≤100,2
1541379879413801,FER Genève,These ads ran without a disclaimer,≤100,1
201545746545669,Solidar Suisse,Solidar Suisse,≤100,1
178913512122277,Der Bund,These ads ran without a disclaimer,≤100,1
110647840532680,Merge Mayor,These ads ran without a disclaimer,≤100,1
1798578616828336,"Indus Development Foundation, Canada",These ads ran without a disclaimer,≤100,8
10150100771335484,24 heures,These ads ran without a disclaimer,≤100,8
537872126249267,Червоний Хрест України,These ads ran without a disclaimer,≤100,6
103734298991910,Hisar Arşimed Saç Ekimi,These ads ran without a disclaimer,≤100,6
101788562637808,Gina Sonia 194,These ads ran without a disclaimer,≤100,2
654086281432152,Société pour les peuples menacés Suisse - SPM,These ads ran without a disclaimer,≤100,1
322968734909106,Prime News,These ads ran without a disclaimer,≤100,1
2011626645562796,Andri Silberschmidt,These ads ran without a disclaimer,≤100,1
102727121816068,Святлана Ціханоўская,These ads ran without a disclaimer,≤100,1
108293222212918,Rachel Da Silva,These ads ran without a disclaimer,≤100,1
103033805478591,Carole-Anne Kast,Carole-Anne Kast,≤100,1
170216493022440,Ça ira Verlag,These ads ran without a disclaimer,≤100,2
102558002616018,Sonare Músicoterapia,These ads ran without a disclaimer,≤100,1
385116835531,"Trans Info - transport, trucking & logistics news",These ads ran without a disclaimer,≤100,1
103737799349392,Stalder Ronald,Ronald Stalder,≤100,1
181924628560212,Ekō,These ads ran without a disclaimer,≤100,1
116885691311231,Globаl News,These ads ran without a disclaimer,≤100,1
238982909481105,Les Vert·e·s Genevois·es,Les Vert-e-s genevois-es,≤100,1
100835252397892,Grünland Podcast,These ads ran without a disclaimer,≤100,1
730158247033526,Readly,These ads ran without a disclaimer,≤100,2
105847949124690,Ask AI - Free Chat GPT App,These ads ran without a disclaimer,≤100,2
145356092146867,DMEXCO,These ads ran without a disclaimer,≤100,2
128343913499751,Haши в Европе,These ads ran without a disclaimer,≤100,1
102372992176022,EMRA FILMS,These ads ran without a disclaimer,≤100,1
110960453825334,Austrian Health Forum,These ads ran without a disclaimer,≤100,1
102644509280975,Ripe government,These ads ran without a disclaimer,≤100,1
676306169090037,Remzi Durmishi,Remzi Durmishi,≤100,1
159055777444243,Fresh Fruit Portal,These ads ran without a disclaimer,≤100,1
116765898032020,EcoVibes,These ads ran without a disclaimer,≤100,1
435272526866135,North American Kurdish Alliance - NAKA,These ads ran without a disclaimer,≤100,1
171522852874952,Juventus,These ads ran without a disclaimer,≤100,1
110818941452003,Morehackz Stories,These ads ran without a disclaimer,≤100,1
113680684960622,Luva Store,These ads ran without a disclaimer,≤100,1
103497027790225,Fonos,These ads ran without a disclaimer,≤100,2
176508225770197,Austrian Master Classes,These ads ran without a disclaimer,≤100,1
444347906369155,Transitions et Énergies,These ads ran without a disclaimer,≤100,1
107865155194550,The Mojo,These ads ran without a disclaimer,≤100,1
103772184933,Strategy International,These ads ran without a disclaimer,≤100,1
103792131542479,Rosa Luxemburg Foundation - Geneva Office,These ads ran without a disclaimer,≤100,1
565225540184937,CGTN,These ads ran without a disclaimer,≤100,1
102263001696586,גרין אקדמי- בית ספר מקוון ללימודי קיימות וסביבה,These ads ran without a disclaimer,≤100,1
106842592684027,La Côte,These ads ran without a disclaimer,≤100,1
112273315133855,Luva Store,These ads ran without a disclaimer,≤100,1
103497071006898,Lahau Dreadlocks & Art.,These ads ran without a disclaimer,≤100,1
102830139403510,Magic1674-03,These ads ran without a disclaimer,≤100,1
1407800559480010,Hirmer Verlag,These ads ran without a disclaimer,≤100,1
112499268411777,Svidok - Voices of the War in Ukraine,These ads ran without a disclaimer,≤100,1
105785675757412,Happy,These ads ran without a disclaimer,≤100,1
120146584335392,Germ-News,These ads ran without a disclaimer,≤100,1
103179199399077,farih.mv,These ads ran without a disclaimer,≤100,1
107268488798502,The Investing Publication,These ads ran without a disclaimer,≤100,1
108797720996428,ESTAL Beauty,These ads ran without a disclaimer,≤100,1
101616782888805,Travel Away,These ads ran without a disclaimer,≤100,1
155438574470276,DW українською,These ads ran without a disclaimer,≤100,4
101409961834360,Anja Glivar - Tierrechtsaktivistin,These ads ran without a disclaimer,≤100,1
784552455011507,KIDDINX-Shop,These ads ran without a disclaimer,≤100,1
101929192507604,D reame-novel 05,These ads ran without a disclaimer,≤100,1
100483099490176,Ecopakleader,These ads ran without a disclaimer,≤100,1
589937081369955,Edition Converso,These ads ran without a disclaimer,≤100,1
103934207741083,Selena Ryan,These ads ran without a disclaimer,≤100,1
105012451157797,Uniathena - Short Courses,These ads ran without a disclaimer,≤100,1
101276259161394,SWEED,These ads ran without a disclaimer,≤100,2
1606155556168996,Si Amo Afrin,These ads ran without a disclaimer,≤100,1
367649046908008,Growatt New Energy,These ads ran without a disclaimer,≤100,2
110530438132862,BestdVibe,These ads ran without a disclaimer,≤100,1
188538471183351,Roberto Gava,These ads ran without a disclaimer,≤100,1
108733008364786,The Emissary,These ads ran without a disclaimer,≤100,1
413224988797093,Beekeeper,These ads ran without a disclaimer,≤100,1
175807639890984,"Dr. Hanuman - Yoga, Breath & Joy",These ads ran without a disclaimer,≤100,4
217519028785017,Nature Research Custom Media,These ads ran without a disclaimer,≤100,1
134278719946186,Bayer,These ads ran without a disclaimer,≤100,1
102984361463961,Igrow Academy,These ads ran without a disclaimer,≤100,3
109235465338054,Loks,These ads ran without a disclaimer,≤100,1
119260857777643,Luva Store,These ads ran without a disclaimer,≤100,1
104444237650160,برنامج مع الرئيس,These ads ran without a disclaimer,≤100,1
106170661628518,香港V,These ads ran without a disclaimer,≤100,1
161176381116071,Raoul Vecchio,These ads ran without a disclaimer,≤100,1
122276294503722,Viessmann Sport,These ads ran without a disclaimer,≤100,1
598865763613819,Institute for Zen Leadership,These ads ran without a disclaimer,≤100,1
102342747923923,Researchpod,These ads ran without a disclaimer,≤100,1
257045211013828,San Antonio Spurs Pro,These ads ran without a disclaimer,≤100,1
102898939386527,Happy,These ads ran without a disclaimer,≤100,1
103992288141312,WingFoil Racing,These ads ran without a disclaimer,≤100,1
106649554035261,Caio_Vitor07,These ads ran without a disclaimer,≤100,1
105019871690075,noia.magazine,These ads ran without a disclaimer,≤100,1
237692023818,Belfast Telegraph,These ads ran without a disclaimer,≤100,1