﻿Page ID,Page name,Disclaimer,Amount spent (CHF)
255506388731408,Biodiversitätsinitiative,Biodiversitätsinitiative,871
110533229026103,EVP / PEV,EVP Schweiz,667
194790813901953,Grüne Schweiz,Grüne Schweiz,376
145845125487053,"Jürg Grossen, Präsident Grünliberale","Jürg Grossen, Präsident Grünliberale",338
15733998334,FDP,FDP,282
106758017401357,Gerber Markus,Markus Gerber,243
109554945523780,Initiative biodiversité,Initiative biodiversité,181
114991241616639,Jan Köbeli,Jan Köbeli,163
113452001841240,Wandfluh Ernst,Ernst Wandfluh,156
111079585410388,Heinz Siegenthaler,These ads ran without a disclaimer,154
114803848589834,DIE ZEIT,These ads ran without a disclaimer,132
105527252338650,perspektiveschweiz.ch,IG Wirtschaftsverbände,121
8142847754,Jungfreisinnige Schweiz,Jungfreisinnige Schweiz,113
36735923253,umverkehR,umverkehR,≤100
18087904183,PLR,PLR,≤100
1926643484312795,Tamara Funiciello,Tamara Funiciello,≤100
107796098739343,FDP Grossaffoltern,FDP Grossaffoltern,≤100
51415837765,Greenpeace Switzerland,Greenpeace Switzerland,≤100
259871484198551,Thomas Matter,Thomas Matter,≤100
169510248558,Die Mitte - Le Centre,Die Mitte,≤100
429727144111769,FDP.Die Liberalen  Oberaargau,FDP.Die Liberalen Oberaargau,≤100
169752569742293,Schweizerischer Gewerbeverband sgv,Schweizerischer Gewerbeverband sgv,≤100
110981058712788,Iniziativa biodiversità,Iniziativa biodiversità,≤100
111081131629685,Blackout stoppen,Volksinitiative «Jederzeit Strom für alle (Blackout stoppen)»,≤100
102014399307738,Direkt,direkt,≤100
102733401616452,Tanja Miljanović in den Nationalrat,Tanja Miljanović in den Nationalrat,≤100
478040605021,Junge Grüne Schweiz,Junge Grüne Schweiz,≤100
97220294896,SP Schweiz,SP Schweiz,≤100
122096648384016946,Die Schweizer Wirtschaft,These ads ran without a disclaimer,≤100
115134174862244,perspectivesuisse.ch,IG Wirtschaftsverbände,≤100
48980326364,Public Eye,Public Eye,≤100
154767748463500,Raphael Lanz,Raphael Lanz,≤100
154976914534194,Save the Children Schweiz/Suisse,Save the Children Schweiz,≤100
427635294307795,Andreas Ruefer Nationalratskandidat,Andreas Ruefer Nationalratskandidat,≤100
116997334716895,Patrick Römer GLP,Patrick Römer,≤100
101432554786737,Verein Stadtgrün,Verein Stadtgrün,≤100
921336971288655,Nagra,Nagra,≤100
218538701651843,Union suisse des arts et métiers usam,Schweizerischer Gewerbeverband sgv,≤100
535157286615289,Jungfreisinnige Oberwallis,Jungfreisinnige Oberwallis,≤100
103865108846573,FDP.Die Liberalen Herzogenbuchsee,FDP Herzogenbuchsee,≤100
97721121385,Public Eye,Public Eye,≤100
1524859774444235,Koalition für Konzernverantwortung,Koalition für Konzernverantwortung,≤100
100649012962611,Direct,Direct,≤100
193388757364033,Solidar Suisse,Solidar Suisse,≤100
1027844850652657,Boomerang Ideas,Boomerang Ideas AG,≤100
167064773463386,SP Lyss-Busswil,SP Lyss-Busswil,≤100
107494077464434,Janine Vannaz,Janine Vannaz,≤100
820391221400929,Unser Stadtrat Florin Scherrer,Unser Stadtrat Florin Scherrer,≤100
142664095796912,GRÜNE Kanton Bern,GRÜNE Kanton Bern,≤100
376640739090595,Baloise.CH,These ads ran without a disclaimer,≤100
108103318693563,"Heidi Weiss, Bauma, EVP","Heidi Weiss, Bauma, EVP",≤100
180501591989950,Jungfreisinnige Kanton Zürich,Jungfreisinnige Kanton Zürich,≤100
267353906619818,Mr. Gugu & Miss Go,These ads ran without a disclaimer,≤100
510352742440847,Coalition pour des multinationales responsables,Coalition pour des multinationales responsables,≤100
103188239286076,Andrea de Meuron,These ads ran without a disclaimer,≤100
890524711033887,Personio,These ads ran without a disclaimer,≤100
103564366367787,MSC - Nachhaltige Fischerei,These ads ran without a disclaimer,≤100
289772074451810,FDP.Die Liberalen Aargau,FDP.Die Liberalen Aargau,≤100
107032318943312,Revoltrain Academy,These ads ran without a disclaimer,≤100
2205274923057144,Helmut Bauer,These ads ran without a disclaimer,≤100
330071323785229,FDP. Die Liberalen Frauen Basel-Stadt,FDP. Die Liberalen Frauen Basel-Stadt,≤100
1485049551780485,Schweizerischer Fitness- und Gesundheitscenterverband,These ads ran without a disclaimer,≤100
100253893088201,Didier Calame au Conseil national,Didier Calame au Conseil national,≤100
651914428165177,PS Sion,PS Sion,≤100
103872765898447,bitcoin_alps,These ads ran without a disclaimer,≤100
22893372268,BMW,These ads ran without a disclaimer,≤100
102718129475079,Ambil Sandy,Bezirksrichterwahl,≤100
114025938452734,FactFusion,These ads ran without a disclaimer,≤100
1405195019770383,Svájci Magyar Rendezvények,These ads ran without a disclaimer,≤100
112701670136769,CH+ Games for Democracy,PROJEKT CH+,≤100
101016155153638,Sarah Constantin,Sarah Constantin,≤100
104664096063044,Florian Revaz - candidat à la municipalité de Château-d'Oex,Florian Revaz,≤100
245359058938449,Brunel Global,These ads ran without a disclaimer,≤100
2068625050104664,Jeunes Vert•e•x•s Suisse,Junge Grüne Schweiz,≤100
104460881166122,Pro Natura Valais / Wallis,Pro Natura Valais / Wallis,≤100
2114553392189767,David Roth,David Roth,≤100
169653126400996,Jura & Trois-Lacs,These ads ran without a disclaimer,≤100
1317000255036258,Mouvement européen suisse - section Genève,Mouvement européen suisse - section Genève,≤100
338957717103,Ascot Elite Entertainment Switzerland,These ads ran without a disclaimer,≤100
101103429022118,Grüne Schlieren,Grüne Partei Schlieren,≤100
104895519308218,Florian Chappot  - Candidat au Conseil national,Florian Chappot  - Candidat au Conseil national,≤100
100122342080658,SVP Oberwallis,SVP Oberwallis,≤100
468234396555549,Stiftung Zukunft CH,These ads ran without a disclaimer,≤100
2170702239856130,Philippe Jobin - Candidat au Conseil National,Philippe Jobin - Candidat au Conseil National,≤100
957666270947312,younity,These ads ran without a disclaimer,≤100
116026458226576,Barbara Portmann,Barbara Portmann,≤100
111124128677070,Nico Fankhauser,Unterstützungskomitee «Nico Fankhauser in den Nationalrat»,≤100
1587949341492441,Claudio Zihlmann,Claudio Zihlmann,≤100
1493576784283618,Mini-Schwiz,Mini-Schwiz,≤100
162931923790797,PLR Canton de Fribourg,PLR.Les Libéraux-Radicaux Fribourg,≤100
1744911689126391,12up,These ads ran without a disclaimer,≤100
103650075812523,Indntindex,These ads ran without a disclaimer,≤100
269807686281,top agrar,These ads ran without a disclaimer,≤100
273052786789190,Football Dream,These ads ran without a disclaimer,≤100
108625789179165,Soi Dog Foundation,These ads ran without a disclaimer,≤100
1754956431459064,The Intercept Brasil,These ads ran without a disclaimer,≤100
122095484306010983,Notizen aus der Pathologie,These ads ran without a disclaimer,≤100
104429105278155,Dương Oanh,These ads ran without a disclaimer,≤100
802107323183602,Uwe Damm Trainingheads with quality Hair,These ads ran without a disclaimer,≤100
100726469516197,HistoryHappens,These ads ran without a disclaimer,≤100
7783116506,Animals Asia,These ads ran without a disclaimer,≤100