﻿Page ID,Page name,Disclaimer,Amount spent (CHF)
109554945523780,Initiative biodiversité,Initiative biodiversité,807
175478195846132,Les Vert·e·s suisses,Grüne Schweiz,368
18087904183,PLR,PLR,282
535897123124799,Jeunes Libéraux-Radicaux Suisse,Jeunes Libéraux-Radicaux Suisses,128
255506388731408,Biodiversitätsinitiative,Biodiversitätsinitiative,108
109605484115257,Delphine Klopfenstein Broggini,Delphine Klopfenstein Broggini,≤100
116890591678651,Vert'libéraux - Genève,Parti vert'libéral genevois,≤100
238982909481105,Les Vert·e·s Genevois·es,Les Vert-e-s genevois-es,≤100
218538701651843,Union suisse des arts et métiers usam,Schweizerischer Gewerbeverband sgv,≤100
103550668590403,Mieux vivre sa vie,Mieux Vivre Sa Vie,≤100
105527252338650,perspektiveschweiz.ch,IG Wirtschaftsverbände,≤100
115134174862244,perspectivesuisse.ch,IG Wirtschaftsverbände,≤100
100649012962611,Direct,Direct,≤100
169752569742293,Schweizerischer Gewerbeverband sgv,Schweizerischer Gewerbeverband sgv,≤100
110981058712788,Iniziativa biodiversità,Iniziativa biodiversità,≤100
15733998334,FDP,FDP,≤100
169510248558,Die Mitte - Le Centre,Die Mitte,≤100
97721121385,Public Eye,Public Eye,≤100
1317000255036258,Mouvement européen suisse - section Genève,Mouvement européen suisse - section Genève,≤100
51415837765,Greenpeace Switzerland,Greenpeace Switzerland,≤100
114803848589834,DIE ZEIT,These ads ran without a disclaimer,≤100
2068625050104664,Jeunes Vert•e•x•s Suisse,Junge Grüne Schweiz,≤100
194790813901953,Grüne Schweiz,Grüne Schweiz,≤100
154976914534194,Save the Children Schweiz/Suisse,Save the Children Schweiz,≤100
921336971288655,Nagra,Nagra,≤100
111081131629685,Blackout stoppen,Volksinitiative «Jederzeit Strom für alle (Blackout stoppen)»,≤100
376640739090595,Baloise.CH,These ads ran without a disclaimer,≤100
101432554786737,Verein Stadtgrün,Verein Stadtgrün,≤100
1027844850652657,Boomerang Ideas,Boomerang Ideas AG,≤100
102014399307738,Direkt,direkt,≤100
510352742440847,Coalition pour des multinationales responsables,Coalition pour des multinationales responsables,≤100
122096648384016946,Die Schweizer Wirtschaft,These ads ran without a disclaimer,≤100
1389696117991409,Voix de Gauche Confignon,Voix de Gauche Confignon,≤100
100119208056282,Christian Dandrès,Christian Dandrès,≤100
820391221400929,Unser Stadtrat Florin Scherrer,Unser Stadtrat Florin Scherrer,≤100
108103318693563,"Heidi Weiss, Bauma, EVP","Heidi Weiss, Bauma, EVP",≤100
107494077464434,Janine Vannaz,Janine Vannaz,≤100
180501591989950,Jungfreisinnige Kanton Zürich,Jungfreisinnige Kanton Zürich,≤100
107032318943312,Revoltrain Academy,These ads ran without a disclaimer,≤100
48980326364,Public Eye,Public Eye,≤100
267353906619818,Mr. Gugu & Miss Go,These ads ran without a disclaimer,≤100
1524859774444235,Koalition für Konzernverantwortung,Koalition für Konzernverantwortung,≤100
890524711033887,Personio,These ads ran without a disclaimer,≤100
167064773463386,SP Lyss-Busswil,SP Lyss-Busswil,≤100
651914428165177,PS Sion,PS Sion,≤100
330071323785229,FDP. Die Liberalen Frauen Basel-Stadt,FDP. Die Liberalen Frauen Basel-Stadt,≤100
193388757364033,Solidar Suisse,Solidar Suisse,≤100
259871484198551,Thomas Matter,Thomas Matter,≤100
2170702239856130,Philippe Jobin - Candidat au Conseil National,Philippe Jobin - Candidat au Conseil National,≤100
112701670136769,CH+ Games for Democracy,PROJEKT CH+,≤100
2205274923057144,Helmut Bauer,These ads ran without a disclaimer,≤100
100925746383129,"Jan von Overbeck, candidat au Conseil national","Jan von Overbeck, candidat au Conseil national",≤100
97220294896,SP Schweiz,SP Schweiz,≤100
169653126400996,Jura & Trois-Lacs,These ads ran without a disclaimer,≤100
36735923253,umverkehR,umverkehR,≤100
103188239286076,Andrea de Meuron,These ads ran without a disclaimer,≤100
478040605021,Junge Grüne Schweiz,Junge Grüne Schweiz,≤100
100726469516197,HistoryHappens,These ads ran without a disclaimer,≤100
1405195019770383,Svájci Magyar Rendezvények,These ads ran without a disclaimer,≤100
162931923790797,PLR Canton de Fribourg,PLR.Les Libéraux-Radicaux Fribourg,≤100
103269689517115,Curandero Mayor,These ads ran without a disclaimer,≤100
101103429022118,Grüne Schlieren,Grüne Partei Schlieren,≤100
1587949341492441,Claudio Zihlmann,Claudio Zihlmann,≤100
802107323183602,Uwe Damm Trainingheads with quality Hair,These ads ran without a disclaimer,≤100
22893372268,BMW,These ads ran without a disclaimer,≤100
103650075812523,Indntindex,These ads ran without a disclaimer,≤100
269807686281,top agrar,These ads ran without a disclaimer,≤100
104412799254955,Mine Storage International,These ads ran without a disclaimer,≤100
778584105497901,Donizetti Opera,These ads ran without a disclaimer,≤100
104429105278155,Dương Oanh,These ads ran without a disclaimer,≤100
114025938452734,FactFusion,These ads ran without a disclaimer,≤100
100480053074809,Máquina de Activos,These ads ran without a disclaimer,≤100
7783116506,Animals Asia,These ads ran without a disclaimer,≤100
103564366367787,MSC - Nachhaltige Fischerei,These ads ran without a disclaimer,≤100
108625789179165,Soi Dog Foundation,These ads ran without a disclaimer,≤100
111588341842178,Esteban fernandez,These ads ran without a disclaimer,≤100
101207195836755,Wise Wallet,These ads ran without a disclaimer,≤100
250305668489402,Professor Kenny,These ads ran without a disclaimer,≤100
1754956431459064,The Intercept Brasil,These ads ran without a disclaimer,≤100