﻿Page ID,Page name,Disclaimer,Amount spent (CHF)
255506388731408,Biodiversitätsinitiative,Biodiversitätsinitiative,1572
194790813901953,Grüne Schweiz,Grüne Schweiz,1116
110533229026103,EVP / PEV,EVP Schweiz,885
1426072874321965,Regine Sauter,Regine Sauter,696
113292715120155,Matthias Müller,Matthias Müller,530
15733998334,FDP,FDP,445
180501591989950,Jungfreisinnige Kanton Zürich,Jungfreisinnige Kanton Zürich,430
921336971288655,Nagra,Nagra,377
114803848589834,DIE ZEIT,These ads ran without a disclaimer,313
451151132108215,Tiana Moser,Grünliberale Kanton Zürich,259
36735923253,umverkehR,umverkehR,175
8142847754,Jungfreisinnige Schweiz,Jungfreisinnige Schweiz,174
105527252338650,perspektiveschweiz.ch,IG Wirtschaftsverbände,170
141626852595827,Philipp Kutter,Philipp Kutter,165
110981058712788,Iniziativa biodiversità,Iniziativa biodiversità,118
169510248558,Die Mitte - Le Centre,Die Mitte,116
109554945523780,Initiative biodiversité,Initiative biodiversité,107
377292365618914,SVP Stadt Winterthur,SVP Winterthur,103
619051955163582,AWOB - Adrian Wegmann Oberrieden,Purplelama,≤100
102014399307738,Direkt,direkt,≤100
101470852404108,Grüne Opfikon,Grüne Opfikon,≤100
51415837765,Greenpeace Switzerland,Greenpeace Switzerland,≤100
117741198303856,FDP Kanton Zürich,FDP Kanton Zürich,≤100
170449246402589,Grünliberale Stadt Zürich,Grünliberale Partei Stadt Zürich,≤100
169752569742293,Schweizerischer Gewerbeverband sgv,Schweizerischer Gewerbeverband sgv,≤100
108204507991414,Zukunft sichern,Zukunft sichern,≤100
111081131629685,Blackout stoppen,Volksinitiative «Jederzeit Strom für alle (Blackout stoppen)»,≤100
1240731822752891,Roger Bachmann,Roger Bachmann,≤100
607076092768471,Bastien Girod,Bastien Girod,≤100
18087904183,PLR,PLR,≤100
198503926874552,Marionna Schlatter-Schmid,Marionna Schlatter-Schmid,≤100
1587949341492441,Claudio Zihlmann,Claudio Zihlmann,≤100
97220294896,SP Schweiz,SP Schweiz,≤100
122096648384016946,Die Schweizer Wirtschaft,These ads ran without a disclaimer,≤100
101363464745836,"Anny Klawa-Morf I Stiftung, Fondation, Fondazione",These ads ran without a disclaimer,≤100
101539059714425,Sibylle Marti SP Zürich - Nationalratskandidatin,Sibylle Marti,≤100
259871484198551,Thomas Matter,Thomas Matter,≤100
1483343695307824,Campax,Campax,≤100
154976914534194,Save the Children Schweiz/Suisse,Save the Children Schweiz,≤100
478040605021,Junge Grüne Schweiz,Junge Grüne Schweiz,≤100
48980326364,Public Eye,Public Eye,≤100
464961997209800,Daniel Leupi,Daniel Leupi,≤100
106300899437929,Patrick Hässig,Patrick Hässig,≤100
101432554786737,Verein Stadtgrün,Verein Stadtgrün,≤100
82752099000,Alternative Liste ZH,Alternative Liste Zürich,≤100
289772074451810,FDP.Die Liberalen Aargau,FDP.Die Liberalen Aargau,≤100
106964611977537,Switlo,Switlo,≤100
115134174862244,perspectivesuisse.ch,IG Wirtschaftsverbände,≤100
1524859774444235,Koalition für Konzernverantwortung,Koalition für Konzernverantwortung,≤100
193388757364033,Solidar Suisse,Solidar Suisse,≤100
107494077464434,Janine Vannaz,Janine Vannaz,≤100
100960685986242,FDP Zürich 7+8,FDP Kreis 7+8,≤100
820391221400929,Unser Stadtrat Florin Scherrer,Unser Stadtrat Florin Scherrer,≤100
97721121385,Public Eye,Public Eye,≤100
1027844850652657,Boomerang Ideas,Boomerang Ideas AG,≤100
218538701651843,Union suisse des arts et métiers usam,Schweizerischer Gewerbeverband sgv,≤100
102733401616452,Tanja Miljanović in den Nationalrat,Tanja Miljanović in den Nationalrat,≤100
167064773463386,SP Lyss-Busswil,SP Lyss-Busswil,≤100
178097975717370,SP Kreuzlingen,SP Kreuzlingen,≤100
102718129475079,Ambil Sandy,Bezirksrichterwahl,≤100
100649012962611,Direct,Direct,≤100
116026458226576,Barbara Portmann,Barbara Portmann,≤100
2205274923057144,Helmut Bauer,These ads ran without a disclaimer,≤100
108103318693563,"Heidi Weiss, Bauma, EVP","Heidi Weiss, Bauma, EVP",≤100
238711029872717,Die Mitte Sarganserland - Für ein starkes Sarganserland,Die Mitte Sarganserland - Für ein starkes Sarganserland,≤100
930378267027747,Treuhand- und Revisionsgesellschaft Mattig-Suter und Partner,These ads ran without a disclaimer,≤100
267353906619818,Mr. Gugu & Miss Go,These ads ran without a disclaimer,≤100
2147819755241673,Maria Elena Wegelin,These ads ran without a disclaimer,≤100
103564366367787,MSC - Nachhaltige Fischerei,These ads ran without a disclaimer,≤100
2525584750795209,Nina Fehr Düsel,Nina Fehr Düsel,≤100
101103429022118,Grüne Schlieren,Grüne Partei Schlieren,≤100
126955504056188,Gregor Bruhin in den Nationalrat,Gregor Bruhin,≤100
429727144111769,FDP.Die Liberalen  Oberaargau,FDP.Die Liberalen Oberaargau,≤100
1485049551780485,Schweizerischer Fitness- und Gesundheitscenterverband,These ads ran without a disclaimer,≤100
890524711033887,Personio,These ads ran without a disclaimer,≤100
2114553392189767,David Roth,David Roth,≤100
330071323785229,FDP. Die Liberalen Frauen Basel-Stadt,FDP. Die Liberalen Frauen Basel-Stadt,≤100
1405195019770383,Svájci Magyar Rendezvények,These ads ran without a disclaimer,≤100
22893372268,BMW,These ads ran without a disclaimer,≤100
139016370161,PINK CROSS / Swiss Gay Federation,Pink Cross,≤100
114025938452734,FactFusion,These ads ran without a disclaimer,≤100
111572431777901,Simon Michel in den Nationalrat,Simon Michel in den Nationalrat,≤100
376640739090595,Baloise.CH,These ads ran without a disclaimer,≤100
651914428165177,PS Sion,PS Sion,≤100
510352742440847,Coalition pour des multinationales responsables,Coalition pour des multinationales responsables,≤100
606125032803856,alpinavera,These ads ran without a disclaimer,≤100
112701670136769,CH+ Games for Democracy,PROJEKT CH+,≤100
245489546137580,Christoph Riner - bodenständige Politik,Christoph Riner - bodenständige Politik,≤100
107032318943312,Revoltrain Academy,These ads ran without a disclaimer,≤100
1317000255036258,Mouvement européen suisse - section Genève,Mouvement européen suisse - section Genève,≤100
338957717103,Ascot Elite Entertainment Switzerland,These ads ran without a disclaimer,≤100
103188239286076,Andrea de Meuron,These ads ran without a disclaimer,≤100
114991241616639,Jan Köbeli,Jan Köbeli,≤100
7783116506,Animals Asia,These ads ran without a disclaimer,≤100
2068625050104664,Jeunes Vert•e•x•s Suisse,Junge Grüne Schweiz,≤100
957666270947312,younity,These ads ran without a disclaimer,≤100
463109137176918,Hansjörg Brunner,Hansjörg Brunner in den Nationalrat,≤100
468234396555549,Stiftung Zukunft CH,These ads ran without a disclaimer,≤100
109923167202864,Grünliberale Linth,Grünliberale Linth,≤100
1926643484312795,Tamara Funiciello,Tamara Funiciello,≤100
1493576784283618,Mini-Schwiz,Mini-Schwiz,≤100
2151592515105217,Christina Bachmann-Roth,Christina Bachmann-Roth,≤100
398567686824626,GRÜNE Kanton St.Gallen,Grüne Kanton St. Gallen,≤100
2170702239856130,Philippe Jobin - Candidat au Conseil National,Philippe Jobin - Candidat au Conseil National,≤100
346553825821470,Andreas Lustenberger in den Nationalrat,Andreas Lustenberger,≤100
269807686281,top agrar,These ads ran without a disclaimer,≤100
344556287396,Penguin Bücher,These ads ran without a disclaimer,≤100
1744911689126391,12up,These ads ran without a disclaimer,≤100
100726469516197,HistoryHappens,These ads ran without a disclaimer,≤100
106996560785871,Cynthia Angelica Music,These ads ran without a disclaimer,≤100
103650075812523,Indntindex,These ads ran without a disclaimer,≤100
1754956431459064,The Intercept Brasil,These ads ran without a disclaimer,≤100
1771640246441276,ANJA THALER,These ads ran without a disclaimer,≤100
245359058938449,Brunel Global,These ads ran without a disclaimer,≤100
122095484306010983,Notizen aus der Pathologie,These ads ran without a disclaimer,≤100
802107323183602,Uwe Damm Trainingheads with quality Hair,These ads ran without a disclaimer,≤100
111588341842178,Esteban fernandez,These ads ran without a disclaimer,≤100
108625789179165,Soi Dog Foundation,These ads ran without a disclaimer,≤100
105861532419622,maximilian.vogel,These ads ran without a disclaimer,≤100
105413428831985,orgutcayli,These ads ran without a disclaimer,≤100
104429105278155,Dương Oanh,These ads ran without a disclaimer,≤100