﻿Page ID,Page name,Disclaimer,Amount spent (CHF)
194790813901953,Grüne Schweiz,Grüne Schweiz,363
255506388731408,Biodiversitätsinitiative,Biodiversitätsinitiative,347
100341315500438,Kirchensteuern sei Dank - St.Gallen,Katholischer Kofessionsteil des Kantons St.Gallen,181
15733998334,FDP,FDP,178
109923167202864,Grünliberale Linth,Grünliberale Linth,≤100
105527252338650,perspektiveschweiz.ch,IG Wirtschaftsverbände,≤100
1091412070891154,Florian Kobler in den Stadtrat,Florian Kobler in den Stadtrat,≤100
820391221400929,Unser Stadtrat Florin Scherrer,Unser Stadtrat Florin Scherrer,≤100
114803848589834,DIE ZEIT,These ads ran without a disclaimer,≤100
8142847754,Jungfreisinnige Schweiz,Jungfreisinnige Schweiz,≤100
238711029872717,Die Mitte Sarganserland - Für ein starkes Sarganserland,Die Mitte Sarganserland - Für ein starkes Sarganserland,≤100
51415837765,Greenpeace Switzerland,Greenpeace Switzerland,≤100
111081131629685,Blackout stoppen,Volksinitiative «Jederzeit Strom für alle (Blackout stoppen)»,≤100
169510248558,Die Mitte - Le Centre,Die Mitte,≤100
169752569742293,Schweizerischer Gewerbeverband sgv,Schweizerischer Gewerbeverband sgv,≤100
259871484198551,Thomas Matter,Thomas Matter,≤100
398567686824626,GRÜNE Kanton St.Gallen,Grüne Kanton St. Gallen,≤100
122096648384016946,Die Schweizer Wirtschaft,These ads ran without a disclaimer,≤100
1547077958856705,"Nicolo Paganini, St.Galler Nationalrat","Nicolo Paganini, St.Galler Nationalrat",≤100
102014399307738,Direkt,direkt,≤100
110981058712788,Iniziativa biodiversità,Iniziativa biodiversità,≤100
921336971288655,Nagra,Nagra,≤100
274309186054845,JUSO Kanton St.Gallen,JUSO Kanton St.Gallen,≤100
478040605021,Junge Grüne Schweiz,Junge Grüne Schweiz,≤100
48980326364,Public Eye,Public Eye,≤100
180501591989950,Jungfreisinnige Kanton Zürich,Jungfreisinnige Kanton Zürich,≤100
154976914534194,Save the Children Schweiz/Suisse,Save the Children Schweiz,≤100
18087904183,PLR,PLR,≤100
101432554786737,Verein Stadtgrün,Verein Stadtgrün,≤100
97220294896,SP Schweiz,SP Schweiz,≤100
109554945523780,Initiative biodiversité,Initiative biodiversité,≤100
178097975717370,SP Kreuzlingen,SP Kreuzlingen,≤100
1524859774444235,Koalition für Konzernverantwortung,Koalition für Konzernverantwortung,≤100
389917717803867,SVP Graubünden,SVP Graubünden,≤100
107494077464434,Janine Vannaz,Janine Vannaz,≤100
113292715120155,Matthias Müller,Matthias Müller,≤100
1027844850652657,Boomerang Ideas,Boomerang Ideas AG,≤100
115134174862244,perspectivesuisse.ch,IG Wirtschaftsverbände,≤100
193388757364033,Solidar Suisse,Solidar Suisse,≤100
117741198303856,FDP Kanton Zürich,FDP Kanton Zürich,≤100
97721121385,Public Eye,Public Eye,≤100
2205274923057144,Helmut Bauer,These ads ran without a disclaimer,≤100
167064773463386,SP Lyss-Busswil,SP Lyss-Busswil,≤100
108103318693563,"Heidi Weiss, Bauma, EVP","Heidi Weiss, Bauma, EVP",≤100
102733401616452,Tanja Miljanović in den Nationalrat,Tanja Miljanović in den Nationalrat,≤100
124266620968132,FDP.Die Liberalen Kanton Thurgau,FDP Thurgau,≤100
267353906619818,Mr. Gugu & Miss Go,These ads ran without a disclaimer,≤100
218538701651843,Union suisse des arts et métiers usam,Schweizerischer Gewerbeverband sgv,≤100
103564366367787,MSC - Nachhaltige Fischerei,These ads ran without a disclaimer,≤100
330071323785229,FDP. Die Liberalen Frauen Basel-Stadt,FDP. Die Liberalen Frauen Basel-Stadt,≤100
1485049551780485,Schweizerischer Fitness- und Gesundheitscenterverband,These ads ran without a disclaimer,≤100
619051955163582,AWOB - Adrian Wegmann Oberrieden,Purplelama,≤100
890524711033887,Personio,These ads ran without a disclaimer,≤100
106300899437929,Patrick Hässig,Patrick Hässig,≤100
1405195019770383,Svájci Magyar Rendezvények,These ads ran without a disclaimer,≤100
108625789179165,Soi Dog Foundation,These ads ran without a disclaimer,≤100
100649012962611,Direct,Direct,≤100
376640739090595,Baloise.CH,These ads ran without a disclaimer,≤100
112701670136769,CH+ Games for Democracy,PROJEKT CH+,≤100
930378267027747,Treuhand- und Revisionsgesellschaft Mattig-Suter und Partner,These ads ran without a disclaimer,≤100
36735923253,umverkehR,umverkehR,≤100
22893372268,BMW,These ads ran without a disclaimer,≤100
957666270947312,younity,These ads ran without a disclaimer,≤100
651914428165177,PS Sion,PS Sion,≤100
606125032803856,alpinavera,These ads ran without a disclaimer,≤100
2525584750795209,Nina Fehr Düsel,Nina Fehr Düsel,≤100
7783116506,Animals Asia,These ads ran without a disclaimer,≤100
104429105278155,Dương Oanh,These ads ran without a disclaimer,≤100
1587949341492441,Claudio Zihlmann,Claudio Zihlmann,≤100
468234396555549,Stiftung Zukunft CH,These ads ran without a disclaimer,≤100
103188239286076,Andrea de Meuron,These ads ran without a disclaimer,≤100
510352742440847,Coalition pour des multinationales responsables,Coalition pour des multinationales responsables,≤100
2114553392189767,David Roth,David Roth,≤100
101103429022118,Grüne Schlieren,Grüne Partei Schlieren,≤100
338957717103,Ascot Elite Entertainment Switzerland,These ads ran without a disclaimer,≤100
245359058938449,Brunel Global,These ads ran without a disclaimer,≤100
122095484306010983,Notizen aus der Pathologie,These ads ran without a disclaimer,≤100
344556287396,Penguin Bücher,These ads ran without a disclaimer,≤100
107032318943312,Revoltrain Academy,These ads ran without a disclaimer,≤100
114025938452734,FactFusion,These ads ran without a disclaimer,≤100
802107323183602,Uwe Damm Trainingheads with quality Hair,These ads ran without a disclaimer,≤100
100726469516197,HistoryHappens,These ads ran without a disclaimer,≤100