﻿Page ID,Page name,Disclaimer,Amount spent (CHF)
105302842574771,FDP.Die Liberalen Kanton Zug,FDP.Die Liberalen Zug,262
194790813901953,Grüne Schweiz,Grüne Schweiz,≤100
255506388731408,Biodiversitätsinitiative,Biodiversitätsinitiative,≤100
346553825821470,Andreas Lustenberger in den Nationalrat,Andreas Lustenberger,≤100
853769651645097,Ständerat Matthias Michel,Ständerat Matthias Michel,≤100
126955504056188,Gregor Bruhin in den Nationalrat,Gregor Bruhin,≤100
15733998334,FDP,FDP,≤100
105527252338650,perspektiveschweiz.ch,IG Wirtschaftsverbände,≤100
921336971288655,Nagra,Nagra,≤100
114803848589834,DIE ZEIT,These ads ran without a disclaimer,≤100
8142847754,Jungfreisinnige Schweiz,Jungfreisinnige Schweiz,≤100
169510248558,Die Mitte - Le Centre,Die Mitte,≤100
106459178771498,Antonia Martina Durisch,Antonia Martina Durisch,≤100
102014399307738,Direkt,direkt,≤100
51415837765,Greenpeace Switzerland,Greenpeace Switzerland,≤100
111081131629685,Blackout stoppen,Volksinitiative «Jederzeit Strom für alle (Blackout stoppen)»,≤100
122096648384016946,Die Schweizer Wirtschaft,These ads ran without a disclaimer,≤100
169752569742293,Schweizerischer Gewerbeverband sgv,Schweizerischer Gewerbeverband sgv,≤100
180501591989950,Jungfreisinnige Kanton Zürich,Jungfreisinnige Kanton Zürich,≤100
259871484198551,Thomas Matter,Thomas Matter,≤100
18087904183,PLR,PLR,≤100
478040605021,Junge Grüne Schweiz,Junge Grüne Schweiz,≤100
109554945523780,Initiative biodiversité,Initiative biodiversité,≤100
110981058712788,Iniziativa biodiversità,Iniziativa biodiversità,≤100
101432554786737,Verein Stadtgrün,Verein Stadtgrün,≤100
48980326364,Public Eye,Public Eye,≤100
289772074451810,FDP.Die Liberalen Aargau,FDP.Die Liberalen Aargau,≤100
154976914534194,Save the Children Schweiz/Suisse,Save the Children Schweiz,≤100
117741198303856,FDP Kanton Zürich,FDP Kanton Zürich,≤100
1524859774444235,Koalition für Konzernverantwortung,Koalition für Konzernverantwortung,≤100
115134174862244,perspectivesuisse.ch,IG Wirtschaftsverbände,≤100
820391221400929,Unser Stadtrat Florin Scherrer,Unser Stadtrat Florin Scherrer,≤100
97721121385,Public Eye,Public Eye,≤100
102718129475079,Ambil Sandy,Bezirksrichterwahl,≤100
1027844850652657,Boomerang Ideas,Boomerang Ideas AG,≤100
102733401616452,Tanja Miljanović in den Nationalrat,Tanja Miljanović in den Nationalrat,≤100
218538701651843,Union suisse des arts et métiers usam,Schweizerischer Gewerbeverband sgv,≤100
930378267027747,Treuhand- und Revisionsgesellschaft Mattig-Suter und Partner,These ads ran without a disclaimer,≤100
193388757364033,Solidar Suisse,Solidar Suisse,≤100
97220294896,SP Schweiz,SP Schweiz,≤100
108103318693563,"Heidi Weiss, Bauma, EVP","Heidi Weiss, Bauma, EVP",≤100
167064773463386,SP Lyss-Busswil,SP Lyss-Busswil,≤100
267353906619818,Mr. Gugu & Miss Go,These ads ran without a disclaimer,≤100
100649012962611,Direct,Direct,≤100
2205274923057144,Helmut Bauer,These ads ran without a disclaimer,≤100
107494077464434,Janine Vannaz,Janine Vannaz,≤100
651914428165177,PS Sion,PS Sion,≤100
890524711033887,Personio,These ads ran without a disclaimer,≤100
619051955163582,AWOB - Adrian Wegmann Oberrieden,Purplelama,≤100
2525584750795209,Nina Fehr Düsel,Nina Fehr Düsel,≤100
106964611977537,Switlo,Switlo,≤100
330071323785229,FDP. Die Liberalen Frauen Basel-Stadt,FDP. Die Liberalen Frauen Basel-Stadt,≤100
1485049551780485,Schweizerischer Fitness- und Gesundheitscenterverband,These ads ran without a disclaimer,≤100
510352742440847,Coalition pour des multinationales responsables,Coalition pour des multinationales responsables,≤100
238711029872717,Die Mitte Sarganserland - Für ein starkes Sarganserland,Die Mitte Sarganserland - Für ein starkes Sarganserland,≤100
1405195019770383,Svájci Magyar Rendezvények,These ads ran without a disclaimer,≤100
103188239286076,Andrea de Meuron,These ads ran without a disclaimer,≤100
36735923253,umverkehR,umverkehR,≤100
1483343695307824,Campax,Campax,≤100
1240731822752891,Roger Bachmann,Roger Bachmann,≤100
2114553392189767,David Roth,David Roth,≤100
338957717103,Ascot Elite Entertainment Switzerland,These ads ran without a disclaimer,≤100
106300899437929,Patrick Hässig,Patrick Hässig,≤100
606125032803856,alpinavera,These ads ran without a disclaimer,≤100
112701670136769,CH+ Games for Democracy,PROJEKT CH+,≤100
116026458226576,Barbara Portmann,Barbara Portmann,≤100
101103429022118,Grüne Schlieren,Grüne Partei Schlieren,≤100
22893372268,BMW,These ads ran without a disclaimer,≤100
122095484306010983,Notizen aus der Pathologie,These ads ran without a disclaimer,≤100
104429105278155,Dương Oanh,These ads ran without a disclaimer,≤100
103564366367787,MSC - Nachhaltige Fischerei,These ads ran without a disclaimer,≤100
100726469516197,HistoryHappens,These ads ran without a disclaimer,≤100
245359058938449,Brunel Global,These ads ran without a disclaimer,≤100
114025938452734,FactFusion,These ads ran without a disclaimer,≤100
802107323183602,Uwe Damm Trainingheads with quality Hair,These ads ran without a disclaimer,≤100