﻿Page ID,Page name,Disclaimer,Amount spent (CHF)
15733998334,FDP,FDP,≤100
105527252338650,perspektiveschweiz.ch,IG Wirtschaftsverbände,≤100
18087904183,PLR,PLR,≤100
194790813901953,Grüne Schweiz,Grüne Schweiz,≤100
114803848589834,DIE ZEIT,These ads ran without a disclaimer,≤100
169752569742293,Schweizerischer Gewerbeverband sgv,Schweizerischer Gewerbeverband sgv,≤100
2205274923057144,Helmut Bauer,These ads ran without a disclaimer,≤100
167064773463386,SP Lyss-Busswil,SP Lyss-Busswil,≤100
102014399307738,Direkt,direkt,≤100
169510248558,Die Mitte - Le Centre,Die Mitte,≤100
115134174862244,perspectivesuisse.ch,IG Wirtschaftsverbände,≤100
122096648384016946,Die Schweizer Wirtschaft,These ads ran without a disclaimer,≤100
110981058712788,Iniziativa biodiversità,Iniziativa biodiversità,≤100
921336971288655,Nagra,Nagra,≤100
109554945523780,Initiative biodiversité,Initiative biodiversité,≤100
218538701651843,Union suisse des arts et métiers usam,Schweizerischer Gewerbeverband sgv,≤100
180501591989950,Jungfreisinnige Kanton Zürich,Jungfreisinnige Kanton Zürich,≤100
478040605021,Junge Grüne Schweiz,Junge Grüne Schweiz,≤100
255506388731408,Biodiversitätsinitiative,Biodiversitätsinitiative,≤100
100649012962611,Direct,Direct,≤100
1524859774444235,Koalition für Konzernverantwortung,Koalition für Konzernverantwortung,≤100
111081131629685,Blackout stoppen,Volksinitiative «Jederzeit Strom für alle (Blackout stoppen)»,≤100
48980326364,Public Eye,Public Eye,≤100
108103318693563,"Heidi Weiss, Bauma, EVP","Heidi Weiss, Bauma, EVP",≤100
51415837765,Greenpeace Switzerland,Greenpeace Switzerland,≤100
259871484198551,Thomas Matter,Thomas Matter,≤100