﻿Page ID,Page name,Disclaimer,Amount spent (CHF)
194790813901953,Grüne Schweiz,Grüne Schweiz,≤100
255506388731408,Biodiversitätsinitiative,Biodiversitätsinitiative,≤100
15733998334,FDP,FDP,≤100
114803848589834,DIE ZEIT,These ads ran without a disclaimer,≤100
8142847754,Jungfreisinnige Schweiz,Jungfreisinnige Schweiz,≤100
169510248558,Die Mitte - Le Centre,Die Mitte,≤100
259871484198551,Thomas Matter,Thomas Matter,≤100
51415837765,Greenpeace Switzerland,Greenpeace Switzerland,≤100
169752569742293,Schweizerischer Gewerbeverband sgv,Schweizerischer Gewerbeverband sgv,≤100
111124128677070,Nico Fankhauser,Unterstützungskomitee «Nico Fankhauser in den Nationalrat»,≤100
180501591989950,Jungfreisinnige Kanton Zürich,Jungfreisinnige Kanton Zürich,≤100
18087904183,PLR,PLR,≤100
100360518736993,Jungfreisinnige Obwalden,Jungfreisinnige Obwalden,≤100
111081131629685,Blackout stoppen,Volksinitiative «Jederzeit Strom für alle (Blackout stoppen)»,≤100
122096648384016946,Die Schweizer Wirtschaft,These ads ran without a disclaimer,≤100
102014399307738,Direkt,direkt,≤100
48980326364,Public Eye,Public Eye,≤100
478040605021,Junge Grüne Schweiz,Junge Grüne Schweiz,≤100
109554945523780,Initiative biodiversité,Initiative biodiversité,≤100
110981058712788,Iniziativa biodiversità,Iniziativa biodiversità,≤100
921336971288655,Nagra,Nagra,≤100
154976914534194,Save the Children Schweiz/Suisse,Save the Children Schweiz,≤100
101432554786737,Verein Stadtgrün,Verein Stadtgrün,≤100
115134174862244,perspectivesuisse.ch,IG Wirtschaftsverbände,≤100
1524859774444235,Koalition für Konzernverantwortung,Koalition für Konzernverantwortung,≤100
2205274923057144,Helmut Bauer,These ads ran without a disclaimer,≤100
267353906619818,Mr. Gugu & Miss Go,These ads ran without a disclaimer,≤100
97220294896,SP Schweiz,SP Schweiz,≤100
1027844850652657,Boomerang Ideas,Boomerang Ideas AG,≤100
102733401616452,Tanja Miljanović in den Nationalrat,Tanja Miljanović in den Nationalrat,≤100
108103318693563,"Heidi Weiss, Bauma, EVP","Heidi Weiss, Bauma, EVP",≤100
820391221400929,Unser Stadtrat Florin Scherrer,Unser Stadtrat Florin Scherrer,≤100
218538701651843,Union suisse des arts et métiers usam,Schweizerischer Gewerbeverband sgv,≤100
97721121385,Public Eye,Public Eye,≤100
105527252338650,perspektiveschweiz.ch,IG Wirtschaftsverbände,≤100
107494077464434,Janine Vannaz,Janine Vannaz,≤100
102718129475079,Ambil Sandy,Bezirksrichterwahl,≤100
100649012962611,Direct,Direct,≤100
1485049551780485,Schweizerischer Fitness- und Gesundheitscenterverband,These ads ran without a disclaimer,≤100
167064773463386,SP Lyss-Busswil,SP Lyss-Busswil,≤100
2114553392189767,David Roth,David Roth,≤100
1405195019770383,Svájci Magyar Rendezvények,These ads ran without a disclaimer,≤100
112701670136769,CH+ Games for Democracy,PROJEKT CH+,≤100
376640739090595,Baloise.CH,These ads ran without a disclaimer,≤100
651914428165177,PS Sion,PS Sion,≤100
338957717103,Ascot Elite Entertainment Switzerland,These ads ran without a disclaimer,≤100
167983071434,SP Kriens,SP Kriens,≤100
468234396555549,Stiftung Zukunft CH,These ads ran without a disclaimer,≤100
101103429022118,Grüne Schlieren,Grüne Partei Schlieren,≤100
606125032803856,alpinavera,These ads ran without a disclaimer,≤100
890524711033887,Personio,These ads ran without a disclaimer,≤100
245359058938449,Brunel Global,These ads ran without a disclaimer,≤100
1589154051350606,FOZ - Friends of Zion Museum,These ads ran without a disclaimer,≤100
114025938452734,FactFusion,These ads ran without a disclaimer,≤100
7783116506,Animals Asia,These ads ran without a disclaimer,≤100
103564366367787,MSC - Nachhaltige Fischerei,These ads ran without a disclaimer,≤100