﻿Page ID,Page name,Disclaimer,Amount spent (CHF)
109554945523780,Initiative biodiversité,Initiative biodiversité,218
175478195846132,Les Vert·e·s suisses,Grüne Schweiz,125
115134174862244,perspectivesuisse.ch,IG Wirtschaftsverbände,≤100
535897123124799,Jeunes Libéraux-Radicaux Suisse,Jeunes Libéraux-Radicaux Suisses,≤100
255506388731408,Biodiversitätsinitiative,Biodiversitätsinitiative,≤100
100253893088201,Didier Calame au Conseil national,Didier Calame au Conseil national,≤100
218538701651843,Union suisse des arts et métiers usam,Schweizerischer Gewerbeverband sgv,≤100
103550668590403,Mieux vivre sa vie,Mieux Vivre Sa Vie,≤100
105527252338650,perspektiveschweiz.ch,IG Wirtschaftsverbände,≤100
100649012962611,Direct,Direct,≤100
106758017401357,Gerber Markus,Markus Gerber,≤100
169752569742293,Schweizerischer Gewerbeverband sgv,Schweizerischer Gewerbeverband sgv,≤100
97721121385,Public Eye,Public Eye,≤100
169510248558,Die Mitte - Le Centre,Die Mitte,≤100
2068625050104664,Jeunes Vert•e•x•s Suisse,Junge Grüne Schweiz,≤100
110981058712788,Iniziativa biodiversità,Iniziativa biodiversità,≤100
114803848589834,DIE ZEIT,These ads ran without a disclaimer,≤100
376640739090595,Baloise.CH,These ads ran without a disclaimer,≤100
51415837765,Greenpeace Switzerland,Greenpeace Switzerland,≤100
154976914534194,Save the Children Schweiz/Suisse,Save the Children Schweiz,≤100
194790813901953,Grüne Schweiz,Grüne Schweiz,≤100
921336971288655,Nagra,Nagra,≤100
101432554786737,Verein Stadtgrün,Verein Stadtgrün,≤100
111081131629685,Blackout stoppen,Volksinitiative «Jederzeit Strom für alle (Blackout stoppen)»,≤100
114991241616639,Jan Köbeli,Jan Köbeli,≤100
510352742440847,Coalition pour des multinationales responsables,Coalition pour des multinationales responsables,≤100
102014399307738,Direkt,direkt,≤100
122096648384016946,Die Schweizer Wirtschaft,These ads ran without a disclaimer,≤100
18087904183,PLR,PLR,≤100
1317000255036258,Mouvement européen suisse - section Genève,Mouvement européen suisse - section Genève,≤100
107494077464434,Janine Vannaz,Janine Vannaz,≤100
820391221400929,Unser Stadtrat Florin Scherrer,Unser Stadtrat Florin Scherrer,≤100
107032318943312,Revoltrain Academy,These ads ran without a disclaimer,≤100
108103318693563,"Heidi Weiss, Bauma, EVP","Heidi Weiss, Bauma, EVP",≤100
102733401616452,Tanja Miljanović in den Nationalrat,Tanja Miljanović in den Nationalrat,≤100
48980326364,Public Eye,Public Eye,≤100
177101958993013,Parti Socialiste Yverdonnois,Parti Socialiste Yverdonnois,≤100
180501591989950,Jungfreisinnige Kanton Zürich,Jungfreisinnige Kanton Zürich,≤100
2170702239856130,Philippe Jobin - Candidat au Conseil National,Philippe Jobin - Candidat au Conseil National,≤100
259871484198551,Thomas Matter,Thomas Matter,≤100
2205274923057144,Helmut Bauer,These ads ran without a disclaimer,≤100
1027844850652657,Boomerang Ideas,Boomerang Ideas AG,≤100
1524859774444235,Koalition für Konzernverantwortung,Koalition für Konzernverantwortung,≤100
330071323785229,FDP. Die Liberalen Frauen Basel-Stadt,FDP. Die Liberalen Frauen Basel-Stadt,≤100
267353906619818,Mr. Gugu & Miss Go,These ads ran without a disclaimer,≤100
651914428165177,PS Sion,PS Sion,≤100
167064773463386,SP Lyss-Busswil,SP Lyss-Busswil,≤100
890524711033887,Personio,These ads ran without a disclaimer,≤100
112701670136769,CH+ Games for Democracy,PROJEKT CH+,≤100
97220294896,SP Schweiz,SP Schweiz,≤100
245359058938449,Brunel Global,These ads ran without a disclaimer,≤100
22893372268,BMW,These ads ran without a disclaimer,≤100
1926643484312795,Tamara Funiciello,Tamara Funiciello,≤100
15733998334,FDP,FDP,≤100
193388757364033,Solidar Suisse,Solidar Suisse,≤100
36735923253,umverkehR,umverkehR,≤100
103188239286076,Andrea de Meuron,These ads ran without a disclaimer,≤100
1587949341492441,Claudio Zihlmann,Claudio Zihlmann,≤100
427635294307795,Andreas Ruefer Nationalratskandidat,Andreas Ruefer Nationalratskandidat,≤100
101103429022118,Grüne Schlieren,Grüne Partei Schlieren,≤100
269807686281,top agrar,These ads ran without a disclaimer,≤100
7783116506,Animals Asia,These ads ran without a disclaimer,≤100
778584105497901,Donizetti Opera,These ads ran without a disclaimer,≤100
104429105278155,Dương Oanh,These ads ran without a disclaimer,≤100
802107323183602,Uwe Damm Trainingheads with quality Hair,These ads ran without a disclaimer,≤100
114025938452734,FactFusion,These ads ran without a disclaimer,≤100
108625789179165,Soi Dog Foundation,These ads ran without a disclaimer,≤100