﻿Page ID,Page name,Disclaimer,Amount spent (CHF)
103550668590403,Mieux vivre sa vie,Mieux Vivre Sa Vie,122
1504706079628728,ASLOCA Suisse,ASLOCA Suisse,≤100
291359247729208,PS Suisse,PS Suisse,≤100
120307884715130,Les Vert•e•s Valais - Grüne Wallis,Les Vert•e•s Valais - Grüne Wallis,≤100
97220294896,SP Schweiz,SP Schweiz,≤100
106321615725425,Oui à la Loi climat,Oui à la loi climat,≤100
2759282954298123,Emmanuel Amoos - conseiller national,Emmanuel Didier Amoos,≤100
510352742440847,Coalition pour des multinationales responsables,Coalition pour des multinationales responsables,≤100
1054282644596776,GE-démocratie,GE-démocratie,≤100
218538701651843,Union suisse des arts et métiers usam,Schweizerischer Gewerbeverband sgv,≤100
162745750462776,Mieterinnen- und Mieterverband MV,Mieterinnen- und Mieterverband MV,≤100
104176871670876,Renteninitiative - Für eine sichere & nachhaltige Altersvorsorge,Verein Renteninitiative,≤100
175478195846132,Les Vert·e·s suisses,Grüne Schweiz,≤100
600706570124933,Verkehrssanierungen JA,Komitee Verkehrssanierungen JA,≤100
1429860470617358,Le Centre / Ville de Genève,Le Centre / Ville de Genève,≤100
169510248558,Die Mitte - Le Centre,Die Mitte,≤100
105890175750510,Luca Carbone  lucacarbone.ch,Luca Carbone,≤100
921336971288655,Nagra,Nagra,≤100
103269145789541,Stop au blackout,Initiative populaire « De l’électricité pour tous en tout temps (Stop au blackout) »,≤100
353685744720476,Jungfreisinnige Stadt Luzern,Jungfreisinnige Stadt Luzern,≤100
103190662706168,NON à la Loi sur la Chasse.,Rolf Hugo Hilfiker,≤100
1526697364280066,Partito Socialista Ticino,Partito Socialista Ticino,≤100
1483343695307824,Campax,Campax,≤100
154976914534194,Save the Children Schweiz/Suisse,Save the Children Schweiz,≤100
48980326364,Public Eye,Public Eye,≤100
259871484198551,Thomas Matter,Thomas Matter,≤100
102014399307738,Direkt,direkt,≤100
169752569742293,Schweizerischer Gewerbeverband sgv,Schweizerischer Gewerbeverband sgv,≤100
158820214312321,Citations Ron Hubbard,Mieux Vivre Sa Vie,≤100
178925535502983,Matthew Fowler,These ads ran without a disclaimer,≤100
107126168963330,Pascal Mueller-Born,Pascal Alois Müller Born,≤100
2246378485612019,ASI - Associazione Svizzera Inquilini,ASI - Associazione Svizzera Inquilini,≤100
111081131629685,Blackout stoppen,Volksinitiative «Jederzeit Strom für alle (Blackout stoppen)»,≤100
100332749664541,Ja zum Klimaschutz-Gesetz,JA zum Klimaschutz,≤100
97721121385,Public Eye,Public Eye,≤100
663896104043182,Kultur Luzern,Kultur Luzern,≤100
194790813901953,Grüne Schweiz,Grüne Schweiz,≤100
100980232576650,Muriel Langenberger,Muriel Langenberger,≤100
1524954517562834,Prominis,Prominis GmbH,≤100
143674429003483,PLR.Les Libéraux-Radicaux Lausanne,Sandro Guiseppe Patronaggio,≤100
1492503634364441,Liste d'Union Populaire,Ensemble à Gauche-Genève,≤100
784812424962943,Tele Z,TELE Z,≤100
453655411351244,Giovani UDC Ticino,Giovani UDC Ticino,≤100
100844786282093,SÌ alla Legge clima,Sì alla legge clima,≤100
107483864336789,I am a Casting Worker,These ads ran without a disclaimer,≤100
203499872999296,Die Mitte Weinfelden,Die Mitte Weinfelden,≤100
288659088239530,MCG Officiel,Mouvement Citoyens Genevois,≤100
80305304937,Grünliberale Partei Sursee,Grünliberale Partei Sursee,≤100
100381452863244,Libertés et Justice sociale,Libertés et Justice sociale,≤100
348751641846632,JUSO Zürich Oberland,JUSO Zürcher Oberland,≤100
1899205393647099,TAP Air Portugal,These ads ran without a disclaimer,≤100
763722197034246,En Développement,These ads ran without a disclaimer,≤100
104539708901187,CHARGENOW,These ads ran without a disclaimer,≤100
100116156110843,Stop al blackout,Iniziativa popolare «Energia elettrica in ogni tempo per tutti (Stop al blackout)»,≤100
19746387261,Humane Society International,These ads ran without a disclaimer,≤100
104905208856666,Єдиний державний хаб зі збору доказів воєнних злочинів,These ads ran without a disclaimer,≤100
467503303605894,PLR Castel San Pietro,PLR Castel San Pietro,≤100
114475618216572,omar_bariffi,These ads ran without a disclaimer,≤100
109889270596253,Aurelio Sargenti,Aurelio Mario Elvezio Sargenti,≤100
34823056709,MASIA ONE,These ads ran without a disclaimer,≤100
114584561517154,Komitee für ein JA zum Basler Steuerpaket,Komitee JA! zum Basler Steuerpaket,≤100
200905173303222,"SCI Switzerland (Schweiz, Suisse, Svizzera)","SCI Switzerland (Schweiz, Suisse, Svizzera)",≤100
101670246199662,Claudia Wicki-Huonder,Claudia Wicki-Huonder,≤100
100267076206781,Ensemble à Gauche solidaritéS-Parti du Travail-DAL,Ensemble à Gauche,≤100
101664679500421,Uni·es par nos convictions · Engagé·es pour Genève,Uni·es par nos convictions · Engagé·es pour Genève,≤100
125466200895962,Valentin Landmann,Sven Kunz,≤100
613553422342850,Aelfric Eden,These ads ran without a disclaimer,≤100
115874494765640,Marco Knubel,Marco Knubel,≤100
105982889575233,Le Centre Genève,Le Centre Genève,≤100
141785025856184,SAS - DACH,These ads ran without a disclaimer,≤100
618990544877607,Natalia Ferrara,Natalia Ferrara,≤100
1012263022170223,HotellerieSuisse,HotellerieSuisse,≤100
238982909481105,Les Vert·e·s Genevois·es,Les Vert-e-s genevois-es,≤100
101122865395791,Matteo Buzzi,Matteo Buzzi,≤100
103270885568192,jungfreisinnigeoberwallis,These ads ran without a disclaimer,≤100
109742838576665,Sandro Gerber - FDP.Die Liberalen,sandrogerber,≤100
101845688544113,House Of Pearls,These ads ran without a disclaimer,≤100
227642364102648,Luka & Jenalyn,These ads ran without a disclaimer,≤100
122849551077569,Democrats Abroad Switzerland,Democrats Abroad,≤100
463645587339110,Piero Marchesi,Piero Marchesi,≤100
108804628818873,Virna Conti,Virna Conti,≤100
108595330730708,Groupe lgbtiq+ du PS genevois,Groupe lgbtiq+ du PS genevois,≤100
1439209716323593,UDC Ticino,UDC Ticino,≤100
122819208305170,Sauvegarde Genève,Sauvegarde Genève,≤100
247193432357291,Diaspora TV  Switzerland,These ads ran without a disclaimer,≤100
102700334426254,Pierluigi Pasi,Pierluigi Pasi,≤100
372803770225965,Mario Cozzio - GLP,Mario Cozzio - GLP,≤100
809697199378485,Sandra Cellarius,Sandra Alice Cellarius,≤100
123192108283,Ladies Drive,These ads ran without a disclaimer,≤100
108293222212918,Rachel Da Silva,These ads ran without a disclaimer,≤100
398067980552180,The Rainforest Company,These ads ran without a disclaimer,≤100
109800067528317,The Woman of Elegance,These ads ran without a disclaimer,≤100
110547838607111,NON IN 179,FER Genève - Fédération des Entreprises Romandes Genève,≤100
414645712302029,The Diplomatic Affairs,These ads ran without a disclaimer,≤100
1408105192742894,The Writing Academic,These ads ran without a disclaimer,≤100
103934207741083,Selena Ryan,These ads ran without a disclaimer,≤100
100128419377311,Just For Her 3,These ads ran without a disclaimer,≤100
114908574874457,Green Roots,These ads ran without a disclaimer,≤100
315160671967064,Council of Europe DG Human Rights and Rule of Law,These ads ran without a disclaimer,≤100
1401678933415357,Blooming Fire,These ads ran without a disclaimer,≤100
845039715506074,Anything Canada,These ads ran without a disclaimer,≤100
322599777438,BBD,These ads ran without a disclaimer,≤100
537631986431047,STRABAG,These ads ran without a disclaimer,≤100
974568909258226,Ubiquinol Deutschland,These ads ran without a disclaimer,≤100
46734093466,Falkensteiner Hotels & Residences,These ads ran without a disclaimer,≤100
110368331992413,Party Rent Jobs,These ads ran without a disclaimer,≤100
106069261540287,baby.korb,These ads ran without a disclaimer,≤100
151744228264505,SmallRig,These ads ran without a disclaimer,≤100
100331992509873,Márcia Belmiro - Finanças,These ads ran without a disclaimer,≤100
470721533028851,Hair Frenzy,These ads ran without a disclaimer,≤100
140556749292891,National Library of Israel,These ads ran without a disclaimer,≤100
593521827465239,Curls Vitamins,These ads ran without a disclaimer,≤100
730128206999668,Miel de Botton,These ads ran without a disclaimer,≤100
110902058583859,WAVE for a better future,These ads ran without a disclaimer,≤100
99208765016,kununu,These ads ran without a disclaimer,≤100
127715923978522,BRP-Rotax,These ads ran without a disclaimer,≤100
100840902867757,Equal Rebels,These ads ran without a disclaimer,≤100
1496843297242441,Fernstudium Direkt,These ads ran without a disclaimer,≤100
102366797884775,KI-Campus,These ads ran without a disclaimer,≤100
295143794714526,The Spirit of OM,These ads ran without a disclaimer,≤100
94927933313,ITCHY,These ads ran without a disclaimer,≤100
1637540119805937,SCHOTT CERAN Deutschland,These ads ran without a disclaimer,≤100
12359083356,Dein Bayern,These ads ran without a disclaimer,≤100
443405509193065,N26,These ads ran without a disclaimer,≤100
1569490583306401,Namaste Kids,These ads ran without a disclaimer,≤100
109993651904969,freyamaryjewels,These ads ran without a disclaimer,≤100
285860150825,New Design University,These ads ran without a disclaimer,≤100
110367919014958,ERGO,These ads ran without a disclaimer,≤100
527194514089238,La parfaite maman cinglante,These ads ran without a disclaimer,≤100
114184003617301,SternMed GmbH,These ads ran without a disclaimer,≤100