﻿Page ID,Page name,Disclaimer,Amount spent (CHF)
103361322680851,Armin Hartmann,Hartmann2023,3225
103915262545181,KMU geprüft,KMU geprüft,1375
192306360802833,Grünliberale Luzern Land,Grünliberale Luzern Land,1087
101500332827222,SVP Wahlkreis Sursee,SVP Wahlkreis Sursee,700
104009029660183,Die Junge Mitte Kanton Luzern,Die Junge Mitte Kanton Luzern,480
112233721686095,Ylfete Fanaj in den Regierungsrat,Ylfete Fanaj in den Regierungsrat,441
140334276690,Grüne Luzern,GRÜNE Luzern,370
756722317788172,FDP.Die Liberalen Stadt Luzern,FDP.Die Liberalen Stadt Luzern,325
160175017370384,SP Stadt Luzern,SP Stadt Luzern,300
353685744720476,Jungfreisinnige Stadt Luzern,Jungfreisinnige Stadt Luzern,270
97220294896,SP Schweiz,SP Schweiz,194
185972504782621,FDP.Die Liberalen Luzern,FDP.Die Liberalen Luzern,185
103369269163798,Mittendrin,Hanspeter Renggli,131
809697199378485,Sandra Cellarius,Sandra Alice Cellarius,119
100213996124067,Grünliberale Sektion Emmen-Hochdorf,Grünliberale Sektion Emmen-Hochdorf,114
206766506736201,Verein Alleinerziehende Mütter und Väter Luzern,Verein alleinerziehende Mütter und Väter Luzern,106
103237956032492,Willy Portmann,Willy Portmann,≤100
1526151274353450,FDP.Die Liberalen Horw,FDP.Die Liberalen Horw,≤100
100756302940852,Raimund Wenger - Kantonsratswahlen 2023,Raimund Wenger,≤100
162745750462776,Mieterinnen- und Mieterverband MV,Mieterinnen- und Mieterverband MV,≤100
2352152991729492,Marco Baumann,Marco Baumann,≤100
471258816239362,Junge SVP Luzern,Junge SVP Luzern,≤100
227720898168117,Markus Estermann,Markus Estermann,≤100
360151400680191,Die Mitte Stadt Luzern,Die Mitte Stadt Luzern,≤100
106152765729668,Luca Boog,Luca Boog,≤100
600706570124933,Verkehrssanierungen JA,Komitee Verkehrssanierungen JA,≤100
444782879416384,Claudia Huser in den Regierungsrat,Claudia Huser,≤100
80305304937,Grünliberale Partei Sursee,Grünliberale Partei Sursee,≤100
264952450282664,JUSO Luzern,JUSO Luzern,≤100
105590639145209,Andri Hummel in den Kantonsrat,Andri Mario Hummel,≤100
101986432797310,Anna-Sophia Spieler,Anna-Sophia Spieler,≤100
663896104043182,Kultur Luzern,Kultur Luzern,≤100
241206082613218,SVP des Kantons Luzern,b2000 AG,≤100
154976914534194,Save the Children Schweiz/Suisse,Save the Children Schweiz,≤100
112920455046707,Mega gärn of Lozärn,Eva Forster,≤100
101670246199662,Claudia Wicki-Huonder,Claudia Wicki-Huonder,≤100
100732476262537,GLP Willisau,GLP Wahlkreis Willisau,≤100
1054282644596776,GE-démocratie,GE-démocratie,≤100
1001274146740534,"André Marti, Kantonsrat Kanton Luzern",André Marti,≤100
2114553392189767,David Roth,David Roth,≤100
104176871670876,Renteninitiative - Für eine sichere & nachhaltige Altersvorsorge,Verein Renteninitiative,≤100
372803770225965,Mario Cozzio - GLP,Mario Cozzio - GLP,≤100
100332749664541,Ja zum Klimaschutz-Gesetz,JA zum Klimaschutz,≤100
105590639145209,Andri Hummel in den Kantonsrat,These ads ran without a disclaimer,≤100
169752569742293,Schweizerischer Gewerbeverband sgv,Schweizerischer Gewerbeverband sgv,≤100
169510248558,Die Mitte - Le Centre,Die Mitte,≤100
194790813901953,Grüne Schweiz,Grüne Schweiz,≤100
107781380556722,Jonas Ineichen,Jonas Ineichen,≤100
102149056050165,Simon Leu,Simon Leu,≤100
167983071434,SP Kriens,SP Kriens,≤100
298155064222389,SVP Wahlkreis Entlebuch,SVP Wahlkreis Entlebuch,≤100
114231361547107,SVP Wahlkreis Hochdorf LU,SVP - Wahlkreis Hochdorf LU,≤100
259871484198551,Thomas Matter,Thomas Matter,≤100
290544665132087,Jasmin Ursprung,Jasmin Ursprung,≤100
983775695036102,Gianluca Pardini,Gianluca Pardini,≤100
1524954517562834,Prominis,Prominis GmbH,≤100
445013152316995,Die Mitte Kriens,Die Mitte Kriens,≤100
100345919659743,Andrea Bögli ins Obergerichtspräsidium Obwalden,Andrea Barbara Bögli,≤100
105890175750510,Luca Carbone  lucacarbone.ch,Luca Carbone,≤100
921336971288655,Nagra,Nagra,≤100
1483343695307824,Campax,Campax,≤100
784812424962943,Tele Z,TELE Z,≤100
102014399307738,Direkt,direkt,≤100
125466200895962,Valentin Landmann,Sven Kunz,≤100
348751641846632,JUSO Zürich Oberland,JUSO Zürcher Oberland,≤100
107126168963330,Pascal Mueller-Born,Pascal Alois Müller Born,≤100
1073858446007122,FDP. Die Liberalen Meggen,FDP. Die Liberalen Meggen,≤100
2246378485612019,ASI - Associazione Svizzera Inquilini,ASI - Associazione Svizzera Inquilini,≤100
111081131629685,Blackout stoppen,Volksinitiative «Jederzeit Strom für alle (Blackout stoppen)»,≤100
122849551077569,Democrats Abroad Switzerland,Democrats Abroad,≤100
1429860470617358,Le Centre / Ville de Genève,Le Centre / Ville de Genève,≤100
453655411351244,Giovani UDC Ticino,Giovani UDC Ticino,≤100
100844786282093,SÌ alla Legge clima,Sì alla legge clima,≤100
48980326364,Public Eye,Public Eye,≤100
100980232576650,Muriel Langenberger,Muriel Langenberger,≤100
114475618216572,omar_bariffi,These ads ran without a disclaimer,≤100
110368331992413,Party Rent Jobs,These ads ran without a disclaimer,≤100
148636738523021,LAGO Shopping-Center Konstanz,These ads ran without a disclaimer,≤100
104539708901187,CHARGENOW,These ads ran without a disclaimer,≤100
19746387261,Humane Society International,These ads ran without a disclaimer,≤100
175478195846132,Les Vert·e·s suisses,Grüne Schweiz,≤100
1504706079628728,ASLOCA Suisse,ASLOCA Suisse,≤100
467503303605894,PLR Castel San Pietro,PLR Castel San Pietro,≤100
1526697364280066,Partito Socialista Ticino,Partito Socialista Ticino,≤100
103190662706168,NON à la Loi sur la Chasse.,Rolf Hugo Hilfiker,≤100
106321615725425,Oui à la Loi climat,Oui à la loi climat,≤100
97721121385,Public Eye,Public Eye,≤100
218538701651843,Union suisse des arts et métiers usam,Schweizerischer Gewerbeverband sgv,≤100
291359247729208,PS Suisse,PS Suisse,≤100
109889270596253,Aurelio Sargenti,Aurelio Mario Elvezio Sargenti,≤100
114584561517154,Komitee für ein JA zum Basler Steuerpaket,Komitee JA! zum Basler Steuerpaket,≤100
1439209716323593,UDC Ticino,UDC Ticino,≤100
265786100439644,Grüne Freie Liste Stadt Bern,Grüne Freie Liste Bern,≤100
141785025856184,SAS - DACH,These ads ran without a disclaimer,≤100
100792205220828,art24,These ads ran without a disclaimer,≤100
1012263022170223,HotellerieSuisse,HotellerieSuisse,≤100
100116156110843,Stop al blackout,Iniziativa popolare «Energia elettrica in ogni tempo per tutti (Stop al blackout)»,≤100
203499872999296,Die Mitte Weinfelden,Die Mitte Weinfelden,≤100
109742838576665,Sandro Gerber - FDP.Die Liberalen,sandrogerber,≤100
101120115685831,SVP Stäfa,SVP Stäfa,≤100
463645587339110,Piero Marchesi,Piero Marchesi,≤100
1476717905682561,SP Zürich 6,SP Zürich 6,≤100
104265952574760,EVP Kreuzlingen,Adrian Robin Ziörjen,≤100
115874494765640,Marco Knubel,Marco Knubel,≤100
94927933313,ITCHY,These ads ran without a disclaimer,≤100
100381452863244,Libertés et Justice sociale,Libertés et Justice sociale,≤100
178925535502983,Matthew Fowler,These ads ran without a disclaimer,≤100
251838211585945,SP Basel-Stadt,SP Basel-Stadt,≤100
143674429003483,PLR.Les Libéraux-Radicaux Lausanne,Sandro Guiseppe Patronaggio,≤100
101122865395791,Matteo Buzzi,Matteo Buzzi,≤100
111955708496511,EUnew24,These ads ran without a disclaimer,≤100
288659088239530,MCG Officiel,Mouvement Citoyens Genevois,≤100
1492503634364441,Liste d'Union Populaire,Ensemble à Gauche-Genève,≤100
103269145789541,Stop au blackout,Initiative populaire « De l’électricité pour tous en tout temps (Stop au blackout) »,≤100
1585806105023846,Heinz Theiler in den Nationalrat,These ads ran without a disclaimer,≤100
123192108283,Ladies Drive,These ads ran without a disclaimer,≤100
108595330730708,Groupe lgbtiq+ du PS genevois,Groupe lgbtiq+ du PS genevois,≤100
100360518736993,Jungfreisinnige Obwalden,Jungfreisinnige Obwalden,≤100
200905173303222,"SCI Switzerland (Schweiz, Suisse, Svizzera)","SCI Switzerland (Schweiz, Suisse, Svizzera)",≤100
253562484727500,Partito Socialista Lugano,PS Lugano,≤100
103270885568192,jungfreisinnigeoberwallis,These ads ran without a disclaimer,≤100
104905208856666,Єдиний державний хаб зі збору доказів воєнних злочинів,These ads ran without a disclaimer,≤100
155541217947437,Rallye des Princesses Richard Mille,These ads ran without a disclaimer,≤100
101727068829380,Контекст Европа,These ads ran without a disclaimer,≤100
107325155633136,Susu Cam,These ads ran without a disclaimer,≤100
324950845227,VerkehrsRundschau,These ads ran without a disclaimer,≤100
1637540119805937,SCHOTT CERAN Deutschland,These ads ran without a disclaimer,≤100
1220981994590364,FT Partner Content,These ads ran without a disclaimer,≤100
105523218511506,Stolperworte,These ads ran without a disclaimer,≤100
100128419377311,Just For Her 3,These ads ran without a disclaimer,≤100
151744228264505,SmallRig,These ads ran without a disclaimer,≤100
537631986431047,STRABAG,These ads ran without a disclaimer,≤100
1945180119126515,kiki.van.den.molen,These ads ran without a disclaimer,≤100
46734093466,Falkensteiner Hotels & Residences,These ads ran without a disclaimer,≤100
34823056709,MASIA ONE,These ads ran without a disclaimer,≤100
434500200217464,Rifugio Jill Phipps,These ads ran without a disclaimer,≤100
99208765016,kununu,These ads ran without a disclaimer,≤100
106069261540287,baby.korb,These ads ran without a disclaimer,≤100
101845688544113,House Of Pearls,These ads ran without a disclaimer,≤100
107483864336789,I am a Casting Worker,These ads ran without a disclaimer,≤100
285860150825,New Design University,These ads ran without a disclaimer,≤100
295143794714526,The Spirit of OM,These ads ran without a disclaimer,≤100
1569490583306401,Namaste Kids,These ads ran without a disclaimer,≤100
590917281278301,UNIGLOVES Europe,These ads ran without a disclaimer,≤100
322599777438,BBD,These ads ran without a disclaimer,≤100
1899205393647099,TAP Air Portugal,These ads ran without a disclaimer,≤100
613553422342850,Aelfric Eden,These ads ran without a disclaimer,≤100
103934207741083,Selena Ryan,These ads ran without a disclaimer,≤100
102366797884775,KI-Campus,These ads ran without a disclaimer,≤100
100840902867757,Equal Rebels,These ads ran without a disclaimer,≤100
12359083356,Dein Bayern,These ads ran without a disclaimer,≤100
113281418366289,UFO_Power,These ads ran without a disclaimer,≤100
328734170817962,Milda Sabiene - Holistic Coach,These ads ran without a disclaimer,≤100
730128206999668,Miel de Botton,These ads ran without a disclaimer,≤100