﻿Page ID,Page name,Disclaimer,Amount spent (CHF)
97220294896,SP Schweiz,SP Schweiz,≤100
162745750462776,Mieterinnen- und Mieterverband MV,Mieterinnen- und Mieterverband MV,≤100
104176871670876,Renteninitiative - Für eine sichere & nachhaltige Altersvorsorge,Verein Renteninitiative,≤100
154976914534194,Save the Children Schweiz/Suisse,Save the Children Schweiz,≤100
1524859774444235,Koalition für Konzernverantwortung,Koalition für Konzernverantwortung,≤100
533593610474670,Susanne Vincenz-Stauffacher,Susanne Vincenz-Stauffacher,≤100
100332749664541,Ja zum Klimaschutz-Gesetz,JA zum Klimaschutz,≤100
194790813901953,Grüne Schweiz,Grüne Schweiz,≤100
1524954517562834,Prominis,Prominis GmbH,≤100
1054282644596776,GE-démocratie,GE-démocratie,≤100
259871484198551,Thomas Matter,Thomas Matter,≤100
169510248558,Die Mitte - Le Centre,Die Mitte,≤100
169752569742293,Schweizerischer Gewerbeverband sgv,Schweizerischer Gewerbeverband sgv,≤100
105890175750510,Luca Carbone  lucacarbone.ch,Luca Carbone,≤100
100604746308170,Nora Stahr,Nora Katrina Stahr,≤100
1483343695307824,Campax,Campax,≤100
102014399307738,Direkt,direkt,≤100
888626258006362,"Barbara Gysi, Nationalrätin SP",Barbara Gysi,≤100
1526697364280066,Partito Socialista Ticino,Partito Socialista Ticino,≤100
921336971288655,Nagra,Nagra,≤100
125466200895962,Valentin Landmann,Sven Kunz,≤100
48980326364,Public Eye,Public Eye,≤100
111081131629685,Blackout stoppen,Volksinitiative «Jederzeit Strom für alle (Blackout stoppen)»,≤100
784812424962943,Tele Z,TELE Z,≤100
80305304937,Grünliberale Partei Sursee,Grünliberale Partei Sursee,≤100
467503303605894,PLR Castel San Pietro,PLR Castel San Pietro,≤100
353685744720476,Jungfreisinnige Stadt Luzern,Jungfreisinnige Stadt Luzern,≤100
107126168963330,Pascal Mueller-Born,Pascal Alois Müller Born,≤100
453655411351244,Giovani UDC Ticino,Giovani UDC Ticino,≤100
105380182425137,Michael Jäger,Hans Michael Jäger,≤100
100980232576650,Muriel Langenberger,Muriel Langenberger,≤100
114475618216572,omar_bariffi,These ads ran without a disclaimer,≤100
663896104043182,Kultur Luzern,Kultur Luzern,≤100
2246378485612019,ASI - Associazione Svizzera Inquilini,ASI - Associazione Svizzera Inquilini,≤100
104539708901187,CHARGENOW,These ads ran without a disclaimer,≤100
97721121385,Public Eye,Public Eye,≤100
203499872999296,Die Mitte Weinfelden,Die Mitte Weinfelden,≤100
104265952574760,EVP Kreuzlingen,Adrian Robin Ziörjen,≤100
106321615725425,Oui à la Loi climat,Oui à la loi climat,≤100
101670246199662,Claudia Wicki-Huonder,Claudia Wicki-Huonder,≤100
218538701651843,Union suisse des arts et métiers usam,Schweizerischer Gewerbeverband sgv,≤100
115874494765640,Marco Knubel,Marco Knubel,≤100
122849551077569,Democrats Abroad Switzerland,Democrats Abroad,≤100
200905173303222,"SCI Switzerland (Schweiz, Suisse, Svizzera)","SCI Switzerland (Schweiz, Suisse, Svizzera)",≤100
185972504782621,FDP.Die Liberalen Luzern,FDP.Die Liberalen Luzern,≤100
109889270596253,Aurelio Sargenti,Aurelio Mario Elvezio Sargenti,≤100
1504706079628728,ASLOCA Suisse,ASLOCA Suisse,≤100
114584561517154,Komitee für ein JA zum Basler Steuerpaket,Komitee JA! zum Basler Steuerpaket,≤100
1492503634364441,Liste d'Union Populaire,Ensemble à Gauche-Genève,≤100
100844786282093,SÌ alla Legge clima,Sì alla legge clima,≤100
291359247729208,PS Suisse,PS Suisse,≤100
143674429003483,PLR.Les Libéraux-Radicaux Lausanne,Sandro Guiseppe Patronaggio,≤100
104905208856666,Єдиний державний хаб зі збору доказів воєнних злочинів,These ads ran without a disclaimer,≤100
151744228264505,SmallRig,These ads ran without a disclaimer,≤100
106069261540287,baby.korb,These ads ran without a disclaimer,≤100
100840902867757,Equal Rebels,These ads ran without a disclaimer,≤100
109786998512440,Pazzle,These ads ran without a disclaimer,≤100
111253275552680,popup communications,These ads ran without a disclaimer,≤100
285860150825,New Design University,These ads ran without a disclaimer,≤100
148636738523021,LAGO Shopping-Center Konstanz,These ads ran without a disclaimer,≤100
99208765016,kununu,These ads ran without a disclaimer,≤100
1637540119805937,SCHOTT CERAN Deutschland,These ads ran without a disclaimer,≤100
110368331992413,Party Rent Jobs,These ads ran without a disclaimer,≤100
127715923978522,BRP-Rotax,These ads ran without a disclaimer,≤100
141785025856184,SAS - DACH,These ads ran without a disclaimer,≤100
1899205393647099,TAP Air Portugal,These ads ran without a disclaimer,≤100