﻿Page ID,Page name,Disclaimer,Amount spent (CHF)
97220294896,SP Schweiz,SP Schweiz,253
1991942507517845,Römisch-Katholische Kirche im Aargau,Römisch-Katholische Landeskirche des Kantons Aargau,194
100213996124067,Grünliberale Sektion Emmen-Hochdorf,Grünliberale Sektion Emmen-Hochdorf,106
162745750462776,Mieterinnen- und Mieterverband MV,Mieterinnen- und Mieterverband MV,≤100
101500332827222,SVP Wahlkreis Sursee,SVP Wahlkreis Sursee,≤100
600706570124933,Verkehrssanierungen JA,Komitee Verkehrssanierungen JA,≤100
154976914534194,Save the Children Schweiz/Suisse,Save the Children Schweiz,≤100
113772441580575,JA zu Kies aus Birmenstorf,JA zu Kies aus Birmenstorf,≤100
104176871670876,Renteninitiative - Für eine sichere & nachhaltige Altersvorsorge,Verein Renteninitiative,≤100
103369269163798,Mittendrin,Hanspeter Renggli,≤100
100332749664541,Ja zum Klimaschutz-Gesetz,JA zum Klimaschutz,≤100
1054282644596776,GE-démocratie,GE-démocratie,≤100
809697199378485,Sandra Cellarius,Sandra Alice Cellarius,≤100
106152765729668,Luca Boog,Luca Boog,≤100
169752569742293,Schweizerischer Gewerbeverband sgv,Schweizerischer Gewerbeverband sgv,≤100
169510248558,Die Mitte - Le Centre,Die Mitte,≤100
259871484198551,Thomas Matter,Thomas Matter,≤100
1524954517562834,Prominis,Prominis GmbH,≤100
105890175750510,Luca Carbone  lucacarbone.ch,Luca Carbone,≤100
372803770225965,Mario Cozzio - GLP,Mario Cozzio - GLP,≤100
921336971288655,Nagra,Nagra,≤100
102014399307738,Direkt,direkt,≤100
185972504782621,FDP.Die Liberalen Luzern,FDP.Die Liberalen Luzern,≤100
80305304937,Grünliberale Partei Sursee,Grünliberale Partei Sursee,≤100
1483343695307824,Campax,Campax,≤100
194790813901953,Grüne Schweiz,Grüne Schweiz,≤100
103190662706168,NON à la Loi sur la Chasse.,Rolf Hugo Hilfiker,≤100
289772074451810,FDP.Die Liberalen Aargau,FDP.Die Liberalen Aargau,≤100
784812424962943,Tele Z,TELE Z,≤100
104009029660183,Die Junge Mitte Kanton Luzern,Die Junge Mitte Kanton Luzern,≤100
48980326364,Public Eye,Public Eye,≤100
348751641846632,JUSO Zürich Oberland,JUSO Zürcher Oberland,≤100
100732476262537,GLP Willisau,GLP Wahlkreis Willisau,≤100
1526697364280066,Partito Socialista Ticino,Partito Socialista Ticino,≤100
111081131629685,Blackout stoppen,Volksinitiative «Jederzeit Strom für alle (Blackout stoppen)»,≤100
100756302940852,Raimund Wenger - Kantonsratswahlen 2023,Raimund Wenger,≤100
245489546137580,Christoph Riner - bodenständige Politik,Christoph Riner - bodenständige Politik,≤100
264952450282664,JUSO Luzern,JUSO Luzern,≤100
125466200895962,Valentin Landmann,Sven Kunz,≤100
983775695036102,Gianluca Pardini,Gianluca Pardini,≤100
102149056050165,Simon Leu,Simon Leu,≤100
112920455046707,Mega gärn of Lozärn,Eva Forster,≤100
105590639145209,Andri Hummel in den Kantonsrat,Andri Mario Hummel,≤100
107781380556722,Jonas Ineichen,Jonas Ineichen,≤100
2246378485612019,ASI - Associazione Svizzera Inquilini,ASI - Associazione Svizzera Inquilini,≤100
471258816239362,Junge SVP Luzern,Junge SVP Luzern,≤100
107126168963330,Pascal Mueller-Born,Pascal Alois Müller Born,≤100
122849551077569,Democrats Abroad Switzerland,Democrats Abroad,≤100
100844786282093,SÌ alla Legge clima,Sì alla legge clima,≤100
353685744720476,Jungfreisinnige Stadt Luzern,Jungfreisinnige Stadt Luzern,≤100
97721121385,Public Eye,Public Eye,≤100
663896104043182,Kultur Luzern,Kultur Luzern,≤100
100980232576650,Muriel Langenberger,Muriel Langenberger,≤100
203499872999296,Die Mitte Weinfelden,Die Mitte Weinfelden,≤100
467503303605894,PLR Castel San Pietro,PLR Castel San Pietro,≤100
109889270596253,Aurelio Sargenti,Aurelio Mario Elvezio Sargenti,≤100
114231361547107,SVP Wahlkreis Hochdorf LU,SVP - Wahlkreis Hochdorf LU,≤100
106321615725425,Oui à la Loi climat,Oui à la loi climat,≤100
101670246199662,Claudia Wicki-Huonder,Claudia Wicki-Huonder,≤100
1504706079628728,ASLOCA Suisse,ASLOCA Suisse,≤100
100267076206781,Ensemble à Gauche solidaritéS-Parti du Travail-DAL,Ensemble à Gauche,≤100
114584561517154,Komitee für ein JA zum Basler Steuerpaket,Komitee JA! zum Basler Steuerpaket,≤100
453655411351244,Giovani UDC Ticino,Giovani UDC Ticino,≤100
104539708901187,CHARGENOW,These ads ran without a disclaimer,≤100
148636738523021,LAGO Shopping-Center Konstanz,These ads ran without a disclaimer,≤100
141785025856184,SAS - DACH,These ads ran without a disclaimer,≤100
1073858446007122,FDP. Die Liberalen Meggen,FDP. Die Liberalen Meggen,≤100
110368331992413,Party Rent Jobs,These ads ran without a disclaimer,≤100
115874494765640,Marco Knubel,Marco Knubel,≤100
19746387261,Humane Society International,These ads ran without a disclaimer,≤100
104905208856666,Єдиний державний хаб зі збору доказів воєнних злочинів,These ads ran without a disclaimer,≤100
100128419377311,Just For Her 3,These ads ran without a disclaimer,≤100
114475618216572,omar_bariffi,These ads ran without a disclaimer,≤100
445013152316995,Die Mitte Kriens,Die Mitte Kriens,≤100
218538701651843,Union suisse des arts et métiers usam,Schweizerischer Gewerbeverband sgv,≤100
200905173303222,"SCI Switzerland (Schweiz, Suisse, Svizzera)","SCI Switzerland (Schweiz, Suisse, Svizzera)",≤100
1439209716323593,UDC Ticino,UDC Ticino,≤100
290544665132087,Jasmin Ursprung,Jasmin Ursprung,≤100
291359247729208,PS Suisse,PS Suisse,≤100
251838211585945,SP Basel-Stadt,SP Basel-Stadt,≤100
100116156110843,Stop al blackout,Iniziativa popolare «Energia elettrica in ogni tempo per tutti (Stop al blackout)»,≤100
117741198303856,FDP Kanton Zürich,FDP Kanton Zürich,≤100
613553422342850,Aelfric Eden,These ads ran without a disclaimer,≤100
109742838576665,Sandro Gerber - FDP.Die Liberalen,sandrogerber,≤100
1492503634364441,Liste d'Union Populaire,Ensemble à Gauche-Genève,≤100
107325155633136,Susu Cam,These ads ran without a disclaimer,≤100
101122865395791,Matteo Buzzi,Matteo Buzzi,≤100
178925535502983,Matthew Fowler,These ads ran without a disclaimer,≤100
1012263022170223,HotellerieSuisse,HotellerieSuisse,≤100
108595330730708,Groupe lgbtiq+ du PS genevois,Groupe lgbtiq+ du PS genevois,≤100
103237956032492,Willy Portmann,Willy Portmann,≤100
1476717905682561,SP Zürich 6,SP Zürich 6,≤100
288659088239530,MCG Officiel,Mouvement Citoyens Genevois,≤100
175478195846132,Les Vert·e·s suisses,Grüne Schweiz,≤100
103269145789541,Stop au blackout,Initiative populaire « De l’électricité pour tous en tout temps (Stop au blackout) »,≤100
103550668590403,Mieux vivre sa vie,Mieux Vivre Sa Vie,≤100
140334276690,Grüne Luzern,GRÜNE Luzern,≤100
100381452863244,Libertés et Justice sociale,Libertés et Justice sociale,≤100
265786100439644,Grüne Freie Liste Stadt Bern,Grüne Freie Liste Bern,≤100
589776481712684,Syna Nordwestschweiz,These ads ran without a disclaimer,≤100
463645587339110,Piero Marchesi,Piero Marchesi,≤100
107483864336789,I am a Casting Worker,These ads ran without a disclaimer,≤100
143674429003483,PLR.Les Libéraux-Radicaux Lausanne,Sandro Guiseppe Patronaggio,≤100
101120115685831,SVP Stäfa,SVP Stäfa,≤100
109213507316253,SP Zürich 11,SP Zürich,≤100
1585806105023846,Heinz Theiler in den Nationalrat,These ads ran without a disclaimer,≤100
113671758293671,JA zum Stadtparlament,Komitee JA zum Stadtparlament Rapperswil-Jona,≤100
111955708496511,EUnew24,These ads ran without a disclaimer,≤100
103270885568192,jungfreisinnigeoberwallis,These ads ran without a disclaimer,≤100
1429860470617358,Le Centre / Ville de Genève,Le Centre / Ville de Genève,≤100
104265952574760,EVP Kreuzlingen,Adrian Robin Ziörjen,≤100
247193432357291,Diaspora TV  Switzerland,These ads ran without a disclaimer,≤100
398067980552180,The Rainforest Company,These ads ran without a disclaimer,≤100
109700224860105,Tearfund Schweiz,These ads ran without a disclaimer,≤100
105752670777733,Bajour,These ads ran without a disclaimer,≤100
123192108283,Ladies Drive,These ads ran without a disclaimer,≤100
100792205220828,art24,These ads ran without a disclaimer,≤100
51415837765,Greenpeace Switzerland,These ads ran without a disclaimer,≤100
101409961834360,Anja Glivar - Tierrechtsaktivistin,These ads ran without a disclaimer,≤100
227720898168117,Markus Estermann,Markus Estermann,≤100
1637540119805937,SCHOTT CERAN Deutschland,These ads ran without a disclaimer,≤100
434500200217464,Rifugio Jill Phipps,These ads ran without a disclaimer,≤100
114184003617301,SternMed GmbH,These ads ran without a disclaimer,≤100
101727068829380,Контекст Европа,These ads ran without a disclaimer,≤100
295143794714526,The Spirit of OM,These ads ran without a disclaimer,≤100
106069261540287,baby.korb,These ads ran without a disclaimer,≤100
94927933313,ITCHY,These ads ran without a disclaimer,≤100
537631986431047,STRABAG,These ads ran without a disclaimer,≤100
590917281278301,UNIGLOVES Europe,These ads ran without a disclaimer,≤100
555755224474277,Josefinas,These ads ran without a disclaimer,≤100
322599777438,BBD,These ads ran without a disclaimer,≤100
474314055968372,fischer group,These ads ran without a disclaimer,≤100
151744228264505,SmallRig,These ads ran without a disclaimer,≤100
46734093466,Falkensteiner Hotels & Residences,These ads ran without a disclaimer,≤100
12359083356,Dein Bayern,These ads ran without a disclaimer,≤100
1408105192742894,The Writing Academic,These ads ran without a disclaimer,≤100
103934207741083,Selena Ryan,These ads ran without a disclaimer,≤100
845039715506074,Anything Canada,These ads ran without a disclaimer,≤100
74872201965,Dan David Prize,These ads ran without a disclaimer,≤100
103003239307231,Baltic Pipe,These ads ran without a disclaimer,≤100
1496843297242441,Fernstudium Direkt,These ads ran without a disclaimer,≤100
209706929052312,Wishfitme,These ads ran without a disclaimer,≤100
222057588153261,Hallgruppen,These ads ran without a disclaimer,≤100
140556749292891,National Library of Israel,These ads ran without a disclaimer,≤100
974568909258226,Ubiquinol Deutschland,These ads ran without a disclaimer,≤100
110367919014958,ERGO,These ads ran without a disclaimer,≤100
155541217947437,Rallye des Princesses Richard Mille,These ads ran without a disclaimer,≤100
116579274675720,Katılım Enerji,These ads ran without a disclaimer,≤100
109451995427146,Новости дня,These ads ran without a disclaimer,≤100
114908574874457,Green Roots,These ads ran without a disclaimer,≤100
34823056709,MASIA ONE,These ads ran without a disclaimer,≤100
109454841977518,giberneofficial,These ads ran without a disclaimer,≤100
1899205393647099,TAP Air Portugal,These ads ran without a disclaimer,≤100
105523218511506,Stolperworte,These ads ran without a disclaimer,≤100
101845688544113,House Of Pearls,These ads ran without a disclaimer,≤100
1945180119126515,kiki.van.den.molen,These ads ran without a disclaimer,≤100
414645712302029,The Diplomatic Affairs,These ads ran without a disclaimer,≤100
285860150825,New Design University,These ads ran without a disclaimer,≤100
328734170817962,Milda Sabiene - Holistic Coach,These ads ran without a disclaimer,≤100
527194514089238,La parfaite maman cinglante,These ads ran without a disclaimer,≤100
99208765016,kununu,These ads ran without a disclaimer,≤100
1569490583306401,Namaste Kids,These ads ran without a disclaimer,≤100
730128206999668,Miel de Botton,These ads ran without a disclaimer,≤100