﻿Page ID,Page name,Disclaimer,Amount spent (CHF)
97220294896,SP Schweiz,SP Schweiz,≤100
105890175750510,Luca Carbone  lucacarbone.ch,Luca Carbone,≤100
169510248558,Die Mitte - Le Centre,Die Mitte,≤100
1054282644596776,GE-démocratie,GE-démocratie,≤100
291359247729208,PS Suisse,PS Suisse,≤100
162745750462776,Mieterinnen- und Mieterverband MV,Mieterinnen- und Mieterverband MV,≤100
1429860470617358,Le Centre / Ville de Genève,Le Centre / Ville de Genève,≤100
1483343695307824,Campax,Campax,≤100
453655411351244,Giovani UDC Ticino,Giovani UDC Ticino,≤100
921336971288655,Nagra,Nagra,≤100
1439209716323593,UDC Ticino,UDC Ticino,≤100
102014399307738,Direkt,direkt,≤100
114475618216572,omar_bariffi,These ads ran without a disclaimer,≤100
259871484198551,Thomas Matter,Thomas Matter,≤100
104176871670876,Renteninitiative - Für eine sichere & nachhaltige Altersvorsorge,Verein Renteninitiative,≤100
1526697364280066,Partito Socialista Ticino,Partito Socialista Ticino,≤100
100332749664541,Ja zum Klimaschutz-Gesetz,JA zum Klimaschutz,≤100
175478195846132,Les Vert·e·s suisses,Grüne Schweiz,≤100
48980326364,Public Eye,Public Eye,≤100
111081131629685,Blackout stoppen,Volksinitiative «Jederzeit Strom für alle (Blackout stoppen)»,≤100
663896104043182,Kultur Luzern,Kultur Luzern,≤100
169752569742293,Schweizerischer Gewerbeverband sgv,Schweizerischer Gewerbeverband sgv,≤100
194790813901953,Grüne Schweiz,Grüne Schweiz,≤100
200905173303222,"SCI Switzerland (Schweiz, Suisse, Svizzera)","SCI Switzerland (Schweiz, Suisse, Svizzera)",≤100
97721121385,Public Eye,Public Eye,≤100
107126168963330,Pascal Mueller-Born,Pascal Alois Müller Born,≤100
125466200895962,Valentin Landmann,Sven Kunz,≤100
218538701651843,Union suisse des arts et métiers usam,Schweizerischer Gewerbeverband sgv,≤100
108595330730708,Groupe lgbtiq+ du PS genevois,Groupe lgbtiq+ du PS genevois,≤100
19746387261,Humane Society International,These ads ran without a disclaimer,≤100
322599777438,BBD,These ads ran without a disclaimer,≤100
613553422342850,Aelfric Eden,These ads ran without a disclaimer,≤100
94927933313,ITCHY,These ads ran without a disclaimer,≤100