﻿Page ID,Page name,Disclaimer,Amount spent (CHF)
100345919659743,Andrea Bögli ins Obergerichtspräsidium Obwalden,Andrea Barbara Bögli,≤100
97220294896,SP Schweiz,SP Schweiz,≤100
600706570124933,Verkehrssanierungen JA,Komitee Verkehrssanierungen JA,≤100
104009029660183,Die Junge Mitte Kanton Luzern,Die Junge Mitte Kanton Luzern,≤100
101670246199662,Claudia Wicki-Huonder,Claudia Wicki-Huonder,≤100
104176871670876,Renteninitiative - Für eine sichere & nachhaltige Altersvorsorge,Verein Renteninitiative,≤100
162745750462776,Mieterinnen- und Mieterverband MV,Mieterinnen- und Mieterverband MV,≤100
1054282644596776,GE-démocratie,GE-démocratie,≤100
100213996124067,Grünliberale Sektion Emmen-Hochdorf,Grünliberale Sektion Emmen-Hochdorf,≤100
264952450282664,JUSO Luzern,JUSO Luzern,≤100
169752569742293,Schweizerischer Gewerbeverband sgv,Schweizerischer Gewerbeverband sgv,≤100
154976914534194,Save the Children Schweiz/Suisse,Save the Children Schweiz,≤100
107126168963330,Pascal Mueller-Born,Pascal Alois Müller Born,≤100
100360518736993,Jungfreisinnige Obwalden,Jungfreisinnige Obwalden,≤100
259871484198551,Thomas Matter,Thomas Matter,≤100
169510248558,Die Mitte - Le Centre,Die Mitte,≤100
100332749664541,Ja zum Klimaschutz-Gesetz,JA zum Klimaschutz,≤100
1524954517562834,Prominis,Prominis GmbH,≤100
809697199378485,Sandra Cellarius,Sandra Alice Cellarius,≤100
105890175750510,Luca Carbone  lucacarbone.ch,Luca Carbone,≤100
353685744720476,Jungfreisinnige Stadt Luzern,Jungfreisinnige Stadt Luzern,≤100
290544665132087,Jasmin Ursprung,Jasmin Ursprung,≤100
921336971288655,Nagra,Nagra,≤100
298155064222389,SVP Wahlkreis Entlebuch,SVP Wahlkreis Entlebuch,≤100
784812424962943,Tele Z,TELE Z,≤100
185972504782621,FDP.Die Liberalen Luzern,FDP.Die Liberalen Luzern,≤100
445013152316995,Die Mitte Kriens,Die Mitte Kriens,≤100
983775695036102,Gianluca Pardini,Gianluca Pardini,≤100
194790813901953,Grüne Schweiz,Grüne Schweiz,≤100
109742838576665,Sandro Gerber - FDP.Die Liberalen,sandrogerber,≤100
102014399307738,Direkt,direkt,≤100
106321615725425,Oui à la Loi climat,Oui à la loi climat,≤100
1483343695307824,Campax,Campax,≤100
48980326364,Public Eye,Public Eye,≤100
175478195846132,Les Vert·e·s suisses,Grüne Schweiz,≤100
1504706079628728,ASLOCA Suisse,ASLOCA Suisse,≤100
1073858446007122,FDP. Die Liberalen Meggen,FDP. Die Liberalen Meggen,≤100
111081131629685,Blackout stoppen,Volksinitiative «Jederzeit Strom für alle (Blackout stoppen)»,≤100
288659088239530,MCG Officiel,Mouvement Citoyens Genevois,≤100
114475618216572,omar_bariffi,These ads ran without a disclaimer,≤100
103369269163798,Mittendrin,Hanspeter Renggli,≤100
125466200895962,Valentin Landmann,Sven Kunz,≤100
1526697364280066,Partito Socialista Ticino,Partito Socialista Ticino,≤100
218538701651843,Union suisse des arts et métiers usam,Schweizerischer Gewerbeverband sgv,≤100
100844786282093,SÌ alla Legge clima,Sì alla legge clima,≤100
663896104043182,Kultur Luzern,Kultur Luzern,≤100
80305304937,Grünliberale Partei Sursee,Grünliberale Partei Sursee,≤100
100980232576650,Muriel Langenberger,Muriel Langenberger,≤100
372803770225965,Mario Cozzio - GLP,Mario Cozzio - GLP,≤100
291359247729208,PS Suisse,PS Suisse,≤100
97721121385,Public Eye,Public Eye,≤100
122849551077569,Democrats Abroad Switzerland,Democrats Abroad,≤100
140334276690,Grüne Luzern,GRÜNE Luzern,≤100
463645587339110,Piero Marchesi,Piero Marchesi,≤100
104265952574760,EVP Kreuzlingen,Adrian Robin Ziörjen,≤100
453655411351244,Giovani UDC Ticino,Giovani UDC Ticino,≤100
115874494765640,Marco Knubel,Marco Knubel,≤100
203499872999296,Die Mitte Weinfelden,Die Mitte Weinfelden,≤100
103269145789541,Stop au blackout,Initiative populaire « De l’électricité pour tous en tout temps (Stop au blackout) »,≤100
200905173303222,"SCI Switzerland (Schweiz, Suisse, Svizzera)","SCI Switzerland (Schweiz, Suisse, Svizzera)",≤100
103190662706168,NON à la Loi sur la Chasse.,Rolf Hugo Hilfiker,≤100
143674429003483,PLR.Les Libéraux-Radicaux Lausanne,Sandro Guiseppe Patronaggio,≤100
101122865395791,Matteo Buzzi,Matteo Buzzi,≤100
265786100439644,Grüne Freie Liste Stadt Bern,Grüne Freie Liste Bern,≤100
103550668590403,Mieux vivre sa vie,Mieux Vivre Sa Vie,≤100
467503303605894,PLR Castel San Pietro,PLR Castel San Pietro,≤100
123192108283,Ladies Drive,These ads ran without a disclaimer,≤100
100792205220828,art24,These ads ran without a disclaimer,≤100
100381452863244,Libertés et Justice sociale,Libertés et Justice sociale,≤100
114584561517154,Komitee für ein JA zum Basler Steuerpaket,Komitee JA! zum Basler Steuerpaket,≤100
107483864336789,I am a Casting Worker,These ads ran without a disclaimer,≤100
104539708901187,CHARGENOW,These ads ran without a disclaimer,≤100
19746387261,Humane Society International,These ads ran without a disclaimer,≤100
111955708496511,EUnew24,These ads ran without a disclaimer,≤100
104905208856666,Єдиний державний хаб зі збору доказів воєнних злочинів,These ads ran without a disclaimer,≤100
107325155633136,Susu Cam,These ads ran without a disclaimer,≤100
974568909258226,Ubiquinol Deutschland,These ads ran without a disclaimer,≤100
110368331992413,Party Rent Jobs,These ads ran without a disclaimer,≤100
1899205393647099,TAP Air Portugal,These ads ran without a disclaimer,≤100
99208765016,kununu,These ads ran without a disclaimer,≤100
101845688544113,House Of Pearls,These ads ran without a disclaimer,≤100
178925535502983,Matthew Fowler,These ads ran without a disclaimer,≤100
590917281278301,UNIGLOVES Europe,These ads ran without a disclaimer,≤100
730128206999668,Miel de Botton,These ads ran without a disclaimer,≤100
148636738523021,LAGO Shopping-Center Konstanz,These ads ran without a disclaimer,≤100
322599777438,BBD,These ads ran without a disclaimer,≤100
12359083356,Dein Bayern,These ads ran without a disclaimer,≤100
613553422342850,Aelfric Eden,These ads ran without a disclaimer,≤100