﻿Page ID,Page name,Disclaimer,Amount spent (CHF)
97220294896,SP Schweiz,SP Schweiz,≤100
107126168963330,Pascal Mueller-Born,Pascal Alois Müller Born,≤100
533593610474670,Susanne Vincenz-Stauffacher,Susanne Vincenz-Stauffacher,≤100
100332749664541,Ja zum Klimaschutz-Gesetz,JA zum Klimaschutz,≤100
104176871670876,Renteninitiative - Für eine sichere & nachhaltige Altersvorsorge,Verein Renteninitiative,≤100
169510248558,Die Mitte - Le Centre,Die Mitte,≤100
259871484198551,Thomas Matter,Thomas Matter,≤100
1054282644596776,GE-démocratie,GE-démocratie,≤100
169752569742293,Schweizerischer Gewerbeverband sgv,Schweizerischer Gewerbeverband sgv,≤100
162745750462776,Mieterinnen- und Mieterverband MV,Mieterinnen- und Mieterverband MV,≤100
154976914534194,Save the Children Schweiz/Suisse,Save the Children Schweiz,≤100
1524954517562834,Prominis,Prominis GmbH,≤100
105890175750510,Luca Carbone  lucacarbone.ch,Luca Carbone,≤100
784812424962943,Tele Z,TELE Z,≤100
921336971288655,Nagra,Nagra,≤100
353685744720476,Jungfreisinnige Stadt Luzern,Jungfreisinnige Stadt Luzern,≤100
453655411351244,Giovani UDC Ticino,Giovani UDC Ticino,≤100
1483343695307824,Campax,Campax,≤100
111081131629685,Blackout stoppen,Volksinitiative «Jederzeit Strom für alle (Blackout stoppen)»,≤100
194790813901953,Grüne Schweiz,Grüne Schweiz,≤100
105380182425137,Michael Jäger,Hans Michael Jäger,≤100
125466200895962,Valentin Landmann,Sven Kunz,≤100
888626258006362,"Barbara Gysi, Nationalrätin SP",Barbara Gysi,≤100
100604746308170,Nora Stahr,Nora Katrina Stahr,≤100
467503303605894,PLR Castel San Pietro,PLR Castel San Pietro,≤100
104265952574760,EVP Kreuzlingen,Adrian Robin Ziörjen,≤100
1526697364280066,Partito Socialista Ticino,Partito Socialista Ticino,≤100
102014399307738,Direkt,direkt,≤100
663896104043182,Kultur Luzern,Kultur Luzern,≤100
203499872999296,Die Mitte Weinfelden,Die Mitte Weinfelden,≤100
48980326364,Public Eye,Public Eye,≤100
80305304937,Grünliberale Partei Sursee,Grünliberale Partei Sursee,≤100
100980232576650,Muriel Langenberger,Muriel Langenberger,≤100
2246378485612019,ASI - Associazione Svizzera Inquilini,ASI - Associazione Svizzera Inquilini,≤100
103190662706168,NON à la Loi sur la Chasse.,Rolf Hugo Hilfiker,≤100
97721121385,Public Eye,Public Eye,≤100
1429860470617358,Le Centre / Ville de Genève,Le Centre / Ville de Genève,≤100
1492503634364441,Liste d'Union Populaire,Ensemble à Gauche-Genève,≤100
291359247729208,PS Suisse,PS Suisse,≤100
100381452863244,Libertés et Justice sociale,Libertés et Justice sociale,≤100
218538701651843,Union suisse des arts et métiers usam,Schweizerischer Gewerbeverband sgv,≤100
200905173303222,"SCI Switzerland (Schweiz, Suisse, Svizzera)","SCI Switzerland (Schweiz, Suisse, Svizzera)",≤100
114584561517154,Komitee für ein JA zum Basler Steuerpaket,Komitee JA! zum Basler Steuerpaket,≤100
100128419377311,Just For Her 3,These ads ran without a disclaimer,≤100
110368331992413,Party Rent Jobs,These ads ran without a disclaimer,≤100
104905208856666,Єдиний державний хаб зі збору доказів воєнних злочинів,These ads ran without a disclaimer,≤100
1899205393647099,TAP Air Portugal,These ads ran without a disclaimer,≤100
99208765016,kununu,These ads ran without a disclaimer,≤100
104539708901187,CHARGENOW,These ads ran without a disclaimer,≤100