﻿Page ID,Page name,Disclaimer,Amount spent (CHF)
147717218614170,PLR Genève,PLR.Les Libéraux-Radicaux Genève,3368
100381452863244,Libertés et Justice sociale,Libertés et Justice sociale,1942
103816695962630,Non à l'initiative «Zéro Pub»,Comité référendaire NON à Zéro Pub,1365
288659088239530,MCG Officiel,Mouvement Citoyens Genevois,1296
1492503634364441,Liste d'Union Populaire,Ensemble à Gauche-Genève,1275
110547838607111,NON IN 179,FER Genève - Fédération des Entreprises Romandes Genève,1148
260591187302640,Parti socialiste genevois,Parti socialiste genevois,911
1054282644596776,GE-démocratie,GE-démocratie,528
101469746117157,"Xavier Magnin, candidat au Conseil d'Etat 2023",Xavier Magnin,342
100267076206781,Ensemble à Gauche solidaritéS-Parti du Travail-DAL,Ensemble à Gauche,341
116890591678651,Vert'libéraux - Genève,Parti vert'libéral genevois,323
592045444309191,DIRECT NEWS by Michel Robadin,Michel François Robadin,307
122819208305170,Sauvegarde Genève,Sauvegarde Genève,237
1504706079628728,ASLOCA Suisse,ASLOCA Suisse,217
1429860470617358,Le Centre / Ville de Genève,Le Centre / Ville de Genève,205
108839758430779,Association des habitants du quartier de la Bourgogne,Association des habitants du quartier de Bourgogne,203
105982889575233,Le Centre Genève,Le Centre Genève,198
110888273821104,Alain Miserez,Alain Miserez,190
101664679500421,Uni·es par nos convictions · Engagé·es pour Genève,Uni·es par nos convictions · Engagé·es pour Genève,161
238982909481105,Les Vert·e·s Genevois·es,Les Vert-e-s genevois-es,109
467929373784855,COA - Coalition animaliste,Coalition animaliste (COA),103
108804628818873,Virna Conti,Virna Conti,≤100
103550668590403,Mieux vivre sa vie,Mieux Vivre Sa Vie,≤100
291359247729208,PS Suisse,PS Suisse,≤100
119392439892983,Sauvegarde Grand-Pré et Orangerie,Xavier Singy,≤100
162745750462776,Mieterinnen- und Mieterverband MV,Mieterinnen- und Mieterverband MV,≤100
97220294896,SP Schweiz,SP Schweiz,≤100
109605484115257,Delphine Klopfenstein Broggini,Delphine Klopfenstein Broggini,≤100
106321615725425,Oui à la Loi climat,Oui à la loi climat,≤100
100513788093677,Les Vert-e-s Ville de Genève,Les Vert-e-s Ville de Genève,≤100
218538701651843,Union suisse des arts et métiers usam,Schweizerischer Gewerbeverband sgv,≤100
175478195846132,Les Vert·e·s suisses,Grüne Schweiz,≤100
353685744720476,Jungfreisinnige Stadt Luzern,Jungfreisinnige Stadt Luzern,≤100
108595330730708,Groupe lgbtiq+ du PS genevois,Groupe lgbtiq+ du PS genevois,≤100
108293222212918,Rachel Da Silva,These ads ran without a disclaimer,≤100
363806973753759,PLR Arve et Lac,Stephan Zwettler,≤100
1389696117991409,Voix de Gauche Confignon,Voix de Gauche Confignon,≤100
104176871670876,Renteninitiative - Für eine sichere & nachhaltige Altersvorsorge,Verein Renteninitiative,≤100
154976914534194,Save the Children Schweiz/Suisse,Save the Children Schweiz,≤100
151183321586281,Jeunes Vert·e·x·s Genève,Jeunes Vert·e·x·s Genève,≤100
105890175750510,Luca Carbone  lucacarbone.ch,Luca Carbone,≤100
169510248558,Die Mitte - Le Centre,Die Mitte,≤100
921336971288655,Nagra,Nagra,≤100
2246378485612019,ASI - Associazione Svizzera Inquilini,ASI - Associazione Svizzera Inquilini,≤100
122849551077569,Democrats Abroad Switzerland,Democrats Abroad,≤100
1100444546752110,Rémy Oudin,Rémy Oudin,≤100
1483343695307824,Campax,Campax,≤100
103190662706168,NON à la Loi sur la Chasse.,Rolf Hugo Hilfiker,≤100
112058825151884,Michael Teixeira Queiros,Michael Teixeira Queiros,≤100
1526697364280066,Partito Socialista Ticino,Partito Socialista Ticino,≤100
103269145789541,Stop au blackout,Initiative populaire « De l’électricité pour tous en tout temps (Stop au blackout) »,≤100
107126168963330,Pascal Mueller-Born,Pascal Alois Müller Born,≤100
48980326364,Public Eye,Public Eye,≤100
178925535502983,Matthew Fowler,These ads ran without a disclaimer,≤100
102014399307738,Direkt,direkt,≤100
169752569742293,Schweizerischer Gewerbeverband sgv,Schweizerischer Gewerbeverband sgv,≤100
194790813901953,Grüne Schweiz,Grüne Schweiz,≤100
97721121385,Public Eye,Public Eye,≤100
19746387261,Humane Society International,These ads ran without a disclaimer,≤100
107483864336789,I am a Casting Worker,These ads ran without a disclaimer,≤100
663896104043182,Kultur Luzern,Kultur Luzern,≤100
259871484198551,Thomas Matter,Thomas Matter,≤100
100980232576650,Muriel Langenberger,Muriel Langenberger,≤100
143674429003483,PLR.Les Libéraux-Radicaux Lausanne,Sandro Guiseppe Patronaggio,≤100
100844786282093,SÌ alla Legge clima,Sì alla legge clima,≤100
111081131629685,Blackout stoppen,Volksinitiative «Jederzeit Strom für alle (Blackout stoppen)»,≤100
453655411351244,Giovani UDC Ticino,Giovani UDC Ticino,≤100
763722197034246,En Développement,These ads ran without a disclaimer,≤100
100332749664541,Ja zum Klimaschutz-Gesetz,JA zum Klimaschutz,≤100
114475618216572,omar_bariffi,These ads ran without a disclaimer,≤100
348751641846632,JUSO Zürich Oberland,JUSO Zürcher Oberland,≤100
80305304937,Grünliberale Partei Sursee,Grünliberale Partei Sursee,≤100
107816654786278,Antenne LGBTI Genève,These ads ran without a disclaimer,≤100
109889270596253,Aurelio Sargenti,Aurelio Mario Elvezio Sargenti,≤100
141785025856184,SAS - DACH,These ads ran without a disclaimer,≤100
1899205393647099,TAP Air Portugal,These ads ran without a disclaimer,≤100
110368331992413,Party Rent Jobs,These ads ran without a disclaimer,≤100
104539708901187,CHARGENOW,These ads ran without a disclaimer,≤100
104905208856666,Єдиний державний хаб зі збору доказів воєнних злочинів,These ads ran without a disclaimer,≤100
100128419377311,Just For Her 3,These ads ran without a disclaimer,≤100
101758839508917,PLR  NON MERCI,These ads ran without a disclaimer,≤100
203499872999296,Die Mitte Weinfelden,Die Mitte Weinfelden,≤100
34823056709,MASIA ONE,These ads ran without a disclaimer,≤100
467503303605894,PLR Castel San Pietro,PLR Castel San Pietro,≤100
100792205220828,art24,These ads ran without a disclaimer,≤100
1439209716323593,UDC Ticino,UDC Ticino,≤100
114584561517154,Komitee für ein JA zum Basler Steuerpaket,Komitee JA! zum Basler Steuerpaket,≤100
100116156110843,Stop al blackout,Iniziativa popolare «Energia elettrica in ogni tempo per tutti (Stop al blackout)»,≤100
784812424962943,Tele Z,TELE Z,≤100
109742838576665,Sandro Gerber - FDP.Die Liberalen,sandrogerber,≤100
200905173303222,"SCI Switzerland (Schweiz, Suisse, Svizzera)","SCI Switzerland (Schweiz, Suisse, Svizzera)",≤100
780225082048960,Taxiphone Centrale SA,These ads ran without a disclaimer,≤100
730128206999668,Miel de Botton,These ads ran without a disclaimer,≤100
227642364102648,Luka & Jenalyn,These ads ran without a disclaimer,≤100
115874494765640,Marco Knubel,Marco Knubel,≤100
101670246199662,Claudia Wicki-Huonder,Claudia Wicki-Huonder,≤100
101122865395791,Matteo Buzzi,Matteo Buzzi,≤100
463645587339110,Piero Marchesi,Piero Marchesi,≤100
1642714682651272,YOTEL,These ads ran without a disclaimer,≤100
372803770225965,Mario Cozzio - GLP,Mario Cozzio - GLP,≤100
185972504782621,FDP.Die Liberalen Luzern,FDP.Die Liberalen Luzern,≤100
111955708496511,EUnew24,These ads ran without a disclaimer,≤100
251838211585945,SP Basel-Stadt,SP Basel-Stadt,≤100
178629622184438,Fédération Equestre Internationale,These ads ran without a disclaimer,≤100
1524954517562834,Prominis,Prominis GmbH,≤100
131189377574,MDPI,These ads ran without a disclaimer,≤100
253562484727500,Partito Socialista Lugano,PS Lugano,≤100
247193432357291,Diaspora TV  Switzerland,These ads ran without a disclaimer,≤100
125466200895962,Valentin Landmann,Sven Kunz,≤100
123192108283,Ladies Drive,These ads ran without a disclaimer,≤100
109213507316253,SP Zürich 11,SP Zürich,≤100
10150100771335484,24 heures,These ads ran without a disclaimer,≤100
809697199378485,Sandra Cellarius,Sandra Alice Cellarius,≤100
103270885568192,jungfreisinnigeoberwallis,These ads ran without a disclaimer,≤100
110930628575840,Golfer Nation,These ads ran without a disclaimer,≤100
127715923978522,BRP-Rotax,These ads ran without a disclaimer,≤100
845039715506074,Anything Canada,These ads ran without a disclaimer,≤100
527194514089238,La parfaite maman cinglante,These ads ran without a disclaimer,≤100
1408105192742894,The Writing Academic,These ads ran without a disclaimer,≤100
103934207741083,Selena Ryan,These ads ran without a disclaimer,≤100
109786998512440,Pazzle,These ads ran without a disclaimer,≤100
1569490583306401,Namaste Kids,These ads ran without a disclaimer,≤100
101727068829380,Контекст Европа,These ads ran without a disclaimer,≤100
590917281278301,UNIGLOVES Europe,These ads ran without a disclaimer,≤100
109750215301135,Alikecloth,These ads ran without a disclaimer,≤100
113281418366289,UFO_Power,These ads ran without a disclaimer,≤100
106069261540287,baby.korb,These ads ran without a disclaimer,≤100
167255893363679,L'Esprit BD,These ads ran without a disclaimer,≤100
109433088398513,Cannabis Europa: London Event & Expo,These ads ran without a disclaimer,≤100
1945180119126515,kiki.van.den.molen,These ads ran without a disclaimer,≤100
102481642784265,Joni-Leigh Doran Fine Art,These ads ran without a disclaimer,≤100
443405509193065,N26,These ads ran without a disclaimer,≤100
209706929052312,Wishfitme,These ads ran without a disclaimer,≤100
110367919014958,ERGO,These ads ran without a disclaimer,≤100
109988155233200,MisterAwesome,These ads ran without a disclaimer,≤100
1637540119805937,SCHOTT CERAN Deutschland,These ads ran without a disclaimer,≤100
12359083356,Dein Bayern,These ads ran without a disclaimer,≤100
593521827465239,Curls Vitamins,These ads ran without a disclaimer,≤100
414645712302029,The Diplomatic Affairs,These ads ran without a disclaimer,≤100
295143794714526,The Spirit of OM,These ads ran without a disclaimer,≤100
82123126077,Heritage Auctions,These ads ran without a disclaimer,≤100
114545031578544,Новости дня,These ads ran without a disclaimer,≤100
322599777438,BBD,These ads ran without a disclaimer,≤100
100965385609597,Bridger,These ads ran without a disclaimer,≤100
102366797884775,KI-Campus,These ads ran without a disclaimer,≤100
101845688544113,House Of Pearls,These ads ran without a disclaimer,≤100
107651238903463,მთის მწვანე ეკონომიკა • Mountain Green Economy,These ads ran without a disclaimer,≤100
94927933313,ITCHY,These ads ran without a disclaimer,≤100
114908574874457,Green Roots,These ads ran without a disclaimer,≤100
470721533028851,Hair Frenzy,These ads ran without a disclaimer,≤100
1487825551519119,Rashi Foundation,These ads ran without a disclaimer,≤100
102838882271105,NovelReader,These ads ran without a disclaimer,≤100
613553422342850,Aelfric Eden,These ads ran without a disclaimer,≤100
285860150825,New Design University,These ads ran without a disclaimer,≤100
99208765016,kununu,These ads ran without a disclaimer,≤100