﻿Page ID,Page name,Disclaimer,Amount spent (CHF)
100345919659743,Andrea Bögli ins Obergerichtspräsidium Obwalden,Andrea Barbara Bögli,≤100
97220294896,SP Schweiz,SP Schweiz,≤100
100213996124067,Grünliberale Sektion Emmen-Hochdorf,Grünliberale Sektion Emmen-Hochdorf,≤100
756722317788172,FDP.Die Liberalen Stadt Luzern,FDP.Die Liberalen Stadt Luzern,≤100
353685744720476,Jungfreisinnige Stadt Luzern,Jungfreisinnige Stadt Luzern,≤100
162745750462776,Mieterinnen- und Mieterverband MV,Mieterinnen- und Mieterverband MV,≤100
264952450282664,JUSO Luzern,JUSO Luzern,≤100
348751641846632,JUSO Zürich Oberland,JUSO Zürcher Oberland,≤100
104176871670876,Renteninitiative - Für eine sichere & nachhaltige Altersvorsorge,Verein Renteninitiative,≤100
103369269163798,Mittendrin,Hanspeter Renggli,≤100
154976914534194,Save the Children Schweiz/Suisse,Save the Children Schweiz,≤100
104009029660183,Die Junge Mitte Kanton Luzern,Die Junge Mitte Kanton Luzern,≤100
1526151274353450,FDP.Die Liberalen Horw,FDP.Die Liberalen Horw,≤100
100332749664541,Ja zum Klimaschutz-Gesetz,JA zum Klimaschutz,≤100
169752569742293,Schweizerischer Gewerbeverband sgv,Schweizerischer Gewerbeverband sgv,≤100
1054282644596776,GE-démocratie,GE-démocratie,≤100
169510248558,Die Mitte - Le Centre,Die Mitte,≤100
194790813901953,Grüne Schweiz,Grüne Schweiz,≤100
185972504782621,FDP.Die Liberalen Luzern,FDP.Die Liberalen Luzern,≤100
259871484198551,Thomas Matter,Thomas Matter,≤100
103237956032492,Willy Portmann,Willy Portmann,≤100
983775695036102,Gianluca Pardini,Gianluca Pardini,≤100
105890175750510,Luca Carbone  lucacarbone.ch,Luca Carbone,≤100
1524954517562834,Prominis,Prominis GmbH,≤100
360151400680191,Die Mitte Stadt Luzern,Die Mitte Stadt Luzern,≤100
784812424962943,Tele Z,TELE Z,≤100
290544665132087,Jasmin Ursprung,Jasmin Ursprung,≤100
445013152316995,Die Mitte Kriens,Die Mitte Kriens,≤100
2352152991729492,Marco Baumann,Marco Baumann,≤100
921336971288655,Nagra,Nagra,≤100
1483343695307824,Campax,Campax,≤100
1526697364280066,Partito Socialista Ticino,Partito Socialista Ticino,≤100
48980326364,Public Eye,Public Eye,≤100
102014399307738,Direkt,direkt,≤100
613553422342850,Aelfric Eden,These ads ran without a disclaimer,≤100
663896104043182,Kultur Luzern,Kultur Luzern,≤100
97721121385,Public Eye,Public Eye,≤100
105590639145209,Andri Hummel in den Kantonsrat,Andri Mario Hummel,≤100
111081131629685,Blackout stoppen,Volksinitiative «Jederzeit Strom für alle (Blackout stoppen)»,≤100
600706570124933,Verkehrssanierungen JA,Komitee Verkehrssanierungen JA,≤100
372803770225965,Mario Cozzio - GLP,Mario Cozzio - GLP,≤100
107126168963330,Pascal Mueller-Born,Pascal Alois Müller Born,≤100
1012263022170223,HotellerieSuisse,HotellerieSuisse,≤100
1439209716323593,UDC Ticino,UDC Ticino,≤100
453655411351244,Giovani UDC Ticino,Giovani UDC Ticino,≤100
80305304937,Grünliberale Partei Sursee,Grünliberale Partei Sursee,≤100
125466200895962,Valentin Landmann,Sven Kunz,≤100
288659088239530,MCG Officiel,Mouvement Citoyens Genevois,≤100
467503303605894,PLR Castel San Pietro,PLR Castel San Pietro,≤100
141785025856184,SAS - DACH,These ads ran without a disclaimer,≤100
100360518736993,Jungfreisinnige Obwalden,Jungfreisinnige Obwalden,≤100
2246378485612019,ASI - Associazione Svizzera Inquilini,ASI - Associazione Svizzera Inquilini,≤100
100980232576650,Muriel Langenberger,Muriel Langenberger,≤100
114475618216572,omar_bariffi,These ads ran without a disclaimer,≤100
106321615725425,Oui à la Loi climat,Oui à la loi climat,≤100
100128419377311,Just For Her 3,These ads ran without a disclaimer,≤100
114231361547107,SVP Wahlkreis Hochdorf LU,SVP - Wahlkreis Hochdorf LU,≤100
203499872999296,Die Mitte Weinfelden,Die Mitte Weinfelden,≤100
19746387261,Humane Society International,These ads ran without a disclaimer,≤100
100844786282093,SÌ alla Legge clima,Sì alla legge clima,≤100
100792205220828,art24,These ads ran without a disclaimer,≤100
100381452863244,Libertés et Justice sociale,Libertés et Justice sociale,≤100
100116156110843,Stop al blackout,Iniziativa popolare «Energia elettrica in ogni tempo per tutti (Stop al blackout)»,≤100
115874494765640,Marco Knubel,Marco Knubel,≤100
218538701651843,Union suisse des arts et métiers usam,Schweizerischer Gewerbeverband sgv,≤100
114584561517154,Komitee für ein JA zum Basler Steuerpaket,Komitee JA! zum Basler Steuerpaket,≤100
809697199378485,Sandra Cellarius,Sandra Alice Cellarius,≤100
1073858446007122,FDP. Die Liberalen Meggen,FDP. Die Liberalen Meggen,≤100
200905173303222,"SCI Switzerland (Schweiz, Suisse, Svizzera)","SCI Switzerland (Schweiz, Suisse, Svizzera)",≤100
122849551077569,Democrats Abroad Switzerland,Democrats Abroad,≤100
463645587339110,Piero Marchesi,Piero Marchesi,≤100
109889270596253,Aurelio Sargenti,Aurelio Mario Elvezio Sargenti,≤100
101120115685831,SVP Stäfa,SVP Stäfa,≤100
104265952574760,EVP Kreuzlingen,Adrian Robin Ziörjen,≤100
100756302940852,Raimund Wenger - Kantonsratswahlen 2023,Raimund Wenger,≤100
109742838576665,Sandro Gerber - FDP.Die Liberalen,sandrogerber,≤100
103269145789541,Stop au blackout,Initiative populaire « De l’électricité pour tous en tout temps (Stop au blackout) »,≤100
1496843297242441,Fernstudium Direkt,These ads ran without a disclaimer,≤100
104905208856666,Єдиний державний хаб зі збору доказів воєнних злочинів,These ads ran without a disclaimer,≤100
114908574874457,Green Roots,These ads ran without a disclaimer,≤100
46734093466,Falkensteiner Hotels & Residences,These ads ran without a disclaimer,≤100
1899205393647099,TAP Air Portugal,These ads ran without a disclaimer,≤100
470721533028851,Hair Frenzy,These ads ran without a disclaimer,≤100
148636738523021,LAGO Shopping-Center Konstanz,These ads ran without a disclaimer,≤100
99208765016,kununu,These ads ran without a disclaimer,≤100
104539708901187,CHARGENOW,These ads ran without a disclaimer,≤100
12359083356,Dein Bayern,These ads ran without a disclaimer,≤100
110368331992413,Party Rent Jobs,These ads ran without a disclaimer,≤100
1945180119126515,kiki.van.den.molen,These ads ran without a disclaimer,≤100
94927933313,ITCHY,These ads ran without a disclaimer,≤100
730128206999668,Miel de Botton,These ads ran without a disclaimer,≤100