﻿Page ID,Page name,Disclaimer,Amount spent (CHF)
97220294896,SP Schweiz,SP Schweiz,≤100
162745750462776,Mieterinnen- und Mieterverband MV,Mieterinnen- und Mieterverband MV,≤100
1054282644596776,GE-démocratie,GE-démocratie,≤100
154976914534194,Save the Children Schweiz/Suisse,Save the Children Schweiz,≤100
100332749664541,Ja zum Klimaschutz-Gesetz,JA zum Klimaschutz,≤100
104176871670876,Renteninitiative - Für eine sichere & nachhaltige Altersvorsorge,Verein Renteninitiative,≤100
1524954517562834,Prominis,Prominis GmbH,≤100
259871484198551,Thomas Matter,Thomas Matter,≤100
194790813901953,Grüne Schweiz,Grüne Schweiz,≤100
169752569742293,Schweizerischer Gewerbeverband sgv,Schweizerischer Gewerbeverband sgv,≤100
169510248558,Die Mitte - Le Centre,Die Mitte,≤100
105890175750510,Luca Carbone  lucacarbone.ch,Luca Carbone,≤100
1483343695307824,Campax,Campax,≤100
921336971288655,Nagra,Nagra,≤100
353685744720476,Jungfreisinnige Stadt Luzern,Jungfreisinnige Stadt Luzern,≤100
111081131629685,Blackout stoppen,Volksinitiative «Jederzeit Strom für alle (Blackout stoppen)»,≤100
290544665132087,Jasmin Ursprung,Jasmin Ursprung,≤100
784812424962943,Tele Z,TELE Z,≤100
48980326364,Public Eye,Public Eye,≤100
102014399307738,Direkt,direkt,≤100
125466200895962,Valentin Landmann,Sven Kunz,≤100
1526697364280066,Partito Socialista Ticino,Partito Socialista Ticino,≤100
107126168963330,Pascal Mueller-Born,Pascal Alois Müller Born,≤100
983775695036102,Gianluca Pardini,Gianluca Pardini,≤100
102700334426254,Pierluigi Pasi,Pierluigi Pasi,≤100
463645587339110,Piero Marchesi,Piero Marchesi,≤100
663896104043182,Kultur Luzern,Kultur Luzern,≤100
445013152316995,Die Mitte Kriens,Die Mitte Kriens,≤100
1504706079628728,ASLOCA Suisse,ASLOCA Suisse,≤100
114475618216572,omar_bariffi,These ads ran without a disclaimer,≤100
453655411351244,Giovani UDC Ticino,Giovani UDC Ticino,≤100
97721121385,Public Eye,Public Eye,≤100
100980232576650,Muriel Langenberger,Muriel Langenberger,≤100
101122865395791,Matteo Buzzi,Matteo Buzzi,≤100
203499872999296,Die Mitte Weinfelden,Die Mitte Weinfelden,≤100
100844786282093,SÌ alla Legge clima,Sì alla legge clima,≤100
109742838576665,Sandro Gerber - FDP.Die Liberalen,sandrogerber,≤100
1429860470617358,Le Centre / Ville de Genève,Le Centre / Ville de Genève,≤100
200905173303222,"SCI Switzerland (Schweiz, Suisse, Svizzera)","SCI Switzerland (Schweiz, Suisse, Svizzera)",≤100
115874494765640,Marco Knubel,Marco Knubel,≤100
80305304937,Grünliberale Partei Sursee,Grünliberale Partei Sursee,≤100
2246378485612019,ASI - Associazione Svizzera Inquilini,ASI - Associazione Svizzera Inquilini,≤100
467503303605894,PLR Castel San Pietro,PLR Castel San Pietro,≤100
291359247729208,PS Suisse,PS Suisse,≤100
103190662706168,NON à la Loi sur la Chasse.,Rolf Hugo Hilfiker,≤100
104265952574760,EVP Kreuzlingen,Adrian Robin Ziörjen,≤100
618990544877607,Natalia Ferrara,Natalia Ferrara,≤100
218538701651843,Union suisse des arts et métiers usam,Schweizerischer Gewerbeverband sgv,≤100
100792205220828,art24,These ads ran without a disclaimer,≤100
247193432357291,Diaspora TV  Switzerland,These ads ran without a disclaimer,≤100
113671758293671,JA zum Stadtparlament,Komitee JA zum Stadtparlament Rapperswil-Jona,≤100
101670246199662,Claudia Wicki-Huonder,Claudia Wicki-Huonder,≤100
108595330730708,Groupe lgbtiq+ du PS genevois,Groupe lgbtiq+ du PS genevois,≤100
109889270596253,Aurelio Sargenti,Aurelio Mario Elvezio Sargenti,≤100
106321615725425,Oui à la Loi climat,Oui à la loi climat,≤100
100116156110843,Stop al blackout,Iniziativa popolare «Energia elettrica in ogni tempo per tutti (Stop al blackout)»,≤100
114584561517154,Komitee für ein JA zum Basler Steuerpaket,Komitee JA! zum Basler Steuerpaket,≤100
1073858446007122,FDP. Die Liberalen Meggen,FDP. Die Liberalen Meggen,≤100
122849551077569,Democrats Abroad Switzerland,Democrats Abroad,≤100
104905208856666,Єдиний державний хаб зі збору доказів воєнних злочинів,These ads ran without a disclaimer,≤100
12359083356,Dein Bayern,These ads ran without a disclaimer,≤100
19746387261,Humane Society International,These ads ran without a disclaimer,≤100
295143794714526,The Spirit of OM,These ads ran without a disclaimer,≤100
107483864336789,I am a Casting Worker,These ads ran without a disclaimer,≤100
141785025856184,SAS - DACH,These ads ran without a disclaimer,≤100
1899205393647099,TAP Air Portugal,These ads ran without a disclaimer,≤100
110368331992413,Party Rent Jobs,These ads ran without a disclaimer,≤100
178925535502983,Matthew Fowler,These ads ran without a disclaimer,≤100