﻿Page ID,Page name,Disclaimer,Amount spent (CHF)
220137094989562,BRITA Schweiz,These ads ran without a disclaimer,186
206853576021088,CMP(Cumhuriyetci ve Milliyetci Parti),These ads ran without a disclaimer,161
103074632758864,Natacha Albrecht au Conseil National,Natacha Albrecht au Conseil National,144
18087904183,PLR,PLR,117
169510248558,Die Mitte - Le Centre,Die Mitte,≤100
1426072874321965,Regine Sauter,Regine Sauter,≤100
191859734164694,Pro Infirmis,Pro Infirmis,≤100
179829952053386,Vert'libéraux,Parti vert'libéral Suisse,≤100
103550668590403,Mieux vivre sa vie,Mieux Vivre Sa Vie,≤100
175478195846132,Les Vert·e·s suisses,Grüne Schweiz,≤100
126289610761942,Grünliberale,Grünliberale,≤100
115134174862244,perspectivesuisse.ch,IG Wirtschaftsverbände,≤100
100649012962611,Direct,Direct,≤100
15733998334,FDP,FDP,≤100
1027844850652657,Boomerang Ideas,Boomerang Ideas AG,≤100
101016155153638,Sarah Constantin,Sarah Constantin,≤100
120307884715130,Les Vert•e•s Valais - Grüne Wallis,Les Vert•e•s Valais - Grüne Wallis,≤100
921336971288655,Nagra,Nagra,≤100
291359247729208,PS Suisse,PS Suisse,≤100
108415785645908,Central INV,These ads ran without a disclaimer,≤100
48980326364,Public Eye,Public Eye,≤100
97721121385,Public Eye,Public Eye,≤100
535897123124799,Jeunes Libéraux-Radicaux Suisse,Jeunes Libéraux-Radicaux Suisses,≤100
105527252338650,perspektiveschweiz.ch,IG Wirtschaftsverbände,≤100
154976914534194,Save the Children Schweiz/Suisse,Save the Children Schweiz,≤100
102014399307738,Direkt,direkt,≤100
218538701651843,Union suisse des arts et métiers usam,Schweizerischer Gewerbeverband sgv,≤100
169752569742293,Schweizerischer Gewerbeverband sgv,Schweizerischer Gewerbeverband sgv,≤100
1483343695307824,Campax,Campax,≤100
1524954517562834,Prominis,Prominis GmbH,≤100
202907189862969,Verdi Liberali,Parti vert'libéral Suisse,≤100
51415837765,Greenpeace Switzerland,Greenpeace Switzerland,≤100
103269145789541,Stop au blackout,Initiative populaire « De l’électricité pour tous en tout temps (Stop au blackout) »,≤100
97220294896,SP Schweiz,SP Schweiz,≤100
541309512604876,Verbier International School,These ads ran without a disclaimer,≤100
101432554786737,Verein Stadtgrün,Verein Stadtgrün,≤100
255506388731408,Biodiversitätsinitiative,Biodiversitätsinitiative,≤100
259871484198551,Thomas Matter,Thomas Matter,≤100
124881880957569,SP Stadt St.Gallen,SP Stadt St.Gallen,≤100
108625789179165,Soi Dog Foundation,These ads ran without a disclaimer,≤100
267353906619818,Mr. Gugu & Miss Go,These ads ran without a disclaimer,≤100
109177161782403,Animal équité,Association Animal équité,≤100
139016370161,PINK CROSS / Swiss Gay Federation,Pink Cross,≤100
434325363566608,So Denkt Ein Mann,These ads ran without a disclaimer,≤100
164442820236221,Jeunes Vert·exs Vaud,Jeunes Vert·exs Vaud,≤100
103345964761894,Paramount+,These ads ran without a disclaimer,≤100
111081131629685,Blackout stoppen,Volksinitiative «Jederzeit Strom für alle (Blackout stoppen)»,≤100
194790813901953,Grüne Schweiz,Grüne Schweiz,≤100
200905173303222,SCI Switzerland,SCI Switzerland,≤100
158820214312321,Citations Ron Hubbard,Mieux Vivre Sa Vie,≤100
7783116506,Animals Asia,These ads ran without a disclaimer,≤100
100513788093677,Les Vert-e-s Ville de Genève,Les Vert-e-s Ville de Genève,≤100
110868498959631,Stiftung für das Tier im Recht (TIR),These ads ran without a disclaimer,≤100
107132569075201,Новости Европы,These ads ran without a disclaimer,≤100
131066326987,SP Kanton Zürich,SP Kanton Zürich,≤100
238982909481105,Les Vert·e·s Genevois·es,Les Vert-e-s genevois-es,≤100
1673559236288902,Pro Senectute Genève,Pro Senectute Genève,≤100
1587949341492441,Claudio Zihlmann,Claudio Zihlmann,≤100
977713258958895,Liberal community spirit,These ads ran without a disclaimer,≤100
245489546137580,Christoph Riner - bodenständige Politik,Christoph Riner - bodenständige Politik,≤100
319393291423771,Le Temps,These ads ran without a disclaimer,≤100
106691902497084,Nachhaltigkeitistdiezukunft,These ads ran without a disclaimer,≤100
105433098937696,Fun Magazine Club,These ads ran without a disclaimer,≤100
111100840266377,Wacko Jaco,These ads ran without a disclaimer,≤100
109245862226849,Важно Знать,These ads ran without a disclaimer,≤100
450326391674911,Allianz,These ads ran without a disclaimer,≤100
156712937676166,EXPO REAL,These ads ran without a disclaimer,≤100
111314921602185,Dustsilver_keyboard,These ads ran without a disclaimer,≤100
1399750283620746,Hidden City,These ads ran without a disclaimer,≤100
102182514940384,Natalia Dinsel-Bondarenko,These ads ran without a disclaimer,≤100
181924628560212,Ekō,These ads ran without a disclaimer,≤100
1398006463750067,Clément Lefer - Filmmaker,These ads ran without a disclaimer,≤100
117706891348378,Срочные Hовости,These ads ran without a disclaimer,≤100
205332123261241,Знакомства RusDate,These ads ran without a disclaimer,≤100
129066162283,BRAVO,These ads ran without a disclaimer,≤100
107431635701822,Huang Hsi,These ads ran without a disclaimer,≤100
100305849167750,Born To Know,These ads ran without a disclaimer,≤100
103669595594356,Driving Todays - Magazine,These ads ran without a disclaimer,≤100
103602801321209,Bundesamt für Wahrheit - BAW,These ads ran without a disclaimer,≤100
344556287396,Penguin Bücher,These ads ran without a disclaimer,≤100