﻿Page ID,Page name,Disclaimer,Amount spent (CHF)
206853576021088,CMP(Cumhuriyetci ve Milliyetci Parti),These ads ran without a disclaimer,≤100
220137094989562,BRITA Schweiz,These ads ran without a disclaimer,≤100
18087904183,PLR,PLR,≤100
103550668590403,Mieux vivre sa vie,Mieux Vivre Sa Vie,≤100
175478195846132,Les Vert·e·s suisses,Grüne Schweiz,≤100
169510248558,Die Mitte - Le Centre,Die Mitte,≤100
179829952053386,Vert'libéraux,Parti vert'libéral Suisse,≤100
191859734164694,Pro Infirmis,Pro Infirmis,≤100
1426072874321965,Regine Sauter,Regine Sauter,≤100
115134174862244,perspectivesuisse.ch,IG Wirtschaftsverbände,≤100
126289610761942,Grünliberale,Grünliberale,≤100
100649012962611,Direct,Direct,≤100
291359247729208,PS Suisse,PS Suisse,≤100
535897123124799,Jeunes Libéraux-Radicaux Suisse,Jeunes Libéraux-Radicaux Suisses,≤100
97721121385,Public Eye,Public Eye,≤100
921336971288655,Nagra,Nagra,≤100
15733998334,FDP,FDP,≤100
48980326364,Public Eye,Public Eye,≤100
105527252338650,perspektiveschweiz.ch,IG Wirtschaftsverbände,≤100
108415785645908,Central INV,These ads ran without a disclaimer,≤100
1027844850652657,Boomerang Ideas,Boomerang Ideas AG,≤100
218538701651843,Union suisse des arts et métiers usam,Schweizerischer Gewerbeverband sgv,≤100
1483343695307824,Campax,Campax,≤100
102014399307738,Direkt,direkt,≤100
103269145789541,Stop au blackout,Initiative populaire « De l’électricité pour tous en tout temps (Stop au blackout) »,≤100
169752569742293,Schweizerischer Gewerbeverband sgv,Schweizerischer Gewerbeverband sgv,≤100
97220294896,SP Schweiz,SP Schweiz,≤100
811451112243983,Grünliberale Basel-Stadt,Grünliberale Basel-Stadt,≤100
101432554786737,Verein Stadtgrün,Verein Stadtgrün,≤100
202907189862969,Verdi Liberali,Parti vert'libéral Suisse,≤100
255506388731408,Biodiversitätsinitiative,Biodiversitätsinitiative,≤100
1148594755342436,Saskia Schenker - Nationalratskandidatin,FDP Sissach und Umgebung c/o Saskia Schenker,≤100
154976914534194,Save the Children Schweiz/Suisse,Save the Children Schweiz,≤100
51415837765,Greenpeace Switzerland,Greenpeace Switzerland,≤100
1524954517562834,Prominis,Prominis GmbH,≤100
259871484198551,Thomas Matter,Thomas Matter,≤100
124881880957569,SP Stadt St.Gallen,SP Stadt St.Gallen,≤100
111081131629685,Blackout stoppen,Volksinitiative «Jederzeit Strom für alle (Blackout stoppen)»,≤100
109177161782403,Animal équité,Association Animal équité,≤100
102182514940384,Natalia Dinsel-Bondarenko,These ads ran without a disclaimer,≤100
200905173303222,SCI Switzerland,SCI Switzerland,≤100
100513788093677,Les Vert-e-s Ville de Genève,Les Vert-e-s Ville de Genève,≤100
194790813901953,Grüne Schweiz,Grüne Schweiz,≤100
158820214312321,Citations Ron Hubbard,Mieux Vivre Sa Vie,≤100
131066326987,SP Kanton Zürich,SP Kanton Zürich,≤100
541309512604876,Verbier International School,These ads ran without a disclaimer,≤100
109058562218301,Levin Koller,"Levin Koller, SP Biel",≤100
105433098937696,Fun Magazine Club,These ads ran without a disclaimer,≤100
107431635701822,Huang Hsi,These ads ran without a disclaimer,≤100
181924628560212,Ekō,These ads ran without a disclaimer,≤100
267353906619818,Mr. Gugu & Miss Go,These ads ran without a disclaimer,≤100
344556287396,Penguin Bücher,These ads ran without a disclaimer,≤100
7783116506,Animals Asia,These ads ran without a disclaimer,≤100
434325363566608,So Denkt Ein Mann,These ads ran without a disclaimer,≤100
1398006463750067,Clément Lefer - Filmmaker,These ads ran without a disclaimer,≤100
108625789179165,Soi Dog Foundation,These ads ran without a disclaimer,≤100
103345964761894,Paramount+,These ads ran without a disclaimer,≤100