﻿Page ID,Page name,Disclaimer,Amount spent (CHF)
220137094989562,BRITA Schweiz,These ads ran without a disclaimer,≤100
108415785645908,Central INV,These ads ran without a disclaimer,≤100
206853576021088,CMP(Cumhuriyetci ve Milliyetci Parti),These ads ran without a disclaimer,≤100
169510248558,Die Mitte - Le Centre,Die Mitte,≤100
15733998334,FDP,FDP,≤100
1426072874321965,Regine Sauter,Regine Sauter,≤100
18087904183,PLR,PLR,≤100
191859734164694,Pro Infirmis,Pro Infirmis,≤100
105527252338650,perspektiveschweiz.ch,IG Wirtschaftsverbände,≤100
97721121385,Public Eye,Public Eye,≤100
102014399307738,Direkt,direkt,≤100
100649012962611,Direct,Direct,≤100
48980326364,Public Eye,Public Eye,≤100
126289610761942,Grünliberale,Grünliberale,≤100
97220294896,SP Schweiz,SP Schweiz,≤100
169752569742293,Schweizerischer Gewerbeverband sgv,Schweizerischer Gewerbeverband sgv,≤100
921336971288655,Nagra,Nagra,≤100
115134174862244,perspectivesuisse.ch,IG Wirtschaftsverbände,≤100
218538701651843,Union suisse des arts et métiers usam,Schweizerischer Gewerbeverband sgv,≤100
1483343695307824,Campax,Campax,≤100
291359247729208,PS Suisse,PS Suisse,≤100
255506388731408,Biodiversitätsinitiative,Biodiversitätsinitiative,≤100
434325363566608,So Denkt Ein Mann,These ads ran without a disclaimer,≤100
103345964761894,Paramount+,These ads ran without a disclaimer,≤100