﻿Page ID,Page name,Disclaimer,Amount spent (CHF)
583706025047684,Pierre Rappazzo in den Zürcher Kantonsrat,Pierre Rappazzo,≤100
317591871730585,SVP Bezirk Meilen,Marc Michel Wachter,≤100
108392832120312,Perspektive Zürich,Perspektive Zürich,≤100
1769803096579445,Grünliberale Bezirk Horgen,Grünliberale Bezirk Horgen,≤100
105858378539790,FDP Wädenswil,FDP Wädenswil,≤100
97220294896,SP Schweiz,SP Schweiz,≤100
360920524334417,Grünliberale Adliswil,Grünliberale Adliswil,≤100
194790813901953,Grüne Schweiz,Grüne Schweiz,≤100
111081131629685,Blackout stoppen,Volksinitiative «Jederzeit Strom für alle (Blackout stoppen)»,≤100
154976914534194,Save the Children Schweiz/Suisse,Save the Children Schweiz,≤100
335609400529370,FDP Horgen,FDP Horgen,≤100
1464661227009326,SVP Bezirk Uster,SVP Bezirk Uster,≤100
102578282597131,Kamylla Lisi-Brandino,Kamylla J. Lisi-Brandino,≤100
261452338060969,Domenik Lädi Ledergerber,Überparteiliches Unterstützungskomitee Domenik Ledergerber,≤100
102014399307738,Direkt,direkt,≤100
104176871670876,Renteninitiative - Für eine sichere & nachhaltige Altersvorsorge,Verein Renteninitiative,≤100
169752569742293,Schweizerischer Gewerbeverband sgv,Schweizerischer Gewerbeverband sgv,≤100
1599925810096142,Kreis 6/10 mit glp in die Zukunft,Grünliberale Kreis 6 und 10,≤100
117741198303856,FDP Kanton Zürich,FDP Kanton Zürich,≤100
169510248558,Die Mitte - Le Centre,Die Mitte,≤100
756722317788172,FDP.Die Liberalen Stadt Luzern,FDP.Die Liberalen Stadt Luzern,≤100
105527252338650,perspektiveschweiz.ch,IG Wirtschaftsverbände,≤100
476237372525131,Christa Isabelle Stünzi - glp ZH,Christa Isabelle Stünzi - glp ZH,≤100
245030556232364,Grünliberale Partei Basel-Landschaft,Grünliberale Partei Basel-Landschaft,≤100
1604136306538918,Marc Wachter,Marc Michel Wachter,≤100
651956578553145,"Marita Verbali, FDP",Marita Verbali,≤100
784812424962943,Tele Z,TELE Z,≤100
107515328348195,Michael Uebersax,Michael Stefan Uebersax,≤100
257497631736082,Gletscher-Initiative,Verein Klimaschutz Schweiz,≤100
101417574776507,Ja zur direkten Demokratie,New Swiss Journal,≤100
2525584750795209,Nina Fehr Düsel,Nina Fehr Düsel,≤100
921336971288655,Nagra,Nagra,≤100
125466200895962,Valentin Landmann,Sven Kunz,≤100
105262295297064,FDP.Die Liberalen Nürensdorf,FDP.Die Liberalen Nürensdorf,≤100
100213996124067,Grünliberale Sektion Emmen-Hochdorf,Grünliberale Sektion Emmen-Hochdorf,≤100
200825306651250,Renato Pfeffer EVP,EVP Kanton Zürich,≤100
488909884546537,GLP Winterthur Land,GLP Winterthur Land,≤100
101759462695729,Seraina Billeter-Ihre Kandidatin,Seraina Sara Billeter,≤100
360151400680191,Die Mitte Stadt Luzern,Die Mitte Stadt Luzern,≤100
198432937394181,Philipp Müller in den Kantonsrat,Philipp Müller,≤100
100980232576650,Muriel Langenberger,Muriel Langenberger,≤100
103638965961747,Gabriel Mäder - Grünliberale,Gabriel Markus Mäder,≤100
100345702834585,All Out Deutschland,All Out,≤100
259871484198551,Thomas Matter,Thomas Matter,≤100
135366813191979,Urs Waser Kantonsrat,Waser Urs,≤100
109023033782956,Unisanté,Unisanté,≤100
103369269163798,Mittendrin,Hanspeter Renggli,≤100
705478906236710,FDP.Die Liberalen Bezirk Uster,FDP.Die Liberalen Bezirk Uster,≤100
292711521138736,IPFO,International Photo Festival Olten,≤100
82752099000,Alternative Liste ZH,Alternative Liste Zürich,≤100
71049199915,Nebelspalter,These ads ran without a disclaimer,≤100
1700824713324064,SP Zürich 10,SP Zürich 10,≤100
627220684023668,GRÜNE Zürich,Grüne Kanton Zürich,≤100
355645665140771,Nicola Forster,Nicola Forster,≤100
252652524823017,EVP Kanton Zürich,EVP Kanton Zürich,≤100
358536457645537,SVP Uster,Daniel Schnyder,≤100
139890720097051,Die Mitte Muttenz,Die Mitte Muttenz,≤100
269029886456205,Giorgio Fonio,Giorgio Fonio,≤100
156218771073787,FDP Bezirk Dielsdorf,FDP Bezirk Dielsdorf,≤100
101120115685831,SVP Stäfa,Marco Andreas Vogt,≤100
113274870111292,Whippets de L'âme du Joran,These ads ran without a disclaimer,≤100
169042736456594,All Out,All Out,≤100
109742838576665,Sandro Gerber - FDP.Die Liberalen - Kantonsratskandidat ZH 2023,sandrogerber,≤100
102281186098428,Sara Sangiacomo,Rosaria Sangiacomo,≤100
212175019347952,SVP Horgen,SVP Horgen,≤100
230522120377463,FDP Allschwil-Schönenbuch,FDP Allschwil-Schönenbuch,≤100
471258816239362,Junge SVP Luzern,Junge SVP Luzern,≤100
1476717905682561,SP Zürich 6,SP Zürich 6,≤100
264952450282664,JUSO Luzern,Jungsozialist*innen Luzern,≤100
864604443735247,SVP Bezirk Dietikon,SVP Bezirk Dietikon,≤100
167983071434,SP Kriens,SP Kriens,≤100
1092252917594218,Initiative pour les glaciers,Association suisse pour la protection du climat,≤100
156831187737967,JUSO Kanton Zürich,Jungsozialist*innen Kanton Zürich,≤100
110151814882388,Benjamin Gautschi,Benjamin Gautschi,≤100
101321992365876,Reto Brüesch,These ads ran without a disclaimer,≤100
106615082184530,Raffael Grütter - GLP,Raffael Grütter,≤100
591968957877984,Andrea Isler,Andrea Lara Isler,≤100
103269145789541,Stop au blackout,Initiative populaire « De l’électricité pour tous en tout temps (Stop au blackout) »,≤100
567417573785872,RefLab,These ads ran without a disclaimer,≤100
103440272521713,Sarah Fuchs in den Kantonsrat,Sarah Fuchs,≤100
190133177759419,Giuseppe Cotti,Giuseppe Cotti,≤100
100116156110843,Stop al blackout,Iniziativa popolare «Energia elettrica in ogni tempo per tutti (Stop al blackout)»,≤100
354391925271384,Raphael Zimmerli - Die Mitte,These ads ran without a disclaimer,≤100
231086633606227,SVP Baselland,SVP Baselland,≤100
108625789179165,Soi Dog Foundation,These ads ran without a disclaimer,≤100
291359247729208,PS Suisse,PS Suisse,≤100
108206818777404,Bezirksgewerbeverband Bülach,Bezirksgewerbeverband Bülach,≤100
608260099589519,Dominic Täubert,EVP Kanton Zürich,≤100
117027101705789,FDP Stadt Zürich,FDP Stadt Zürich,≤100
100369729335133,"Peter Grünenfelder, Regierungsratskandidat Zürich",Peter Grünenfelder c/o FDP Kanton Zürich,≤100
104968989056423,peyman_khozoeii,These ads ran without a disclaimer,≤100
136341053227140,EVP Winterthur,EVP Kanton Zürich,≤100
105257442419923,Die Mitte Bezirk Bülach,Die Mitte Bezirk Bülach,≤100
103550668590403,Mieux vivre sa vie,Mieux Vivre Sa Vie,≤100
355710291577008,Grüne Kreis 3/9,Grüne Kreis 3/9,≤100
191438050875440,Die Mitte  Basel-Landschaft,Die Mitte  Basel-Landschaft,≤100
107717738487757,Viviane Kägi GLP,Viviane Kägi,≤100
1959919117421939,FDP.Die Liberalen Bezirk Bülach,FDP.Die Liberalen Bezirk Bülach,≤100
2473457572885442,Crime Schweiz,These ads ran without a disclaimer,≤100
610098352377102,Christian Pfaller,Komitee Christian Pfaller,≤100
1903129656584980,SP Uster,SP Uster,≤100
1483343695307824,Campax,Campax,≤100
113326388690102,SP Zürich 1 und 2,SP Zürich 1+2,≤100
196102537581541,FDP-Port,These ads ran without a disclaimer,≤100
115397480315613,golfo_and_the_bengal_brothers,These ads ran without a disclaimer,≤100
109213507316253,SP Zürich 11,SP Zürich,≤100
102543406062983,Alessandro Corti,These ads ran without a disclaimer,≤100
660899717422337,Easytax Schweiz,These ads ran without a disclaimer,≤100
100211985747396,Klimaform,These ads ran without a disclaimer,≤100
104546295740207,Aura of the world,These ads ran without a disclaimer,≤100
103814352620250,Wiadomość dnia,These ads ran without a disclaimer,≤100
143885529034197,Andersmensch,These ads ran without a disclaimer,≤100
181924628560212,SumOfUs,These ads ran without a disclaimer,≤100
1446462038910951,proHolz Steiermark,These ads ran without a disclaimer,≤100
1917715138510680,Follow Your Legend,These ads ran without a disclaimer,≤100
198892435401,University of Chicago Booth School of Business,These ads ran without a disclaimer,≤100
105211072462251,zoltan.szeker,These ads ran without a disclaimer,≤100
185561295623272,Move To Help Foundation,These ads ran without a disclaimer,≤100
108339698821916,Новости Дня,These ads ran without a disclaimer,≤100
1559361800964443,Roman Hefner,These ads ran without a disclaimer,≤100
106583898850663,Harrington Frazier,These ads ran without a disclaimer,≤100
105758584857848,alegpilipenko,These ads ran without a disclaimer,≤100
368757963825913,WasteFuel,These ads ran without a disclaimer,≤100
968643809909024,Mubariz Mansimov,These ads ran without a disclaimer,≤100
109292693991696,What The Food,These ads ran without a disclaimer,≤100
112382851644990,Magazin Tentakel,These ads ran without a disclaimer,≤100