﻿Page ID,Page name,Disclaimer,Amount spent (CHF)
756722317788172,FDP.Die Liberalen Stadt Luzern,FDP.Die Liberalen Stadt Luzern,≤100
97220294896,SP Schweiz,SP Schweiz,≤100
1599925810096142,Kreis 6/10 mit glp in die Zukunft,Grünliberale Kreis 6 und 10,≤100
154976914534194,Save the Children Schweiz/Suisse,Save the Children Schweiz,≤100
194790813901953,Grüne Schweiz,Grüne Schweiz,≤100
111081131629685,Blackout stoppen,Volksinitiative «Jederzeit Strom für alle (Blackout stoppen)»,≤100
257497631736082,Gletscher-Initiative,Verein Klimaschutz Schweiz,≤100
102014399307738,Direkt,direkt,≤100
104176871670876,Renteninitiative - Für eine sichere & nachhaltige Altersvorsorge,Verein Renteninitiative,≤100
169752569742293,Schweizerischer Gewerbeverband sgv,Schweizerischer Gewerbeverband sgv,≤100
360151400680191,Die Mitte Stadt Luzern,Die Mitte Stadt Luzern,≤100
261452338060969,Domenik Lädi Ledergerber,Überparteiliches Unterstützungskomitee Domenik Ledergerber,≤100
651956578553145,"Marita Verbali, FDP",Marita Verbali,≤100
600706570124933,Verkehrssanierungen JA,Verkehrssanierungen JA,≤100
245030556232364,Grünliberale Partei Basel-Landschaft,Grünliberale Partei Basel-Landschaft,≤100
100213996124067,Grünliberale Sektion Emmen-Hochdorf,Grünliberale Sektion Emmen-Hochdorf,≤100
784812424962943,Tele Z,TELE Z,≤100
169510248558,Die Mitte - Le Centre,Die Mitte,≤100
200825306651250,Renato Pfeffer EVP,EVP Kanton Zürich,≤100
735945280122458,VCS Kanton Bern,VCS Sektion Bern,≤100
292711521138736,IPFO,International Photo Festival Olten,≤100
175478195846132,Les Vert·e·s suisses,Grüne Schweiz,≤100
1769803096579445,Grünliberale Bezirk Horgen,Grünliberale Bezirk Horgen,≤100
100345702834585,All Out Deutschland,All Out,≤100
921336971288655,Nagra,Nagra,≤100
105858378539790,FDP Wädenswil,FDP Wädenswil,≤100
105527252338650,perspektiveschweiz.ch,IG Wirtschaftsverbände,≤100
125466200895962,Valentin Landmann,Sven Kunz,≤100
101417574776507,Ja zur direkten Demokratie,New Swiss Journal,≤100
269029886456205,Giorgio Fonio,Giorgio Fonio,≤100
103369269163798,Mittendrin,Hanspeter Renggli,≤100
1700824713324064,SP Zürich 10,SP Zürich 10,≤100
100980232576650,Muriel Langenberger,Muriel Langenberger,≤100
71049199915,Nebelspalter,These ads ran without a disclaimer,≤100
259871484198551,Thomas Matter,Thomas Matter,≤100
101321992365876,Reto Brüesch,These ads ran without a disclaimer,≤100
103269145789541,Stop au blackout,Initiative populaire « De l’électricité pour tous en tout temps (Stop au blackout) »,≤100
627220684023668,GRÜNE Zürich,Grüne Kanton Zürich,≤100
82752099000,Alternative Liste ZH,Alternative Liste Zürich,≤100
102578282597131,Kamylla Lisi-Brandino,Kamylla J. Lisi-Brandino,≤100
109023033782956,Unisanté,Unisanté,≤100
471258816239362,Junge SVP Luzern,Junge SVP Luzern,≤100
252652524823017,EVP Kanton Zürich,EVP Kanton Zürich,≤100
113274870111292,Whippets de L'âme du Joran,These ads ran without a disclaimer,≤100
1092252917594218,Initiative pour les glaciers,Association suisse pour la protection du climat,≤100
101120115685831,SVP Stäfa,Marco Andreas Vogt,≤100
139890720097051,Die Mitte Muttenz,Die Mitte Muttenz,≤100
1476717905682561,SP Zürich 6,SP Zürich 6,≤100
705478906236710,FDP.Die Liberalen Bezirk Uster,FDP.Die Liberalen Bezirk Uster,≤100
169042736456594,All Out,All Out,≤100
567417573785872,RefLab,These ads ran without a disclaimer,≤100
104968989056423,peyman_khozoeii,These ads ran without a disclaimer,≤100
110533229026103,EVP / PEV,EVP Schweiz,≤100
100369729335133,"Peter Grünenfelder, Regierungsratskandidat Zürich",Peter Grünenfelder c/o FDP Kanton Zürich,≤100
355645665140771,Nicola Forster,Nicola Forster,≤100
231086633606227,SVP Baselland,SVP Baselland,≤100
2525584750795209,Nina Fehr Düsel,Nina Fehr Düsel,≤100
119245155521044,Ylli Doko - Politiker - FDP Die.Liberalen,Ylli Doko,≤100
212175019347952,SVP Horgen,SVP Horgen,≤100
291359247729208,PS Suisse,PS Suisse,≤100
610098352377102,Christian Pfaller,Komitee Christian Pfaller,≤100
190133177759419,Giuseppe Cotti,Giuseppe Cotti,≤100
111516028427691,Die Mitte Oberes Baselbiet,Die Mitte Oberes Baselbiet,≤100
191438050875440,Die Mitte  Basel-Landschaft,Die Mitte  Basel-Landschaft,≤100
864604443735247,SVP Bezirk Dietikon,SVP Bezirk Dietikon,≤100
354391925271384,Raphael Zimmerli - Die Mitte,These ads ran without a disclaimer,≤100
108595330730708,Groupe lgbtiq+ du PS genevois,Groupe lgbtiq+ du PS genevois,≤100
968643809909024,Mubariz Mansimov,These ads ran without a disclaimer,≤100
100211985747396,Klimaform,These ads ran without a disclaimer,≤100
1559361800964443,Roman Hefner,These ads ran without a disclaimer,≤100
181924628560212,SumOfUs,These ads ran without a disclaimer,≤100
108339698821916,Новости Дня,These ads ran without a disclaimer,≤100
106583898850663,Harrington Frazier,These ads ran without a disclaimer,≤100