﻿Page ID,Page name,Disclaimer,Amount spent (CHF)
97220294896,SP Schweiz,SP Schweiz,≤100
105380182425137,Michael Jäger,Hans Michael Jäger,≤100
194790813901953,Grüne Schweiz,Grüne Schweiz,≤100
111081131629685,Blackout stoppen,Volksinitiative «Jederzeit Strom für alle (Blackout stoppen)»,≤100
154976914534194,Save the Children Schweiz/Suisse,Save the Children Schweiz,≤100
1483343695307824,Campax,Campax,≤100
257497631736082,Gletscher-Initiative,Verein Klimaschutz Schweiz,≤100
104176871670876,Renteninitiative - Für eine sichere & nachhaltige Altersvorsorge,Verein Renteninitiative,≤100
1599925810096142,Kreis 6/10 mit glp in die Zukunft,Grünliberale Kreis 6 und 10,≤100
169752569742293,Schweizerischer Gewerbeverband sgv,Schweizerischer Gewerbeverband sgv,≤100
102014399307738,Direkt,direkt,≤100
651956578553145,"Marita Verbali, FDP",Marita Verbali,≤100
784812424962943,Tele Z,TELE Z,≤100
101417574776507,Ja zur direkten Demokratie,New Swiss Journal,≤100
107515328348195,Michael Uebersax,Michael Stefan Uebersax,≤100
105527252338650,perspektiveschweiz.ch,IG Wirtschaftsverbände,≤100
169510248558,Die Mitte - Le Centre,Die Mitte,≤100
245030556232364,Grünliberale Partei Basel-Landschaft,Grünliberale Partei Basel-Landschaft,≤100
100345702834585,All Out Deutschland,All Out,≤100
921336971288655,Nagra,Nagra,≤100
1700824713324064,SP Zürich 10,SP Zürich 10,≤100
169042736456594,All Out,All Out,≤100
125466200895962,Valentin Landmann,Sven Kunz,≤100
1464661227009326,SVP Bezirk Uster,SVP Bezirk Uster,≤100
102578282597131,Kamylla Lisi-Brandino,Kamylla J. Lisi-Brandino,≤100
261452338060969,Domenik Lädi Ledergerber,Überparteiliches Unterstützungskomitee Domenik Ledergerber,≤100
200825306651250,Renato Pfeffer EVP,EVP Kanton Zürich,≤100
259871484198551,Thomas Matter,Thomas Matter,≤100
1769803096579445,Grünliberale Bezirk Horgen,Grünliberale Bezirk Horgen,≤100
269029886456205,Giorgio Fonio,Giorgio Fonio,≤100
627220684023668,GRÜNE Zürich,Grüne Kanton Zürich,≤100
71049199915,Nebelspalter,These ads ran without a disclaimer,≤100
291359247729208,PS Suisse,PS Suisse,≤100
2525584750795209,Nina Fehr Düsel,Nina Fehr Düsel,≤100
100980232576650,Muriel Langenberger,Muriel Langenberger,≤100
82752099000,Alternative Liste ZH,Alternative Liste Zürich,≤100
705478906236710,FDP.Die Liberalen Bezirk Uster,FDP.Die Liberalen Bezirk Uster,≤100
101321992365876,Reto Brüesch,These ads ran without a disclaimer,≤100
139890720097051,Die Mitte Muttenz,Die Mitte Muttenz,≤100
488909884546537,GLP Winterthur Land,GLP Winterthur Land,≤100
101120115685831,SVP Stäfa,Marco Andreas Vogt,≤100
100369729335133,"Peter Grünenfelder, Regierungsratskandidat Zürich",Peter Grünenfelder c/o FDP Kanton Zürich,≤100
113274870111292,Whippets de L'âme du Joran,These ads ran without a disclaimer,≤100
230522120377463,FDP Allschwil-Schönenbuch,FDP Allschwil-Schönenbuch,≤100
292711521138736,IPFO,International Photo Festival Olten,≤100
136341053227140,EVP Winterthur,EVP Kanton Zürich,≤100
567417573785872,RefLab,These ads ran without a disclaimer,≤100
864604443735247,SVP Bezirk Dietikon,SVP Bezirk Dietikon,≤100
264952450282664,JUSO Luzern,Jungsozialist*innen Luzern,≤100
103269145789541,Stop au blackout,Initiative populaire « De l’électricité pour tous en tout temps (Stop au blackout) »,≤100
252652524823017,EVP Kanton Zürich,EVP Kanton Zürich,≤100
1092252917594218,Initiative pour les glaciers,Association suisse pour la protection du climat,≤100
106615082184530,Raffael Grütter - GLP,Raffael Grütter,≤100
105858378539790,FDP Wädenswil,FDP Wädenswil,≤100
104968989056423,peyman_khozoeii,These ads ran without a disclaimer,≤100
190133177759419,Giuseppe Cotti,Giuseppe Cotti,≤100
231086633606227,SVP Baselland,SVP Baselland,≤100
102543406062983,Alessandro Corti,These ads ran without a disclaimer,≤100
109023033782956,Unisanté,Unisanté,≤100
110533229026103,EVP / PEV,EVP Schweiz,≤100
1917715138510680,Follow Your Legend,These ads ran without a disclaimer,≤100
968643809909024,Mubariz Mansimov,These ads ran without a disclaimer,≤100
100211985747396,Klimaform,These ads ran without a disclaimer,≤100
1559361800964443,Roman Hefner,These ads ran without a disclaimer,≤100
143885529034197,Andersmensch,These ads ran without a disclaimer,≤100
1446462038910951,proHolz Steiermark,These ads ran without a disclaimer,≤100
108625789179165,Soi Dog Foundation,These ads ran without a disclaimer,≤100
105758584857848,alegpilipenko,These ads ran without a disclaimer,≤100