﻿Page ID,Page name,Disclaimer,Amount spent (CHF)
618765881570878,EKS,Elektrizitätswerk des Kantons Schaffhausen AG,≤100
650175488441328,Martin Farner,Farners GmbH,≤100
231320586878427,Hauseigentümerverband (HEV) Region Winterthur,Hauseigentümerverband Region Winterthur,≤100
111081131629685,Blackout stoppen,Volksinitiative «Jederzeit Strom für alle (Blackout stoppen)»,≤100
97220294896,SP Schweiz,SP Schweiz,≤100
194790813901953,Grüne Schweiz,Grüne Schweiz,≤100
488909884546537,GLP Winterthur Land,GLP Winterthur Land,≤100
276547049113405,SP Schaffhausen,SP Schaffhausen,≤100
154976914534194,Save the Children Schweiz/Suisse,Save the Children Schweiz,≤100
109742838576665,Sandro Gerber - FDP.Die Liberalen - Kantonsratskandidat ZH 2023,sandrogerber,≤100
610098352377102,Christian Pfaller,Komitee Christian Pfaller,≤100
102014399307738,Direkt,direkt,≤100
1599925810096142,Kreis 6/10 mit glp in die Zukunft,Grünliberale Kreis 6 und 10,≤100
104176871670876,Renteninitiative - Für eine sichere & nachhaltige Altersvorsorge,Verein Renteninitiative,≤100
921336971288655,Nagra,Nagra,≤100
261452338060969,Domenik Lädi Ledergerber,Überparteiliches Unterstützungskomitee Domenik Ledergerber,≤100
107515328348195,Michael Uebersax,Michael Stefan Uebersax,≤100
1464661227009326,SVP Bezirk Uster,SVP Bezirk Uster,≤100
102578282597131,Kamylla Lisi-Brandino,Kamylla J. Lisi-Brandino,≤100
784812424962943,Tele Z,TELE Z,≤100
101417574776507,Ja zur direkten Demokratie,New Swiss Journal,≤100
257497631736082,Gletscher-Initiative,Verein Klimaschutz Schweiz,≤100
169510248558,Die Mitte - Le Centre,Die Mitte,≤100
252652524823017,EVP Kanton Zürich,EVP Kanton Zürich,≤100
2525584750795209,Nina Fehr Düsel,Nina Fehr Düsel,≤100
651956578553145,"Marita Verbali, FDP",Marita Verbali,≤100
191136321464981,Die Mitte Stadt Winterthur,Die Mitte Stadt Winterthur,≤100
100345702834585,All Out Deutschland,All Out,≤100
105527252338650,perspektiveschweiz.ch,IG Wirtschaftsverbände,≤100
245030556232364,Grünliberale Partei Basel-Landschaft,Grünliberale Partei Basel-Landschaft,≤100
108392832120312,Perspektive Zürich,Perspektive Zürich,≤100
105262295297064,FDP.Die Liberalen Nürensdorf,FDP.Die Liberalen Nürensdorf,≤100
112713445046863,Thomas Schlumpf,Thomas Schlumpf,≤100
200825306651250,Renato Pfeffer EVP,EVP Kanton Zürich,≤100
82752099000,Alternative Liste ZH,Alternative Liste Zürich,≤100
169042736456594,All Out,All Out,≤100
125466200895962,Valentin Landmann,Sven Kunz,≤100
100369729335133,"Peter Grünenfelder, Regierungsratskandidat Zürich",Peter Grünenfelder c/o FDP Kanton Zürich,≤100
292711521138736,IPFO,International Photo Festival Olten,≤100
108692711660498,Urs Wegmann,Urs Wegmann,≤100
108351771294208,Hubert Boog,Hubert Walter Boog,≤100
1722137767860098,Grüne Bülach,Grüne Bülach,≤100
169752569742293,Schweizerischer Gewerbeverband sgv,Schweizerischer Gewerbeverband sgv,≤100
259871484198551,Thomas Matter,Thomas Matter,≤100
198432937394181,Philipp Müller in den Kantonsrat,Philipp Müller,≤100
1769803096579445,Grünliberale Bezirk Horgen,Grünliberale Bezirk Horgen,≤100
117741198303856,FDP Kanton Zürich,FDP Kanton Zürich,≤100
108206818777404,Bezirksgewerbeverband Bülach,Bezirksgewerbeverband Bülach,≤100
119245155521044,Ylli Doko - Politiker - FDP Die.Liberalen,Ylli Doko,≤100
1700824713324064,SP Zürich 10,SP Zürich 10,≤100
105257442419923,Die Mitte Bezirk Bülach,Die Mitte Bezirk Bülach,≤100
71049199915,Nebelspalter,These ads ran without a disclaimer,≤100
627220684023668,GRÜNE Zürich,Grüne Kanton Zürich,≤100
113274870111292,Whippets de L'âme du Joran,These ads ran without a disclaimer,≤100
102281186098428,Sara Sangiacomo,Rosaria Sangiacomo,≤100
100980232576650,Muriel Langenberger,Muriel Langenberger,≤100
102833318045836,Nick Glättli,Nick Didier Glättli,≤100
105858378539790,FDP Wädenswil,FDP Wädenswil,≤100
269029886456205,Giorgio Fonio,Giorgio Fonio,≤100
705478906236710,FDP.Die Liberalen Bezirk Uster,FDP.Die Liberalen Bezirk Uster,≤100
102666032712524,Yanabuzi6,These ads ran without a disclaimer,≤100
101321992365876,Reto Brüesch,These ads ran without a disclaimer,≤100
106264082355003,Sven Heinzelmann,Komitee «Sven Heinzelmann in den Kantonsrat»,≤100
116063758043441,Facundo Zimmerli,Facundo Nahuel Zimmerli,≤100
101120115685831,SVP Stäfa,Marco Andreas Vogt,≤100
1476717905682561,SP Zürich 6,SP Zürich 6,≤100
1092252917594218,Initiative pour les glaciers,Association suisse pour la protection du climat,≤100
103269145789541,Stop au blackout,Initiative populaire « De l’électricité pour tous en tout temps (Stop au blackout) »,≤100
156218771073787,FDP Bezirk Dielsdorf,FDP Bezirk Dielsdorf,≤100
355645665140771,Nicola Forster,Nicola Forster,≤100
567417573785872,RefLab,These ads ran without a disclaimer,≤100
864604443735247,SVP Bezirk Dietikon,SVP Bezirk Dietikon,≤100
230522120377463,FDP Allschwil-Schönenbuch,FDP Allschwil-Schönenbuch,≤100
107717738487757,Viviane Kägi GLP,Viviane Kägi,≤100
139890720097051,Die Mitte Muttenz,Die Mitte Muttenz,≤100
291359247729208,PS Suisse,PS Suisse,≤100
136341053227140,EVP Winterthur,EVP Kanton Zürich,≤100
264952450282664,JUSO Luzern,Jungsozialist*innen Luzern,≤100
231086633606227,SVP Baselland,SVP Baselland,≤100
113189798267288,Karl Heinz Meyer Wahlkampf 2023,Karl Heinz Meyer,≤100
103550668590403,Mieux vivre sa vie,Mieux Vivre Sa Vie,≤100
103440272521713,Sarah Fuchs in den Kantonsrat,Sarah Fuchs,≤100
104968989056423,peyman_khozoeii,These ads ran without a disclaimer,≤100
109023033782956,Unisanté,Unisanté,≤100
212175019347952,SVP Horgen,SVP Horgen,≤100
109213507316253,SP Zürich 11,SP Zürich,≤100
968643809909024,Mubariz Mansimov,These ads ran without a disclaimer,≤100
117027101705789,FDP Stadt Zürich,FDP Stadt Zürich,≤100
110151814882388,Benjamin Gautschi,Benjamin Gautschi,≤100
106615082184530,Raffael Grütter - GLP,Raffael Grütter,≤100
154212901272905,FDP.Die Liberalen Baselland,FDP.Die Liberalen Baselland,≤100
190133177759419,Giuseppe Cotti,Giuseppe Cotti,≤100
1483343695307824,Campax,Campax,≤100
608260099589519,Dominic Täubert,EVP Kanton Zürich,≤100
100211985747396,Klimaform,These ads ran without a disclaimer,≤100
109292693991696,What The Food,These ads ran without a disclaimer,≤100
181924628560212,SumOfUs,These ads ran without a disclaimer,≤100
143885529034197,Andersmensch,These ads ran without a disclaimer,≤100
106583898850663,Harrington Frazier,These ads ran without a disclaimer,≤100
108625789179165,Soi Dog Foundation,These ads ran without a disclaimer,≤100
108339698821916,Новости Дня,These ads ran without a disclaimer,≤100
102073931578170,Naazcars,These ads ran without a disclaimer,≤100
105722887705411,Jessica Verfürth,These ads ran without a disclaimer,≤100
1446462038910951,proHolz Steiermark,These ads ran without a disclaimer,≤100
112382851644990,Magazin Tentakel,These ads ran without a disclaimer,≤100
104546295740207,Aura of the world,These ads ran without a disclaimer,≤100