﻿Page ID,Page name,Disclaimer,Amount spent (CHF)
169510248558,Die Mitte - Le Centre,Die Mitte,281
100341315500438,Kirchensteuern sei Dank - St.Gallen,Katholischer Kofessionsteil des Kantons St.Gallen,262
105380182425137,Michael Jäger,Hans Michael Jäger,177
109469528675603,Philipp Egger,Philipp Egger,150
104530832464619,Mario Schwendener,Mario Schwendener,≤100
97220294896,SP Schweiz,SP Schweiz,≤100
101384276204469,Ja zur Wiesli-Initiative am 12. März,"Initiativkomitee ""Ja zur Wiesli-Initiative""",≤100
194790813901953,Grüne Schweiz,Grüne Schweiz,≤100
111081131629685,Blackout stoppen,Volksinitiative «Jederzeit Strom für alle (Blackout stoppen)»,≤100
317591871730585,SVP Bezirk Meilen,Marc Michel Wachter,≤100
154976914534194,Save the Children Schweiz/Suisse,Save the Children Schweiz,≤100
1903129656584980,SP Uster,SP Uster,≤100
101417574776507,Ja zur direkten Demokratie,New Swiss Journal,≤100
108392832120312,Perspektive Zürich,Perspektive Zürich,≤100
103082059271118,SP Bezirk Hinwil,SP Wetzikon,≤100
169752569742293,Schweizerischer Gewerbeverband sgv,Schweizerischer Gewerbeverband sgv,≤100
488909884546537,GLP Winterthur Land,GLP Winterthur Land,≤100
104176871670876,Renteninitiative - Für eine sichere & nachhaltige Altersvorsorge,Verein Renteninitiative,≤100
102014399307738,Direkt,direkt,≤100
1483343695307824,Campax,Campax,≤100
105858378539790,FDP Wädenswil,FDP Wädenswil,≤100
257497631736082,Gletscher-Initiative,Verein Klimaschutz Schweiz,≤100
1599925810096142,Kreis 6/10 mit glp in die Zukunft,Grünliberale Kreis 6 und 10,≤100
102578282597131,Kamylla Lisi-Brandino,Kamylla J. Lisi-Brandino,≤100
107515328348195,Michael Uebersax,Michael Stefan Uebersax,≤100
105527252338650,perspektiveschweiz.ch,IG Wirtschaftsverbände,≤100
921336971288655,Nagra,Nagra,≤100
100345702834585,All Out Deutschland,All Out,≤100
651956578553145,"Marita Verbali, FDP",Marita Verbali,≤100
245030556232364,Grünliberale Partei Basel-Landschaft,Grünliberale Partei Basel-Landschaft,≤100
784812424962943,Tele Z,TELE Z,≤100
1464661227009326,SVP Bezirk Uster,SVP Bezirk Uster,≤100
231320586878427,Hauseigentümerverband (HEV) Region Winterthur,Hauseigentümerverband Region Winterthur,≤100
125466200895962,Valentin Landmann,Sven Kunz,≤100
200825306651250,Renato Pfeffer EVP,EVP Kanton Zürich,≤100
259871484198551,Thomas Matter,Thomas Matter,≤100
261452338060969,Domenik Lädi Ledergerber,Überparteiliches Unterstützungskomitee Domenik Ledergerber,≤100
82752099000,Alternative Liste ZH,Alternative Liste Zürich,≤100
117741198303856,FDP Kanton Zürich,FDP Kanton Zürich,≤100
705478906236710,FDP.Die Liberalen Bezirk Uster,FDP.Die Liberalen Bezirk Uster,≤100
169042736456594,All Out,All Out,≤100
335609400529370,FDP Horgen,FDP Horgen,≤100
591968957877984,Andrea Isler,Andrea Lara Isler,≤100
109023033782956,Unisanté,Unisanté,≤100
100116156110843,Stop al blackout,Iniziativa popolare «Energia elettrica in ogni tempo per tutti (Stop al blackout)»,≤100
1700824713324064,SP Zürich 10,SP Zürich 10,≤100
1769803096579445,Grünliberale Bezirk Horgen,Grünliberale Bezirk Horgen,≤100
105262295297064,FDP.Die Liberalen Nürensdorf,FDP.Die Liberalen Nürensdorf,≤100
71049199915,Nebelspalter,These ads ran without a disclaimer,≤100
1604136306538918,Marc Wachter,Marc Michel Wachter,≤100
100980232576650,Muriel Langenberger,Muriel Langenberger,≤100
292711521138736,IPFO,International Photo Festival Olten,≤100
252652524823017,EVP Kanton Zürich,EVP Kanton Zürich,≤100
2525584750795209,Nina Fehr Düsel,Nina Fehr Düsel,≤100
269029886456205,Giorgio Fonio,Giorgio Fonio,≤100
627220684023668,GRÜNE Zürich,Grüne Kanton Zürich,≤100
743745965833626,Benjamin Stricker,Benjamin Stricker,≤100
864604443735247,SVP Bezirk Dietikon,SVP Bezirk Dietikon,≤100
113274870111292,Whippets de L'âme du Joran,These ads ran without a disclaimer,≤100
101759462695729,Seraina Billeter-Ihre Kandidatin,Seraina Sara Billeter,≤100
110707875106219,SVP Bezirk Hinwil,SVP Bezirk Hinwil,≤100
230522120377463,FDP Allschwil-Schönenbuch,FDP Allschwil-Schönenbuch,≤100
103850865786634,Grünliberale Bezirk Hinwil,Grünliberale Bezirk Hinwil,≤100
101321992365876,Reto Brüesch,These ads ran without a disclaimer,≤100
1092252917594218,Initiative pour les glaciers,Association suisse pour la protection du climat,≤100
101120115685831,SVP Stäfa,Marco Andreas Vogt,≤100
139890720097051,Die Mitte Muttenz,Die Mitte Muttenz,≤100
264952450282664,JUSO Luzern,Jungsozialist*innen Luzern,≤100
567417573785872,RefLab,These ads ran without a disclaimer,≤100
358536457645537,SVP Uster,Daniel Schnyder,≤100
100369729335133,"Peter Grünenfelder, Regierungsratskandidat Zürich",Peter Grünenfelder c/o FDP Kanton Zürich,≤100
216444012216,EDU - UDF (Eidgenössisch-Demokratische Union),Eidgenössisch-Demokratische Union Schweiz,≤100
291359247729208,PS Suisse,PS Suisse,≤100
109742838576665,Sandro Gerber - FDP.Die Liberalen - Kantonsratskandidat ZH 2023,sandrogerber,≤100
212175019347952,SVP Horgen,SVP Horgen,≤100
103269145789541,Stop au blackout,Initiative populaire « De l’électricité pour tous en tout temps (Stop au blackout) »,≤100
1476717905682561,SP Zürich 6,SP Zürich 6,≤100
110448418161537,FDP Hinwil,FDP Hinwil,≤100
102281186098428,Sara Sangiacomo,Rosaria Sangiacomo,≤100
355645665140771,Nicola Forster,Nicola Forster,≤100
100211985747396,Klimaform,These ads ran without a disclaimer,≤100
107717738487757,Viviane Kägi GLP,Viviane Kägi,≤100
103440272521713,Sarah Fuchs in den Kantonsrat,Sarah Fuchs,≤100
231086633606227,SVP Baselland,SVP Baselland,≤100
104968989056423,peyman_khozoeii,These ads ran without a disclaimer,≤100
122819208305170,Sauvegarde Genève,Sauvegarde Genève,≤100
136341053227140,EVP Winterthur,EVP Kanton Zürich,≤100
110533229026103,EVP / PEV,EVP Schweiz,≤100
156831187737967,JUSO Kanton Zürich,Jungsozialist*innen Kanton Zürich,≤100
108625789179165,Soi Dog Foundation,These ads ran without a disclaimer,≤100
110151814882388,Benjamin Gautschi,Benjamin Gautschi,≤100
190133177759419,Giuseppe Cotti,Giuseppe Cotti,≤100
170449246402589,Grünliberale Stadt Zürich,Grünliberale Partei Stadt Zürich,≤100
354391925271384,Raphael Zimmerli - Die Mitte,These ads ran without a disclaimer,≤100
175478195846132,Les Vert·e·s suisses,Grüne Schweiz,≤100
106615082184530,Raffael Grütter - GLP,Raffael Grütter,≤100
103550668590403,Mieux vivre sa vie,Mieux Vivre Sa Vie,≤100
109213507316253,SP Zürich 11,SP Zürich,≤100
113189798267288,Karl Heinz Meyer Wahlkampf 2023,Karl Heinz Meyer,≤100
117027101705789,FDP Stadt Zürich,FDP Stadt Zürich,≤100
968643809909024,Mubariz Mansimov,These ads ran without a disclaimer,≤100
105257442419923,Die Mitte Bezirk Bülach,Die Mitte Bezirk Bülach,≤100
115397480315613,golfo_and_the_bengal_brothers,These ads ran without a disclaimer,≤100
1225312564279075,Karin Fehr Thoma,Karin Fehr Thoma,≤100
105141622376705,aurel_keller,These ads ran without a disclaimer,≤100
156218771073787,FDP Bezirk Dielsdorf,FDP Bezirk Dielsdorf,≤100
108351771294208,Hubert Boog,Hubert Walter Boog,≤100
1462022710772147,Hans Egli,Hans Egli,≤100
100381452863244,Libertés et Justice sociale,Libertés et Justice sociale,≤100
660899717422337,Easytax Schweiz,These ads ran without a disclaimer,≤100
285821738704789,Nathalie Aeschbacher,Nathalie Anna Aeschbacher,≤100
1959919117421939,FDP.Die Liberalen Bezirk Bülach,FDP.Die Liberalen Bezirk Bülach,≤100
2473457572885442,Crime Schweiz,These ads ran without a disclaimer,≤100
106583898850663,Harrington Frazier,These ads ran without a disclaimer,≤100
108206818777404,Bezirksgewerbeverband Bülach,Bezirksgewerbeverband Bülach,≤100
102543406062983,Alessandro Corti,These ads ran without a disclaimer,≤100
1587949341492441,Claudio Zihlmann,Claudio Zihlmann,≤100
119245155521044,Ylli Doko - Politiker - FDP Die.Liberalen,Ylli Doko,≤100
1917715138510680,Follow Your Legend,These ads ran without a disclaimer,≤100
1559361800964443,Roman Hefner,These ads ran without a disclaimer,≤100
278535582495208,Conmenrdw,These ads ran without a disclaimer,≤100
198892435401,University of Chicago Booth School of Business,These ads ran without a disclaimer,≤100
103481929256935,EQUAL.official,These ads ran without a disclaimer,≤100
1446462038910951,proHolz Steiermark,These ads ran without a disclaimer,≤100
126730540704474,Pädagogium Baden-Baden,These ads ran without a disclaimer,≤100
1834711490185155,Турецкий язык по скайпу от Анны Боровской,These ads ran without a disclaimer,≤100
181924628560212,SumOfUs,These ads ran without a disclaimer,≤100
104546295740207,Aura of the world,These ads ran without a disclaimer,≤100
124650430922882,Oulun yliopisto - University of Oulu,These ads ran without a disclaimer,≤100
115996151753600,JC Flores,These ads ran without a disclaimer,≤100
103814352620250,Wiadomość dnia,These ads ran without a disclaimer,≤100
102666032712524,Yanabuzi6,These ads ran without a disclaimer,≤100
103828775939562,Valorée Gallery,These ads ran without a disclaimer,≤100
319549428716940,Maria Luisa Lima,These ads ran without a disclaimer,≤100
8002590959,Rainforest Action Network - RAN,These ads ran without a disclaimer,≤100
109292693991696,What The Food,These ads ran without a disclaimer,≤100
143885529034197,Andersmensch,These ads ran without a disclaimer,≤100
105722887705411,Jessica Verfürth,These ads ran without a disclaimer,≤100
105758584857848,alegpilipenko,These ads ran without a disclaimer,≤100
1814781865469544,friedensethik.ch,These ads ran without a disclaimer,≤100
110527368455096,Lululover,These ads ran without a disclaimer,≤100
108339698821916,Новости Дня,These ads ran without a disclaimer,≤100
104975142503469,lenochka_1777,These ads ran without a disclaimer,≤100