﻿Page ID,Page name,Disclaimer,Amount spent (CHF)
245030556232364,Grünliberale Partei Basel-Landschaft,Grünliberale Partei Basel-Landschaft,1772
154212901272905,FDP.Die Liberalen Baselland,FDP.Die Liberalen Baselland,1096
187828241245131,Grüne Baselland,Grüne Baselland,931
106020715591381,"Thomi Jourdan - Regierungsratskandidat Baselland - ""fürs Baselbiet vo morn""",Thomi Jourdan in den Regierungsrat,591
231086633606227,SVP Baselland,SVP Baselland,394
191438050875440,Die Mitte  Basel-Landschaft,Die Mitte  Basel-Landschaft,229
170262515730,FDP.Die Liberalen Arlesheim,FDP.Die Liberalen Arlesheim,208
111516028427691,Die Mitte Oberes Baselbiet,Die Mitte Oberes Baselbiet,166
104942962435489,Sarah Regez,Sarah Regez,137
169510248558,Die Mitte - Le Centre,Die Mitte,115
110533229026103,EVP / PEV,EVP Schweiz,≤100
265041068300,JUSO Baselland,JUSO Baselland,≤100
657830007560468,SP Aesch-Pfeffingen,SP Aesch-Pfeffingen,≤100
778855988853776,SP Allschwil-Schönenbuch,SP Allschwil Schönenbuch,≤100
106254955524910,SVP Binningen,SVP Binningen,≤100
102408406000910,Bürgerliche Allianz,Berchtold Marketing GmbH,≤100
206831926864378,SVP Gelterkinden und Umgebung,SVP Gelterkinden und Umgebung,≤100
139890720097051,Die Mitte Muttenz,Die Mitte Muttenz,≤100
105382355680021,Unterwägs uf Lieschtel,Unterwägs uf Lieschtel,≤100
97220294896,SP Schweiz,SP Schweiz,≤100
101012679501703,Stephan Siegel in den Landrat,Stephan Siegel in den Landrat,≤100
205235402844715,SP Binningen,SP Binningen,≤100
194790813901953,Grüne Schweiz,Grüne Schweiz,≤100
114998068149733,Dr. Stefan Meyer,Stefan Jörg Meyer,≤100
1148594755342436,Saskia Schenker - Landrätin,FDP Sissach und Umgebung c/o Saskia Schenker,≤100
154976914534194,Save the Children Schweiz/Suisse,Save the Children Schweiz,≤100
102531252603779,Stephan Jung,Stephan Jung,≤100
100505278746845,Gesunde Finanzen,Organisation für gesunde Gemeindefinanzen,≤100
356407481399967,FDP.Die Liberalen Sissach und Umgebung,FDP Sissach und Umgebung,≤100
111081131629685,Blackout stoppen,Volksinitiative «Jederzeit Strom für alle (Blackout stoppen)»,≤100
103234339054385,"Lea Van der Merwe, Einwohnerrätin Allschwil",FDP Allschwil-Schönenbuch,≤100
109228305112523,"Damian Schaller, Landratskandidat FDP Allschwil",FDP Allschwil-Schönenbuch,≤100
230522120377463,FDP Allschwil-Schönenbuch,FDP Allschwil-Schönenbuch,≤100
104937837702194,SP EVP GRÜNE für Gelterkinden,SP EVP GRÜNE für Gelterkinden,≤100
169752569742293,Schweizerischer Gewerbeverband sgv,Schweizerischer Gewerbeverband sgv,≤100
113273198762176,FDP.Die Liberalen Pratteln,FDP.Die Liberalen Pratteln,≤100
257497631736082,Gletscher-Initiative,Verein Klimaschutz Schweiz,≤100
102014399307738,Direkt,direkt,≤100
108608181846149,Umut Gökbas,Mehmet Umut Gökbas,≤100
104176871670876,Renteninitiative - Für eine sichere & nachhaltige Altersvorsorge,Verein Renteninitiative,≤100
175849189128043,"Andreas Seiler, FDP, Einwohnerrat Pratteln",Andreas Stefan Seiler,≤100
1599925810096142,Kreis 6/10 mit glp in die Zukunft,Grünliberale Kreis 6 und 10,≤100
105527252338650,perspektiveschweiz.ch,IG Wirtschaftsverbände,≤100
921336971288655,Nagra,Nagra,≤100
101417574776507,Ja zur direkten Demokratie,New Swiss Journal,≤100
100345702834585,All Out Deutschland,All Out,≤100
114584561517154,Komitee für ein JA zum Basler Steuerpaket,Komitee JA! zum Basler Steuerpaket,≤100
651956578553145,"Marita Verbali, FDP",Marita Verbali,≤100
103369269163798,Mittendrin,Hanspeter Renggli,≤100
784812424962943,Tele Z,TELE Z,≤100
125466200895962,Valentin Landmann,Sven Kunz,≤100
259871484198551,Thomas Matter,Thomas Matter,≤100
600706570124933,Verkehrssanierungen JA,Verkehrssanierungen JA,≤100
109023033782956,Unisanté,Unisanté,≤100
292711521138736,IPFO,International Photo Festival Olten,≤100
169042736456594,All Out,All Out,≤100
200825306651250,Renato Pfeffer EVP,EVP Kanton Zürich,≤100
138345752891779,Grüne Liestal und Umgebung,These ads ran without a disclaimer,≤100
1700824713324064,SP Zürich 10,SP Zürich 10,≤100
82752099000,Alternative Liste ZH,Alternative Liste Zürich,≤100
71049199915,Nebelspalter,These ads ran without a disclaimer,≤100
1769803096579445,Grünliberale Bezirk Horgen,Grünliberale Bezirk Horgen,≤100
705478906236710,FDP.Die Liberalen Bezirk Uster,FDP.Die Liberalen Bezirk Uster,≤100
1092252917594218,Initiative pour les glaciers,Association suisse pour la protection du climat,≤100
100980232576650,Muriel Langenberger,Muriel Langenberger,≤100
113274870111292,Whippets de L'âme du Joran,These ads ran without a disclaimer,≤100
261452338060969,Domenik Lädi Ledergerber,Überparteiliches Unterstützungskomitee Domenik Ledergerber,≤100
291359247729208,PS Suisse,PS Suisse,≤100
269029886456205,Giorgio Fonio,Giorgio Fonio,≤100
627220684023668,GRÜNE Zürich,Grüne Kanton Zürich,≤100
101120115685831,SVP Stäfa,Marco Andreas Vogt,≤100
103269145789541,Stop au blackout,Initiative populaire « De l’électricité pour tous en tout temps (Stop au blackout) »,≤100
101321992365876,Reto Brüesch,These ads ran without a disclaimer,≤100
1476717905682561,SP Zürich 6,SP Zürich 6,≤100
264952450282664,JUSO Luzern,Jungsozialist*innen Luzern,≤100
864604443735247,SVP Bezirk Dietikon,SVP Bezirk Dietikon,≤100
102666032712524,Yanabuzi6,These ads ran without a disclaimer,≤100
567417573785872,RefLab,These ads ran without a disclaimer,≤100
175478195846132,Les Vert·e·s suisses,Grüne Schweiz,≤100
354391925271384,Raphael Zimmerli - Die Mitte,These ads ran without a disclaimer,≤100
100116156110843,Stop al blackout,Iniziativa popolare «Energia elettrica in ogni tempo per tutti (Stop al blackout)»,≤100
110151814882388,Benjamin Gautschi,Benjamin Gautschi,≤100
1446462038910951,proHolz Steiermark,These ads ran without a disclaimer,≤100
968643809909024,Mubariz Mansimov,These ads ran without a disclaimer,≤100
100369729335133,"Peter Grünenfelder, Regierungsratskandidat Zürich",Peter Grünenfelder c/o FDP Kanton Zürich,≤100
252652524823017,EVP Kanton Zürich,EVP Kanton Zürich,≤100
115397480315613,golfo_and_the_bengal_brothers,These ads ran without a disclaimer,≤100
109213507316253,SP Zürich 11,SP Zürich,≤100
190133177759419,Giuseppe Cotti,Giuseppe Cotti,≤100
105262295297064,FDP.Die Liberalen Nürensdorf,FDP.Die Liberalen Nürensdorf,≤100
1483343695307824,Campax,Campax,≤100
104968989056423,peyman_khozoeii,These ads ran without a disclaimer,≤100
660899717422337,Easytax Schweiz,These ads ran without a disclaimer,≤100
117027101705789,FDP Stadt Zürich,FDP Stadt Zürich,≤100
1462022710772147,Hans Egli,Hans Egli,≤100
355710291577008,Grüne Kreis 3/9,Grüne Kreis 3/9,≤100
170449246402589,Grünliberale Stadt Zürich,Grünliberale Partei Stadt Zürich,≤100
108595330730708,Groupe lgbtiq+ du PS genevois,Groupe lgbtiq+ du PS genevois,≤100
105141622376705,aurel_keller,These ads ran without a disclaimer,≤100
113189798267288,Karl Heinz Meyer Wahlkampf 2023,Karl Heinz Meyer,≤100
106615082184530,Raffael Grütter - GLP,Raffael Grütter,≤100
763722197034246,En Développement,These ads ran without a disclaimer,≤100
103481929256935,EQUAL.official,These ads ran without a disclaimer,≤100
655159287883514,Berlin Art Institute,These ads ran without a disclaimer,≤100
114568088198323,TS Project,These ads ran without a disclaimer,≤100
108625789179165,Soi Dog Foundation,These ads ran without a disclaimer,≤100
1917715138510680,Follow Your Legend,These ads ran without a disclaimer,≤100
105722887705411,Jessica Verfürth,These ads ran without a disclaimer,≤100
103828775939562,Valorée Gallery,These ads ran without a disclaimer,≤100
105758584857848,alegpilipenko,These ads ran without a disclaimer,≤100
181924628560212,SumOfUs,These ads ran without a disclaimer,≤100
1814781865469544,friedensethik.ch,These ads ran without a disclaimer,≤100
100211985747396,Klimaform,These ads ran without a disclaimer,≤100
112382851644990,Magazin Tentakel,These ads ran without a disclaimer,≤100
103814352620250,Wiadomość dnia,These ads ran without a disclaimer,≤100
104975142503469,lenochka_1777,These ads ran without a disclaimer,≤100
126730540704474,Pädagogium Baden-Baden,These ads ran without a disclaimer,≤100
108339698821916,Новости Дня,These ads ran without a disclaimer,≤100
109292693991696,What The Food,These ads ran without a disclaimer,≤100
106583898850663,Harrington Frazier,These ads ran without a disclaimer,≤100