﻿Page ID,Page name,Disclaimer,Amount spent (CHF)
169510248558,Die Mitte - Le Centre,Die Mitte,485
103550668590403,Mieux vivre sa vie,Mieux Vivre Sa Vie,184
105221044343308,Baisse d'impôts pour tous,"Initiative ""Baisse d'impôts pour tous : redonner du pouvoir d'achat à la classe moyenne.""",165
175478195846132,Les Vert·e·s suisses,Grüne Schweiz,145
157913284377979,POP Nyon - La Côte,POP Nyon - La Côte,121
291359247729208,PS Suisse,PS Suisse,≤100
1092252917594218,Initiative pour les glaciers,Association suisse pour la protection du climat,≤100
103269145789541,Stop au blackout,Initiative populaire « De l’électricité pour tous en tout temps (Stop au blackout) »,≤100
108667862595190,Les Vert-e-s La Côte,Les Vert·e·s de La Côte,≤100
105527252338650,perspektiveschweiz.ch,IG Wirtschaftsverbände,≤100
1599925810096142,Kreis 6/10 mit glp in die Zukunft,Grünliberale Kreis 6 und 10,≤100
111081131629685,Blackout stoppen,Volksinitiative «Jederzeit Strom für alle (Blackout stoppen)»,≤100
218538701651843,Union suisse des arts et métiers usam,Schweizerischer Gewerbeverband sgv,≤100
921336971288655,Nagra,Nagra,≤100
104176871670876,Renteninitiative - Für eine sichere & nachhaltige Altersvorsorge,Verein Renteninitiative,≤100
651956578553145,"Marita Verbali, FDP",Marita Verbali,≤100
102014399307738,Direkt,direkt,≤100
169042736456594,All Out,All Out,≤100
257497631736082,Gletscher-Initiative,Verein Klimaschutz Schweiz,≤100
200825306651250,Renato Pfeffer EVP,EVP Kanton Zürich,≤100
259871484198551,Thomas Matter,Thomas Matter,≤100
97220294896,SP Schweiz,SP Schweiz,≤100
194790813901953,Grüne Schweiz,Grüne Schweiz,≤100
1769803096579445,Grünliberale Bezirk Horgen,Grünliberale Bezirk Horgen,≤100
1521655228075451,solidaritéS Genève,solidaritéS Genève,≤100
109023033782956,Unisanté,Unisanté,≤100
600706570124933,Verkehrssanierungen JA,Verkehrssanierungen JA,≤100
1483343695307824,Campax,Campax,≤100
245030556232364,Grünliberale Partei Basel-Landschaft,Grünliberale Partei Basel-Landschaft,≤100
100980232576650,Muriel Langenberger,Muriel Langenberger,≤100
100381452863244,Libertés et Justice sociale,Libertés et Justice sociale,≤100
705478906236710,FDP.Die Liberalen Bezirk Uster,FDP.Die Liberalen Bezirk Uster,≤100
269029886456205,Giorgio Fonio,Giorgio Fonio,≤100
292711521138736,IPFO,International Photo Festival Olten,≤100
122819208305170,Sauvegarde Genève,Sauvegarde Genève,≤100
1700824713324064,SP Zürich 10,SP Zürich 10,≤100
169752569742293,Schweizerischer Gewerbeverband sgv,Schweizerischer Gewerbeverband sgv,≤100
100345702834585,All Out Deutschland,All Out,≤100
82752099000,Alternative Liste ZH,Alternative Liste Zürich,≤100
101321992365876,Reto Brüesch,These ads ran without a disclaimer,≤100
864604443735247,SVP Bezirk Dietikon,SVP Bezirk Dietikon,≤100
230522120377463,FDP Allschwil-Schönenbuch,FDP Allschwil-Schönenbuch,≤100
784812424962943,Tele Z,TELE Z,≤100
113274870111292,Whippets de L'âme du Joran,These ads ran without a disclaimer,≤100
100420375365151,Pro Grolley,Pro Grolley,≤100
238982909481105,Les Vert·e·s Genevois·es,Les Vert-e-s genevois-es,≤100
264952450282664,JUSO Luzern,Jungsozialist*innen Luzern,≤100
154976914534194,Save the Children Schweiz/Suisse,Save the Children Schweiz,≤100
261452338060969,Domenik Lädi Ledergerber,Überparteiliches Unterstützungskomitee Domenik Ledergerber,≤100
763722197034246,En Développement,These ads ran without a disclaimer,≤100
655159287883514,Berlin Art Institute,These ads ran without a disclaimer,≤100
139890720097051,Die Mitte Muttenz,Die Mitte Muttenz,≤100
101417574776507,Ja zur direkten Demokratie,New Swiss Journal,≤100
735945280122458,VCS Kanton Bern,VCS Sektion Bern,≤100
10150100771335484,24 heures,These ads ran without a disclaimer,≤100
104968989056423,peyman_khozoeii,These ads ran without a disclaimer,≤100
190133177759419,Giuseppe Cotti,Giuseppe Cotti,≤100
627220684023668,GRÜNE Zürich,Grüne Kanton Zürich,≤100
567417573785872,RefLab,These ads ran without a disclaimer,≤100
1476717905682561,SP Zürich 6,SP Zürich 6,≤100
100116156110843,Stop al blackout,Iniziativa popolare «Energia elettrica in ogni tempo per tutti (Stop al blackout)»,≤100
101120115685831,SVP Stäfa,Marco Andreas Vogt,≤100
116890591678651,Vert'libéraux - Genève,Parti vert'libéral genevois,≤100
108595330730708,Groupe lgbtiq+ du PS genevois,Groupe lgbtiq+ du PS genevois,≤100
355645665140771,Nicola Forster,Nicola Forster,≤100
114583194860029,Association Chantal Mauduit Suisse,These ads ran without a disclaimer,≤100
109292693991696,What The Food,These ads ran without a disclaimer,≤100
115397480315613,golfo_and_the_bengal_brothers,These ads ran without a disclaimer,≤100
231086633606227,SVP Baselland,SVP Baselland,≤100
104546295740207,Aura of the world,These ads ran without a disclaimer,≤100
114375818720000,Lavora con noi di JT Care Italia,These ads ran without a disclaimer,≤100
105188432853984,Tribune de Genève,These ads ran without a disclaimer,≤100
660899717422337,Easytax Schweiz,These ads ran without a disclaimer,≤100
968643809909024,Mubariz Mansimov,These ads ran without a disclaimer,≤100
319393291423771,Le Temps,These ads ran without a disclaimer,≤100
110151814882388,Benjamin Gautschi,Benjamin Gautschi,≤100
196102537581541,FDP-Port,These ads ran without a disclaimer,≤100
100369729335133,"Peter Grünenfelder, Regierungsratskandidat Zürich",Peter Grünenfelder c/o FDP Kanton Zürich,≤100
102543406062983,Alessandro Corti,These ads ran without a disclaimer,≤100
108206818777404,Bezirksgewerbeverband Bülach,Bezirksgewerbeverband Bülach,≤100
355710291577008,Grüne Kreis 3/9,Grüne Kreis 3/9,≤100
119245155521044,Ylli Doko - Politiker - FDP Die.Liberalen,Ylli Doko,≤100
117027101705789,FDP Stadt Zürich,FDP Stadt Zürich,≤100
1903129656584980,SP Uster,SP Uster,≤100
105257442419923,Die Mitte Bezirk Bülach,Die Mitte Bezirk Bülach,≤100
608260099589519,Dominic Täubert,EVP Kanton Zürich,≤100
103440272521713,Sarah Fuchs in den Kantonsrat,Sarah Fuchs,≤100
252652524823017,EVP Kanton Zürich,EVP Kanton Zürich,≤100
109213507316253,SP Zürich 11,SP Zürich,≤100
105141622376705,aurel_keller,These ads ran without a disclaimer,≤100
1462022710772147,Hans Egli,Hans Egli,≤100
354391925271384,Raphael Zimmerli - Die Mitte,These ads ran without a disclaimer,≤100
115548344758568,The beauty 92,These ads ran without a disclaimer,≤100
1559361800964443,Roman Hefner,These ads ran without a disclaimer,≤100
113656864962740,Новости Дня.,These ads ran without a disclaimer,≤100
104975142503469,lenochka_1777,These ads ran without a disclaimer,≤100
1917715138510680,Follow Your Legend,These ads ran without a disclaimer,≤100
1196196390526965,Facebook Surveys,These ads ran without a disclaimer,≤100
105211072462251,zoltan.szeker,These ads ran without a disclaimer,≤100
109372972013991,Amplivo Canada,These ads ran without a disclaimer,≤100
103481929256935,EQUAL.official,These ads ran without a disclaimer,≤100
115996151753600,JC Flores,These ads ran without a disclaimer,≤100
114568088198323,TS Project,These ads ran without a disclaimer,≤100
108339698821916,Новости Дня,These ads ran without a disclaimer,≤100
204182692934155,Amande Art,These ads ran without a disclaimer,≤100
198892435401,University of Chicago Booth School of Business,These ads ran without a disclaimer,≤100
278535582495208,Conmenrdw,These ads ran without a disclaimer,≤100
1814781865469544,friedensethik.ch,These ads ran without a disclaimer,≤100
124650430922882,Oulun yliopisto - University of Oulu,These ads ran without a disclaimer,≤100
143885529034197,Andersmensch,These ads ran without a disclaimer,≤100
100211985747396,Klimaform,These ads ran without a disclaimer,≤100
106583898850663,Harrington Frazier,These ads ran without a disclaimer,≤100
181924628560212,SumOfUs,These ads ran without a disclaimer,≤100
108625789179165,Soi Dog Foundation,These ads ran without a disclaimer,≤100
103828775939562,Valorée Gallery,These ads ran without a disclaimer,≤100
102666032712524,Yanabuzi6,These ads ran without a disclaimer,≤100
103814352620250,Wiadomość dnia,These ads ran without a disclaimer,≤100
109954608456111,Bor Hit,These ads ran without a disclaimer,≤100
8002590959,Rainforest Action Network - RAN,These ads ran without a disclaimer,≤100
100964811927669,green__philosophy,These ads ran without a disclaimer,≤100
102073931578170,Naazcars,These ads ran without a disclaimer,≤100
112542440931333,NinjaOne France,These ads ran without a disclaimer,≤100
105758584857848,alegpilipenko,These ads ran without a disclaimer,≤100
110100268235797,Hyphen,These ads ran without a disclaimer,≤100
1249402458491333,"ThreatLocker, Inc",These ads ran without a disclaimer,≤100
15403367785,MISCONDUCT,These ads ran without a disclaimer,≤100