﻿Page ID,Page name,Disclaimer,Amount spent (CHF)
317591871730585,SVP Bezirk Meilen,Marc Michel Wachter,≤100
108392832120312,Perspektive Zürich,Perspektive Zürich,≤100
335609400529370,FDP Horgen,FDP Horgen,≤100
100213996124067,Grünliberale Sektion Emmen-Hochdorf,Grünliberale Sektion Emmen-Hochdorf,≤100
583706025047684,Pierre Rappazzo in den Zürcher Kantonsrat,Pierre Rappazzo,≤100
105858378539790,FDP Wädenswil,FDP Wädenswil,≤100
1769803096579445,Grünliberale Bezirk Horgen,Grünliberale Bezirk Horgen,≤100
101767182105712,Grüne Bezirk Affoltern,GRÜNE Bezirk Affoltern,≤100
97220294896,SP Schweiz,SP Schweiz,≤100
756722317788172,FDP.Die Liberalen Stadt Luzern,FDP.Die Liberalen Stadt Luzern,≤100
194790813901953,Grüne Schweiz,Grüne Schweiz,≤100
261452338060969,Domenik Lädi Ledergerber,Überparteiliches Unterstützungskomitee Domenik Ledergerber,≤100
102578282597131,Kamylla Lisi-Brandino,Kamylla J. Lisi-Brandino,≤100
252652524823017,EVP Kanton Zürich,EVP Kanton Zürich,≤100
198432937394181,Philipp Müller in den Kantonsrat,Philipp Müller,≤100
111081131629685,Blackout stoppen,Volksinitiative «Jederzeit Strom für alle (Blackout stoppen)»,≤100
257497631736082,Gletscher-Initiative,Verein Klimaschutz Schweiz,≤100
154976914534194,Save the Children Schweiz/Suisse,Save the Children Schweiz,≤100
1464661227009326,SVP Bezirk Uster,SVP Bezirk Uster,≤100
100369729335133,"Peter Grünenfelder, Regierungsratskandidat Zürich",Peter Grünenfelder c/o FDP Kanton Zürich,≤100
100980232576650,Muriel Langenberger,Muriel Langenberger,≤100
117741198303856,FDP Kanton Zürich,FDP Kanton Zürich,≤100
169752569742293,Schweizerischer Gewerbeverband sgv,Schweizerischer Gewerbeverband sgv,≤100
169510248558,Die Mitte - Le Centre,Die Mitte,≤100
1599925810096142,Kreis 6/10 mit glp in die Zukunft,Grünliberale Kreis 6 und 10,≤100
102014399307738,Direkt,direkt,≤100
107515328348195,Michael Uebersax,Michael Stefan Uebersax,≤100
105527252338650,perspektiveschweiz.ch,IG Wirtschaftsverbände,≤100
101417574776507,Ja zur direkten Demokratie,New Swiss Journal,≤100
104176871670876,Renteninitiative - Für eine sichere & nachhaltige Altersvorsorge,Verein Renteninitiative,≤100
245030556232364,Grünliberale Partei Basel-Landschaft,Grünliberale Partei Basel-Landschaft,≤100
82752099000,Alternative Liste ZH,Alternative Liste Zürich,≤100
360151400680191,Die Mitte Stadt Luzern,Die Mitte Stadt Luzern,≤100
105262295297064,FDP.Die Liberalen Nürensdorf,FDP.Die Liberalen Nürensdorf,≤100
651956578553145,"Marita Verbali, FDP",Marita Verbali,≤100
200825306651250,Renato Pfeffer EVP,EVP Kanton Zürich,≤100
109742838576665,Sandro Gerber - FDP.Die Liberalen - Kantonsratskandidat ZH 2023,sandrogerber,≤100
921336971288655,Nagra,Nagra,≤100
1604136306538918,Marc Wachter,Marc Michel Wachter,≤100
355645665140771,Nicola Forster,Nicola Forster,≤100
784812424962943,Tele Z,TELE Z,≤100
103369269163798,Mittendrin,Hanspeter Renggli,≤100
360920524334417,Grünliberale Adliswil,Grünliberale Adliswil,≤100
2525584750795209,Nina Fehr Düsel,Nina Fehr Düsel,≤100
125466200895962,Valentin Landmann,Sven Kunz,≤100
169042736456594,All Out,All Out,≤100
488909884546537,GLP Winterthur Land,GLP Winterthur Land,≤100
259871484198551,Thomas Matter,Thomas Matter,≤100
100345702834585,All Out Deutschland,All Out,≤100
292711521138736,IPFO,International Photo Festival Olten,≤100
476237372525131,Christa Isabelle Stünzi - glp ZH,Christa Isabelle Stünzi - glp ZH,≤100
102281186098428,Sara Sangiacomo,Rosaria Sangiacomo,≤100
1700824713324064,SP Zürich 10,SP Zürich 10,≤100
705478906236710,FDP.Die Liberalen Bezirk Uster,FDP.Die Liberalen Bezirk Uster,≤100
103638965961747,Gabriel Mäder - Grünliberale,Gabriel Markus Mäder,≤100
619051955163582,AWOB - Adrian Wegmann Oberrieden,Adrian Wegmann,≤100
269029886456205,Giorgio Fonio,Giorgio Fonio,≤100
627220684023668,GRÜNE Zürich,Grüne Kanton Zürich,≤100
71049199915,Nebelspalter,These ads ran without a disclaimer,≤100
864604443735247,SVP Bezirk Dietikon,SVP Bezirk Dietikon,≤100
1607548886172610,Hans-Ulrich Bigler,Hans-Ulrich Bigler,≤100
101120115685831,SVP Stäfa,Marco Andreas Vogt,≤100
230522120377463,FDP Allschwil-Schönenbuch,FDP Allschwil-Schönenbuch,≤100
103269145789541,Stop au blackout,Initiative populaire « De l’électricité pour tous en tout temps (Stop au blackout) »,≤100
156831187737967,JUSO Kanton Zürich,Jungsozialist*innen Kanton Zürich,≤100
109023033782956,Unisanté,Unisanté,≤100
113274870111292,Whippets de L'âme du Joran,These ads ran without a disclaimer,≤100
212175019347952,SVP Horgen,SVP Horgen,≤100
264952450282664,JUSO Luzern,Jungsozialist*innen Luzern,≤100
101321992365876,Reto Brüesch,These ads ran without a disclaimer,≤100
1092252917594218,Initiative pour les glaciers,Association suisse pour la protection du climat,≤100
1476717905682561,SP Zürich 6,SP Zürich 6,≤100
139890720097051,Die Mitte Muttenz,Die Mitte Muttenz,≤100
135366813191979,Urs Waser Kantonsrat,Waser Urs,≤100
210502125711731,FDP Bezirk Affoltern,FDP.Die Liberalen Knonaueramt,≤100
156218771073787,FDP Bezirk Dielsdorf,FDP Bezirk Dielsdorf,≤100
291359247729208,PS Suisse,PS Suisse,≤100
136341053227140,EVP Winterthur,EVP Kanton Zürich,≤100
190133177759419,Giuseppe Cotti,Giuseppe Cotti,≤100
567417573785872,RefLab,These ads ran without a disclaimer,≤100
104968989056423,peyman_khozoeii,These ads ran without a disclaimer,≤100
231086633606227,SVP Baselland,SVP Baselland,≤100
115397480315613,golfo_and_the_bengal_brothers,These ads ran without a disclaimer,≤100
106615082184530,Raffael Grütter - GLP,Raffael Grütter,≤100
109213507316253,SP Zürich 11,SP Zürich,≤100
102543406062983,Alessandro Corti,These ads ran without a disclaimer,≤100
110151814882388,Benjamin Gautschi,Benjamin Gautschi,≤100
471258816239362,Junge SVP Luzern,Junge SVP Luzern,≤100
117027101705789,FDP Stadt Zürich,FDP Stadt Zürich,≤100
1903129656584980,SP Uster,SP Uster,≤100
608260099589519,Dominic Täubert,EVP Kanton Zürich,≤100
100116156110843,Stop al blackout,Iniziativa popolare «Energia elettrica in ogni tempo per tutti (Stop al blackout)»,≤100
660899717422337,Easytax Schweiz,These ads ran without a disclaimer,≤100
2473457572885442,Crime Schweiz,These ads ran without a disclaimer,≤100
105141622376705,aurel_keller,These ads ran without a disclaimer,≤100
968643809909024,Mubariz Mansimov,These ads ran without a disclaimer,≤100
114568088198323,TS Project,These ads ran without a disclaimer,≤100
108625789179165,Soi Dog Foundation,These ads ran without a disclaimer,≤100
103481929256935,EQUAL.official,These ads ran without a disclaimer,≤100
368757963825913,WasteFuel,These ads ran without a disclaimer,≤100
102836085669220,Sosa Stories,These ads ran without a disclaimer,≤100
763722197034246,En Développement,These ads ran without a disclaimer,≤100
1917715138510680,Follow Your Legend,These ads ran without a disclaimer,≤100
109292693991696,What The Food,These ads ran without a disclaimer,≤100
100211985747396,Klimaform,These ads ran without a disclaimer,≤100
104546295740207,Aura of the world,These ads ran without a disclaimer,≤100
126730540704474,Pädagogium Baden-Baden,These ads ran without a disclaimer,≤100
655159287883514,Berlin Art Institute,These ads ran without a disclaimer,≤100
181924628560212,SumOfUs,These ads ran without a disclaimer,≤100
1446462038910951,proHolz Steiermark,These ads ran without a disclaimer,≤100
110279758515616,3addedminutes,These ads ran without a disclaimer,≤100