﻿Page ID,Page name,Disclaimer,Amount spent (CHF)
154212901272905,FDP.Die Liberalen Baselland,FDP.Die Liberalen Baselland,254
169510248558,Die Mitte - Le Centre,Die Mitte,152
600706570124933,Verkehrssanierungen JA,Verkehrssanierungen JA,≤100
206831926864378,SVP Gelterkinden und Umgebung,SVP Gelterkinden und Umgebung,≤100
97220294896,SP Schweiz,SP Schweiz,≤100
170262515730,FDP.Die Liberalen Arlesheim,FDP.Die Liberalen Arlesheim,≤100
194790813901953,Grüne Schweiz,Grüne Schweiz,≤100
111081131629685,Blackout stoppen,Volksinitiative «Jederzeit Strom für alle (Blackout stoppen)»,≤100
154976914534194,Save the Children Schweiz/Suisse,Save the Children Schweiz,≤100
169752569742293,Schweizerischer Gewerbeverband sgv,Schweizerischer Gewerbeverband sgv,≤100
187828241245131,Grüne Baselland,Grüne Baselland,≤100
101417574776507,Ja zur direkten Demokratie,New Swiss Journal,≤100
257497631736082,Gletscher-Initiative,Verein Klimaschutz Schweiz,≤100
104176871670876,Renteninitiative - Für eine sichere & nachhaltige Altersvorsorge,Verein Renteninitiative,≤100
102014399307738,Direkt,direkt,≤100
651956578553145,"Marita Verbali, FDP",Marita Verbali,≤100
105527252338650,perspektiveschweiz.ch,IG Wirtschaftsverbände,≤100
245030556232364,Grünliberale Partei Basel-Landschaft,Grünliberale Partei Basel-Landschaft,≤100
1599925810096142,Kreis 6/10 mit glp in die Zukunft,Grünliberale Kreis 6 und 10,≤100
102531252603779,Stephan Jung,Stephan Jung,≤100
921336971288655,Nagra,Nagra,≤100
100345702834585,All Out Deutschland,All Out,≤100
103369269163798,Mittendrin,Hanspeter Renggli,≤100
230522120377463,FDP Allschwil-Schönenbuch,FDP Allschwil-Schönenbuch,≤100
125466200895962,Valentin Landmann,Sven Kunz,≤100
109889895328694,Megastrassen 2 x NEIN,Komitee gegen Megastrassen,≤100
784812424962943,Tele Z,TELE Z,≤100
200825306651250,Renato Pfeffer EVP,EVP Kanton Zürich,≤100
259871484198551,Thomas Matter,Thomas Matter,≤100
1148594755342436,Saskia Schenker - Landrätin,FDP Sissach und Umgebung c/o Saskia Schenker,≤100
292711521138736,IPFO,International Photo Festival Olten,≤100
231086633606227,SVP Baselland,SVP Baselland,≤100
735945280122458,VCS Kanton Bern,VCS Sektion Bern,≤100
169042736456594,All Out,All Out,≤100
191438050875440,Die Mitte  Basel-Landschaft,Die Mitte  Basel-Landschaft,≤100
356407481399967,FDP.Die Liberalen Sissach und Umgebung,FDP Sissach und Umgebung,≤100
261452338060969,Domenik Lädi Ledergerber,Überparteiliches Unterstützungskomitee Domenik Ledergerber,≤100
111516028427691,Die Mitte Oberes Baselbiet,Die Mitte Oberes Baselbiet,≤100
1769803096579445,Grünliberale Bezirk Horgen,Grünliberale Bezirk Horgen,≤100
71049199915,Nebelspalter,These ads ran without a disclaimer,≤100
82752099000,Alternative Liste ZH,Alternative Liste Zürich,≤100
100980232576650,Muriel Langenberger,Muriel Langenberger,≤100
705478906236710,FDP.Die Liberalen Bezirk Uster,FDP.Die Liberalen Bezirk Uster,≤100
218538701651843,Union suisse des arts et métiers usam,Schweizerischer Gewerbeverband sgv,≤100
102578282597131,Kamylla Lisi-Brandino,Kamylla J. Lisi-Brandino,≤100
269029886456205,Giorgio Fonio,Giorgio Fonio,≤100
139890720097051,Die Mitte Muttenz,Die Mitte Muttenz,≤100
198432937394181,Philipp Müller in den Kantonsrat,Philipp Müller,≤100
627220684023668,GRÜNE Zürich,Grüne Kanton Zürich,≤100
1700824713324064,SP Zürich 10,SP Zürich 10,≤100
104942962435489,Sarah Regez,Sarah Regez,≤100
113274870111292,Whippets de L'âme du Joran,These ads ran without a disclaimer,≤100
103269145789541,Stop au blackout,Initiative populaire « De l’électricité pour tous en tout temps (Stop au blackout) »,≤100
105262295297064,FDP.Die Liberalen Nürensdorf,FDP.Die Liberalen Nürensdorf,≤100
138345752891779,Grüne Liestal und Umgebung,These ads ran without a disclaimer,≤100
113273198762176,FDP.Die Liberalen Pratteln,FDP.Die Liberalen Pratteln,≤100
108608181846149,Umut Gökbas,Mehmet Umut Gökbas,≤100
1092252917594218,Initiative pour les glaciers,Association suisse pour la protection du climat,≤100
864604443735247,SVP Bezirk Dietikon,SVP Bezirk Dietikon,≤100
101321992365876,Reto Brüesch,These ads ran without a disclaimer,≤100
778855988853776,SP Allschwil-Schönenbuch,SP Allschwil Schönenbuch,≤100
291359247729208,PS Suisse,PS Suisse,≤100
101120115685831,SVP Stäfa,Marco Andreas Vogt,≤100
1476717905682561,SP Zürich 6,SP Zürich 6,≤100
355645665140771,Nicola Forster,Nicola Forster,≤100
109023033782956,Unisanté,Unisanté,≤100
114584561517154,Komitee für ein JA zum Basler Steuerpaket,Komitee JA! zum Basler Steuerpaket,≤100
567417573785872,RefLab,These ads ran without a disclaimer,≤100
264952450282664,JUSO Luzern,Jungsozialist*innen Luzern,≤100
190133177759419,Giuseppe Cotti,Giuseppe Cotti,≤100
175478195846132,Les Vert·e·s suisses,Grüne Schweiz,≤100
102281186098428,Sara Sangiacomo,Rosaria Sangiacomo,≤100
175849189128043,"Andreas Seiler, FDP, Einwohnerrat Pratteln",Andreas Stefan Seiler,≤100
968643809909024,Mubariz Mansimov,These ads ran without a disclaimer,≤100
252652524823017,EVP Kanton Zürich,EVP Kanton Zürich,≤100
100732476262537,GLP Willisau,GLP Wahlkreis Willisau,≤100
104968989056423,peyman_khozoeii,These ads ran without a disclaimer,≤100
181924628560212,SumOfUs,These ads ran without a disclaimer,≤100
2525584750795209,Nina Fehr Düsel,Nina Fehr Düsel,≤100
100116156110843,Stop al blackout,Iniziativa popolare «Energia elettrica in ogni tempo per tutti (Stop al blackout)»,≤100
196102537581541,FDP-Port,These ads ran without a disclaimer,≤100
1483343695307824,Campax,Campax,≤100
1464661227009326,SVP Bezirk Uster,SVP Bezirk Uster,≤100
110533229026103,EVP / PEV,EVP Schweiz,≤100
103550668590403,Mieux vivre sa vie,Mieux Vivre Sa Vie,≤100
100369729335133,"Peter Grünenfelder, Regierungsratskandidat Zürich",Peter Grünenfelder c/o FDP Kanton Zürich,≤100
212175019347952,SVP Horgen,SVP Horgen,≤100
115397480315613,golfo_and_the_bengal_brothers,These ads ran without a disclaimer,≤100
156218771073787,FDP Bezirk Dielsdorf,FDP Bezirk Dielsdorf,≤100
113189798267288,Karl Heinz Meyer Wahlkampf 2023,Karl Heinz Meyer,≤100
354391925271384,Raphael Zimmerli - Die Mitte,These ads ran without a disclaimer,≤100
108595330730708,Groupe lgbtiq+ du PS genevois,Groupe lgbtiq+ du PS genevois,≤100
10150100771335484,24 heures,These ads ran without a disclaimer,≤100
136341053227140,EVP Winterthur,EVP Kanton Zürich,≤100
608260099589519,Dominic Täubert,EVP Kanton Zürich,≤100
100381452863244,Libertés et Justice sociale,Libertés et Justice sociale,≤100
105141622376705,aurel_keller,These ads ran without a disclaimer,≤100
108206818777404,Bezirksgewerbeverband Bülach,Bezirksgewerbeverband Bülach,≤100
102543406062983,Alessandro Corti,These ads ran without a disclaimer,≤100
107515328348195,Michael Uebersax,Michael Stefan Uebersax,≤100
2473457572885442,Crime Schweiz,These ads ran without a disclaimer,≤100
108351771294208,Hubert Boog,Hubert Walter Boog,≤100
355710291577008,Grüne Kreis 3/9,Grüne Kreis 3/9,≤100
106615082184530,Raffael Grütter - GLP,Raffael Grütter,≤100
1559361800964443,Roman Hefner,These ads ran without a disclaimer,≤100
1917715138510680,Follow Your Legend,These ads ran without a disclaimer,≤100
114375818720000,Lavora con noi di JT Care Italia,These ads ran without a disclaimer,≤100
114568088198323,TS Project,These ads ran without a disclaimer,≤100
1446462038910951,proHolz Steiermark,These ads ran without a disclaimer,≤100
103481929256935,EQUAL.official,These ads ran without a disclaimer,≤100
143885529034197,Andersmensch,These ads ran without a disclaimer,≤100
8002590959,Rainforest Action Network - RAN,These ads ran without a disclaimer,≤100
104546295740207,Aura of the world,These ads ran without a disclaimer,≤100
103814352620250,Wiadomość dnia,These ads ran without a disclaimer,≤100
108625789179165,Soi Dog Foundation,These ads ran without a disclaimer,≤100
100211985747396,Klimaform,These ads ran without a disclaimer,≤100
109292693991696,What The Food,These ads ran without a disclaimer,≤100
198892435401,University of Chicago Booth School of Business,These ads ran without a disclaimer,≤100
102666032712524,Yanabuzi6,These ads ran without a disclaimer,≤100
763722197034246,En Développement,These ads ran without a disclaimer,≤100
104975142503469,lenochka_1777,These ads ran without a disclaimer,≤100
112382851644990,Magazin Tentakel,These ads ran without a disclaimer,≤100
105722887705411,Jessica Verfürth,These ads ran without a disclaimer,≤100
655159287883514,Berlin Art Institute,These ads ran without a disclaimer,≤100
368757963825913,WasteFuel,These ads ran without a disclaimer,≤100
106583898850663,Harrington Frazier,These ads ran without a disclaimer,≤100