﻿Page ID,Page name,Disclaimer,Amount spent (CHF)
194790813901953,Grüne Schweiz,Grüne Schweiz,≤100
97220294896,SP Schweiz,SP Schweiz,≤100
169042736456594,All Out,All Out,≤100
291359247729208,PS Suisse,PS Suisse,≤100
100345702834585,All Out Deutschland,All Out,≤100
1092252917594218,Initiative pour les glaciers,Association suisse pour la protection du climat,≤100
627220684023668,GRÜNE Zürich,Grüne Kanton Zürich,≤100
169510248558,Die Mitte - Le Centre,Die Mitte,≤100
103269145789541,Stop au blackout,Initiative populaire « De l’électricité pour tous en tout temps (Stop au blackout) »,≤100
651956578553145,"Marita Verbali, FDP",Marita Verbali,≤100
100369729335133,"Peter Grünenfelder, Regierungsratskandidat Zürich",Peter Grünenfelder c/o FDP Kanton Zürich,≤100
200825306651250,Renato Pfeffer EVP,EVP Kanton Zürich,≤100
111081131629685,Blackout stoppen,Volksinitiative «Jederzeit Strom für alle (Blackout stoppen)»,≤100