﻿Page ID,Page name,Disclaimer,Amount spent (CHF)
154212901272905,FDP.Die Liberalen Baselland,FDP.Die Liberalen Baselland,116
103550668590403,Mieux vivre sa vie,Mieux Vivre Sa Vie,≤100
175478195846132,Les Vert·e·s suisses,Grüne Schweiz,≤100
291359247729208,PS Suisse,PS Suisse,≤100
600706570124933,Verkehrssanierungen JA,Verkehrssanierungen JA,≤100
103269145789541,Stop au blackout,Initiative populaire « De l’électricité pour tous en tout temps (Stop au blackout) »,≤100
1092252917594218,Initiative pour les glaciers,Association suisse pour la protection du climat,≤100
169752569742293,Schweizerischer Gewerbeverband sgv,Schweizerischer Gewerbeverband sgv,≤100
1599925810096142,Kreis 6/10 mit glp in die Zukunft,Grünliberale Kreis 6 und 10,≤100
105527252338650,perspektiveschweiz.ch,IG Wirtschaftsverbände,≤100
111081131629685,Blackout stoppen,Volksinitiative «Jederzeit Strom für alle (Blackout stoppen)»,≤100
169510248558,Die Mitte - Le Centre,Die Mitte,≤100
194790813901953,Grüne Schweiz,Grüne Schweiz,≤100
230522120377463,FDP Allschwil-Schönenbuch,FDP Allschwil-Schönenbuch,≤100
651956578553145,"Marita Verbali, FDP",Marita Verbali,≤100
104176871670876,Renteninitiative - Für eine sichere & nachhaltige Altersvorsorge,Verein Renteninitiative,≤100
200825306651250,Renato Pfeffer EVP,EVP Kanton Zürich,≤100
97220294896,SP Schweiz,SP Schweiz,≤100
259871484198551,Thomas Matter,Thomas Matter,≤100
921336971288655,Nagra,Nagra,≤100
102014399307738,Direkt,direkt,≤100
257497631736082,Gletscher-Initiative,Verein Klimaschutz Schweiz,≤100
170262515730,FDP.Die Liberalen Arlesheim,FDP.Die Liberalen Arlesheim,≤100
292711521138736,IPFO,International Photo Festival Olten,≤100
154976914534194,Save the Children Schweiz/Suisse,Save the Children Schweiz,≤100
245030556232364,Grünliberale Partei Basel-Landschaft,Grünliberale Partei Basel-Landschaft,≤100
1769803096579445,Grünliberale Bezirk Horgen,Grünliberale Bezirk Horgen,≤100
158820214312321,Citations Ron Hubbard,Mieux Vivre Sa Vie,≤100
169042736456594,All Out,All Out,≤100
1483343695307824,Campax,Campax,≤100
269029886456205,Giorgio Fonio,Giorgio Fonio,≤100
705478906236710,FDP.Die Liberalen Bezirk Uster,FDP.Die Liberalen Bezirk Uster,≤100
100980232576650,Muriel Langenberger,Muriel Langenberger,≤100
218538701651843,Union suisse des arts et métiers usam,Schweizerischer Gewerbeverband sgv,≤100
82752099000,Alternative Liste ZH,Alternative Liste Zürich,≤100
187828241245131,Grüne Baselland,Grüne Baselland,≤100
1700824713324064,SP Zürich 10,SP Zürich 10,≤100
100345702834585,All Out Deutschland,All Out,≤100
113274870111292,Whippets de L'âme du Joran,These ads ran without a disclaimer,≤100
10150100771335484,24 heures,These ads ran without a disclaimer,≤100
864604443735247,SVP Bezirk Dietikon,SVP Bezirk Dietikon,≤100
191438050875440,Die Mitte  Basel-Landschaft,Die Mitte  Basel-Landschaft,≤100
103369269163798,Mittendrin,Hanspeter Renggli,≤100
784812424962943,Tele Z,TELE Z,≤100
101321992365876,Reto Brüesch,These ads ran without a disclaimer,≤100
264952450282664,JUSO Luzern,Jungsozialist*innen Luzern,≤100
101417574776507,Ja zur direkten Demokratie,New Swiss Journal,≤100
138345752891779,Grüne Liestal und Umgebung,These ads ran without a disclaimer,≤100
100116156110843,Stop al blackout,Iniziativa popolare «Energia elettrica in ogni tempo per tutti (Stop al blackout)»,≤100
111516028427691,Die Mitte Oberes Baselbiet,Die Mitte Oberes Baselbiet,≤100
102543406062983,Alessandro Corti,These ads ran without a disclaimer,≤100
627220684023668,GRÜNE Zürich,Grüne Kanton Zürich,≤100
567417573785872,RefLab,These ads ran without a disclaimer,≤100
261452338060969,Domenik Lädi Ledergerber,Überparteiliches Unterstützungskomitee Domenik Ledergerber,≤100
101120115685831,SVP Stäfa,Marco Andreas Vogt,≤100
1476717905682561,SP Zürich 6,SP Zürich 6,≤100
125466200895962,Valentin Landmann,Sven Kunz,≤100
106300899437929,Patrick Hässig,Patrick Hässig,≤100
231086633606227,SVP Baselland,SVP Baselland,≤100
355645665140771,Nicola Forster,Nicola Forster,≤100
190133177759419,Giuseppe Cotti,Giuseppe Cotti,≤100
102378709341708,Boubacar Diallo,These ads ran without a disclaimer,≤100
968643809909024,Mubariz Mansimov,These ads ran without a disclaimer,≤100
204182692934155,Amande Art,These ads ran without a disclaimer,≤100
115996151753600,JC Flores,These ads ran without a disclaimer,≤100
100211985747396,Klimaform,These ads ran without a disclaimer,≤100
109292693991696,What The Food,These ads ran without a disclaimer,≤100
126730540704474,Pädagogium Baden-Baden,These ads ran without a disclaimer,≤100
763722197034246,En Développement,These ads ran without a disclaimer,≤100
106583898850663,Harrington Frazier,These ads ran without a disclaimer,≤100
108625789179165,Soi Dog Foundation,These ads ran without a disclaimer,≤100
100964811927669,green__philosophy,These ads ran without a disclaimer,≤100