﻿Page ID,Page name,Disclaimer,Amount spent (CHF)
131066326987,SP Kanton Zürich,SP Kanton Zürich,11090
533196430187039,KMU- und Gewerbeverband Kanton Zürich,KMU- und Gewerbeverband Kanton Zürich KGV,6848
627220684023668,GRÜNE Zürich,Grüne Kanton Zürich,6716
252652524823017,EVP Kanton Zürich,EVP Kanton Zürich,5108
102662476058956,Hans-Peter Amrein in den Regierungsrat,Hans-Peter Amrein in den Regierungsrat,4838
100369729335133,"Peter Grünenfelder, Regierungsratskandidat Zürich",Peter Grünenfelder c/o FDP Kanton Zürich,3101
970401509667271,Priska Seiler Graf - Nationalrätin,Priska Seiler Graf in den Regierungsrat,2837
1903129656584980,SP Uster,SP Uster,2339
583706025047684,Pierre Rappazzo in den Zürcher Kantonsrat,Pierre Rappazzo,1955
170449246402589,Grünliberale Stadt Zürich,Grünliberale Partei Stadt Zürich,1916
108392832120312,Perspektive Zürich,Perspektive Zürich,1764
610098352377102,Christian Pfaller,Komitee Christian Pfaller,1672
224581297586778,Gewerkschaftsbund des Kantons Zürich,Gewerkschaftsbund des Kantons Zürich,1620
202006389857644,Grünliberale Kanton Zürich,Grünliberale Partei Zürich,1544
1959919117421939,FDP.Die Liberalen Bezirk Bülach,FDP.Die Liberalen Bezirk Bülach,1499
324773857561365,Die Mitte Kanton Zürich,Die Mitte Kanton Zürich,1431
100195119489766,Benno Scherrer in den Regierungsrat,Benno Scherrer,1361
705478906236710,FDP.Die Liberalen Bezirk Uster,FDP.Die Liberalen Bezirk Uster,1198
113035494739725,Simon Vlk,Simon Vlk,1011
106241572361769,Carmen Walker Späh FDP,Carmen Walker Späh,983
117741198303856,FDP Kanton Zürich,FDP Kanton Zürich,974
82752099000,Alternative Liste ZH,Alternative Liste Zürich,906
450602808776880,Martin Neukom,Martin Neukom,878
191136321464981,Die Mitte Stadt Winterthur,Die Mitte Stadt Winterthur,857
161852057173460,SP Bezirk Affoltern,SP Bezirk Affoltern,754
169510248558,Die Mitte - Le Centre,Die Mitte,737
103082059271118,SP Bezirk Hinwil,SP Wetzikon,689
117027101705789,FDP Stadt Zürich,FDP Stadt Zürich,677
1464489323856911,FDP Zürich 2,FDP Zürich 2,634
1769803096579445,Grünliberale Bezirk Horgen,Grünliberale Bezirk Horgen,562
119245155521044,Ylli Doko - Politiker - FDP Die.Liberalen,Ylli Doko,497
1556534881244272,Grünliberale Bezirk Uster,Grünliberale Bezirk Uster,448
108206818777404,Bezirksgewerbeverband Bülach,Bezirksgewerbeverband Bülach,446
113326388690102,SP Zürich 1 und 2,SP Zürich 1+2,429
1722137767860098,Grüne Bülach,Grüne Bülach,424
105257442419923,Die Mitte Bezirk Bülach,Die Mitte Bezirk Bülach,411
103440272521713,Sarah Fuchs in den Kantonsrat,Sarah Fuchs,399
101669982579717,Die Mitte Bezirk Uster,Die Mitte Bezirk Uster,399
108351771294208,Hubert Boog,Hubert Walter Boog,392
109213507316253,SP Zürich 11,SP Zürich,381
155659847849677,Martin Huber in den Kantonsrat,Martin Huber in den Kantonsrat,346
317591871730585,SVP Bezirk Meilen,Marc Michel Wachter,345
109123788743774,Benjamin Frei,Benjamin Rolf Frei,324
110409811924321,Urs Christian Eugster FDP,Urs Christian Eugster,324
428690117258417,SVP des Kantons Zürich,SVP des Kantons Zürich,290
100432824661437,Bettina Balmer FDP,Bettina Balmer,290
110151814882388,Benjamin Gautschi,Benjamin Gautschi,287
1582348792001263,SP 4&5 Zürich,SP Zürich 4 & 5,277
360920524334417,Grünliberale Adliswil,Grünliberale Adliswil,275
113189798267288,Karl Heinz Meyer Wahlkampf 2023,Karl Heinz Meyer,250
388815591176119,SP Zürich 9,SP Zürich,248
354548604968651,Peter Metzinger in den Kantonsrat,Peter Alois Metzinger,245
231320586878427,Hauseigentümerverband (HEV) Region Winterthur,Hauseigentümerverband Region Winterthur,243
109742838576665,Sandro Gerber - FDP.Die Liberalen - Kantonsratskandidat ZH 2023,sandrogerber,243
469738339721305,SP Zürich 3,Sozialdemokratische Partei Zürich 3,242
1764183190338571,SVP Kreis 3,Derek Richter,233
1476717905682561,SP Zürich 6,SP Zürich 6,231
1700824713324064,SP Zürich 10,SP Zürich 10,223
106264082355003,Sven Heinzelmann,Komitee «Sven Heinzelmann in den Kantonsrat»,222
105306632453966,Tobias Mäder,Tobias Mäder,216
156831187737967,JUSO Kanton Zürich,Jungsozialist*innen Kanton Zürich,216
200825306651250,Renato Pfeffer EVP,EVP Kanton Zürich,209
106300899437929,Patrick Hässig,Patrick Hässig,206
207703323162140,"Doris Meier, Kantonsrätin und a. Gemeindepräsidentin von Bassersdorf",Doris Meier-Kobler,200
1607548886172610,Hans-Ulrich Bigler,Hans-Ulrich Bigler,198
105268722430698,Philippe Guldin GLP,Grunliberale,194
136341053227140,EVP Winterthur,EVP Kanton Zürich,193
416743625125770,Grüne Zürichsee,GRÜNE Bezirk Meilen,186
112713445046863,Thomas Schlumpf,Thomas Schlumpf,182
194790813901953,Grüne Schweiz,Grüne Schweiz,179
105858378539790,FDP Wädenswil,FDP Wädenswil,172
921336971288655,Nagra,Nagra,166
100247945907067,Züri wählt,züri wählt,165
355710291577008,Grüne Kreis 3/9,Grüne Kreis 3/9,164
97220294896,SP Schweiz,SP Schweiz,162
375845269120737,FDP. Die Liberalen Dietikon,FDP. Die Liberalen Dietikon,158
1984141558513511,Franziska Barmettler,Franziska Barmettler,148
1225312564279075,Karin Fehr Thoma,Karin Fehr Thoma,147
1483343695307824,Campax,Campax,146
627220684023668,GRÜNE Zürich,Grüne Stadt Zürich,146
216444012216,EDU - UDF (Eidgenössisch-Demokratische Union),Eidgenössisch-Demokratische Union Schweiz,145
112662478341274,joelgretsch,Joel Gretsch,140
2034886056799460,Raphael Tobler,Raphael Tobler,140
104203868811586,Martina Dürr,Martina Regula  Dürr,136
103580977678645,Julian Croci,Julian Andrea Croci,132
261452338060969,Domenik Lädi Ledergerber,Überparteiliches Unterstützungskomitee Domenik Ledergerber,129
619051955163582,AWOB - Adrian Wegmann Oberrieden,Adrian Wegmann,128
1587949341492441,Claudio Zihlmann,Claudio Zihlmann,126
135939773133793,Grüne Winterthur,Grüne Winterthur,123
105386249047369,Jakob Ehrensperger,Jakob Ehrensperger,120
131136176944674,FDP.Die Liberalen Bezirk Pfäffikon,FDP.Die Liberalen Bezirk Pfäffikon,113
651956578553145,"Marita Verbali, FDP",Marita Verbali,109
355645665140771,Nicola Forster,Nicola Forster,109
154976914534194,Save the Children Schweiz/Suisse,Save the Children Schweiz,106
107145438948044,Dominique Zygmont in den Kantonsrat,Dominique Daniel Zygmont,105
116063758043441,Facundo Zimmerli,Facundo Nahuel Zimmerli,105
103638965961747,Gabriel Mäder - Grünliberale,Gabriel Markus Mäder,105
1464661227009326,SVP Bezirk Uster,SVP Bezirk Uster,105
751036244998194,FDP Stadt Zürich Kreis 4&5,FDP Kreis 4&5,103
589840718124415,Grünliberale Knonaueramt,Grünliberale Knonaueramt,102
106856564074635,Hansjörg Germann FDP in den Kantonsrat,Hansjörg Beat Germann,≤100
164288990272811,FDP Region Winterthur in den Zürcher Kantonsrat,FDP Region Winterthur in den Zürcher Kantonsrat,≤100
285821738704789,Nathalie Aeschbacher,Nathalie Anna Aeschbacher,≤100
169752569742293,Schweizerischer Gewerbeverband sgv,Schweizerischer Gewerbeverband sgv,≤100
108692711660498,Urs Wegmann,Urs Wegmann,≤100
103571105961903,Marc-André Beck,Marc-André Beck,≤100
111500797368,SP Bezirk Winterthur,SP Bezirk Winterthur,≤100
106463701741400,Die Mitte Zürich 3+9,Die Mitte Zürich Kreis 3+9,≤100
285304141802550,FDP Niederhasli,FDP Niederhasli,≤100
429342907157034,Beat Habegger,Beat Michael Habegger,≤100
281675942494661,SVP Bezirk Pfäffikon ZH,SVP Bezirk Pfäffikon ZH,≤100
534190816671421,Michael Wiget,Michael Peter Wiget,≤100
101767182105712,Grüne Bezirk Affoltern,GRÜNE Bezirk Affoltern,≤100
190285574861316,Grüne Uster,Grüne Bezirk Uster,≤100
110707875106219,SVP Bezirk Hinwil,SVP Bezirk Hinwil,≤100
110336161874621,Urban Husi in den Kantonsrat ZH,Urban Pius Matthäus Husi Fiechter,≤100
111081131629685,Blackout stoppen,Volksinitiative «Jederzeit Strom für alle (Blackout stoppen)»,≤100
476237372525131,Christa Isabelle Stünzi - glp ZH,Christa Isabelle Stünzi - glp ZH,≤100
650175488441328,Martin Farner,Farners GmbH,≤100
143714586302267,Urs Bänziger FDP,Urs Baenziger,≤100
488909884546537,GLP Winterthur Land,GLP Winterthur Land,≤100
608260099589519,Dominic Täubert,EVP Kanton Zürich,≤100
335609400529370,FDP Horgen,FDP Horgen,≤100
1377010385681695,Dubravko Sinovcic,Dubravko Sinovcic,≤100
192244290829565,Anita Borer,Anita Borer,≤100
110838505070498,SVP Wädenswil,SVP Wädenswil,≤100
854141954663925,Isabel Garcia GLP,Isabel Garcia Brunisholz,≤100
301243053989575,Mario Senn,Mario Senn,≤100
102578282597131,Kamylla Lisi-Brandino,Kamylla J. Lisi-Brandino,≤100
107515328348195,Michael Uebersax,Michael Stefan Uebersax,≤100
210502125711731,FDP Bezirk Affoltern,FDP.Die Liberalen Knonaueramt,≤100
101417574776507,Ja zur direkten Demokratie,New Swiss Journal,≤100
993815333967102,Andreas Leupi,Andreas Patrick Leupi,≤100
105262295297064,FDP.Die Liberalen Nürensdorf,FDP.Die Liberalen Nürensdorf,≤100
135366813191979,Urs Waser Kantonsrat,Waser Urs,≤100
257497631736082,Gletscher-Initiative,Verein Klimaschutz Schweiz,≤100
2525584750795209,Nina Fehr Düsel,Nina Fehr Düsel,≤100
205884466254019,Alexandra Pfister in der Politik,Alexandra Pfister-Nevrala,≤100
864604443735247,SVP Bezirk Dietikon,SVP Bezirk Dietikon,≤100
102014399307738,Direkt,direkt,≤100
358536457645537,SVP Uster,Daniel Schnyder,≤100
689505424449213,Jungfreisinnige Limmattal,Jungfreisinnige Limmattal,≤100
100345702834585,All Out Deutschland,All Out,≤100
169042736456594,All Out,All Out,≤100
104176871670876,Renteninitiative - Für eine sichere & nachhaltige Altersvorsorge,Verein Renteninitiative,≤100
106615082184530,Raffael Grütter - GLP,Raffael Grütter,≤100
198432937394181,Philipp Müller in den Kantonsrat,Philipp Müller,≤100
245030556232364,Grünliberale Partei Basel-Landschaft,Grünliberale Partei Basel-Landschaft,≤100
100160498946252,Grüne Volketswil,Grüne Bezirk Uster,≤100
1604136306538918,Marc Wachter,Marc Michel Wachter,≤100
904812763060757,Michael De Vita-Läubli,Michael De Vita-Läubli,≤100
105527252338650,perspektiveschweiz.ch,IG Wirtschaftsverbände,≤100
154212901272905,FDP.Die Liberalen Baselland,FDP.Die Liberalen Baselland,≤100
109425352024980,Sebastian Hektor Vogel am 12. Februar 2023 in den Kantonsrat,DarkHorse,≤100
103850865786634,Grünliberale Bezirk Hinwil,Grünliberale Bezirk Hinwil,≤100
102281186098428,Sara Sangiacomo,Rosaria Sangiacomo,≤100
591968957877984,Andrea Isler,Andrea Lara Isler,≤100
580012422156679,Grüne Stadt Dübendorf,Grüne Stadt Dübendorf,≤100
102833318045836,Nick Glättli,Nick Didier Glättli,≤100
100980232576650,Muriel Langenberger,Muriel Langenberger,≤100
2011626645562796,Andri Silberschmidt,Komitee Andri Silberschmidt,≤100
103215392637344,Robin Kuhn,Robin Jonas Kuhn,≤100
743745965833626,Benjamin Stricker,Benjamin Stricker,≤100
1599925810096142,Kreis 6/10 mit glp in die Zukunft,Grünliberale Kreis 6 und 10,≤100
377292365618914,SVP Stadt Winterthur,SVP Winterthur,≤100
107214605185781,nilsmatter.ch,These ads ran without a disclaimer,≤100
109023033782956,Unisanté,Unisanté,≤100
125466200895962,Valentin Landmann,Sven Kunz,≤100
292711521138736,IPFO,International Photo Festival Olten,≤100
101759462695729,Seraina Billeter-Ihre Kandidatin,Seraina Sara Billeter,≤100
100487835772742,Josef Widler in den Kantonsrat,Josef Widler,≤100
100213996124067,Grünliberale Sektion Emmen-Hochdorf,Grünliberale Sektion Emmen-Hochdorf,≤100
110448418161537,FDP Hinwil,FDP Hinwil,≤100
784812424962943,Tele Z,TELE Z,≤100
355257441326519,Fabian Müller,Fabian Francois Müller,≤100
1462022710772147,Hans Egli,Hans Egli,≤100
1092252917594218,Initiative pour les glaciers,Association suisse pour la protection du climat,≤100
101120115685831,SVP Stäfa,Marco Andreas Vogt,≤100
101292009486072,Simon Affentranger GLP,Simon Johannes Affentranger Jäger,≤100
71049199915,Nebelspalter,These ads ran without a disclaimer,≤100
175478195846132,Les Vert·e·s suisses,Grüne Schweiz,≤100
139890720097051,Die Mitte Muttenz,Die Mitte Muttenz,≤100
113274870111292,Whippets de L'âme du Joran,These ads ran without a disclaimer,≤100
259871484198551,Thomas Matter,Thomas Matter,≤100
103369269163798,Mittendrin,Hanspeter Renggli,≤100
156218771073787,FDP Bezirk Dielsdorf,FDP Bezirk Dielsdorf,≤100
101103429022118,Grüne Schlieren,Grüne Partei Schlieren,≤100
103269145789541,Stop au blackout,Initiative populaire « De l’électricité pour tous en tout temps (Stop au blackout) »,≤100
291359247729208,PS Suisse,PS Suisse,≤100
269029886456205,Giorgio Fonio,Giorgio Fonio,≤100
101321992365876,Reto Brüesch,These ads ran without a disclaimer,≤100
103302589334244,athanasios_goutziomitros,These ads ran without a disclaimer,≤100
100116156110843,Stop al blackout,Iniziativa popolare «Energia elettrica in ogni tempo per tutti (Stop al blackout)»,≤100
107717738487757,Viviane Kägi GLP,Viviane Kägi,≤100
100211985747396,Klimaform,These ads ran without a disclaimer,≤100
567417573785872,RefLab,These ads ran without a disclaimer,≤100
264952450282664,JUSO Luzern,Jungsozialist*innen Luzern,≤100
212175019347952,SVP Horgen,SVP Horgen,≤100
655159287883514,Berlin Art Institute,These ads ran without a disclaimer,≤100
1917715138510680,Follow Your Legend,These ads ran without a disclaimer,≤100
108625789179165,Soi Dog Foundation,These ads ran without a disclaimer,≤100
104968989056423,peyman_khozoeii,These ads ran without a disclaimer,≤100
103038692613840,isabelbartal.official,These ads ran without a disclaimer,≤100
231086633606227,SVP Baselland,SVP Baselland,≤100
206831926864378,SVP Gelterkinden und Umgebung,SVP Gelterkinden und Umgebung,≤100
190133177759419,Giuseppe Cotti,Giuseppe Cotti,≤100
102666032712524,Yanabuzi6,These ads ran without a disclaimer,≤100
375845269120737,FDP. Die Liberalen Dietikon,These ads ran without a disclaimer,≤100
230522120377463,FDP Allschwil-Schönenbuch,FDP Allschwil-Schönenbuch,≤100
600706570124933,Verkehrssanierungen JA,Verkehrssanierungen JA,≤100
2473457572885442,Crime Schweiz,These ads ran without a disclaimer,≤100
968643809909024,Mubariz Mansimov,These ads ran without a disclaimer,≤100
110533229026103,EVP / PEV,EVP Schweiz,≤100
115397480315613,golfo_and_the_bengal_brothers,These ads ran without a disclaimer,≤100
106583898850663,Harrington Frazier,These ads ran without a disclaimer,≤100
122819208305170,Sauvegarde Genève,Sauvegarde Genève,≤100
354391925271384,Raphael Zimmerli - Die Mitte,These ads ran without a disclaimer,≤100
104546295740207,Aura of the world,These ads ran without a disclaimer,≤100
102531252603779,Stephan Jung,Stephan Jung,≤100
103550668590403,Mieux vivre sa vie,Mieux Vivre Sa Vie,≤100
100381452863244,Libertés et Justice sociale,Libertés et Justice sociale,≤100
660899717422337,Easytax Schweiz,These ads ran without a disclaimer,≤100
105141622376705,aurel_keller,These ads ran without a disclaimer,≤100
102543406062983,Alessandro Corti,These ads ran without a disclaimer,≤100
196102537581541,FDP-Port,These ads ran without a disclaimer,≤100
138345752891779,Grüne Liestal und Umgebung,These ads ran without a disclaimer,≤100
109676708498126,Cole Rosario,These ads ran without a disclaimer,≤100
108595330730708,Groupe lgbtiq+ du PS genevois,Groupe lgbtiq+ du PS genevois,≤100
10150100771335484,24 heures,These ads ran without a disclaimer,≤100
191438050875440,Die Mitte  Basel-Landschaft,Die Mitte  Basel-Landschaft,≤100
1148594755342436,Saskia Schenker - Landrätin,FDP Sissach und Umgebung c/o Saskia Schenker,≤100
310943025606302,World Cancer Day,These ads ran without a disclaimer,≤100
105188432853984,Tribune de Genève,These ads ran without a disclaimer,≤100
112524957892586,the.cartographist,These ads ran without a disclaimer,≤100
102513972339207,Raum voller Meinungen,These ads ran without a disclaimer,≤100
115548344758568,The beauty 92,These ads ran without a disclaimer,≤100
105722887705411,Jessica Verfürth,These ads ran without a disclaimer,≤100
114568088198323,TS Project,These ads ran without a disclaimer,≤100
319549428716940,Maria Luisa Lima,These ads ran without a disclaimer,≤100
1062963547225217,The Bar-Tur Photo Award,These ads ran without a disclaimer,≤100
782924635435040,Tender Octopi,These ads ran without a disclaimer,≤100
106362865041105,Pauline Ruck,These ads ran without a disclaimer,≤100
198892435401,University of Chicago Booth School of Business,These ads ran without a disclaimer,≤100
107459800591300,Michael Graber,These ads ran without a disclaimer,≤100
368757963825913,WasteFuel,These ads ran without a disclaimer,≤100
108929675184859,Fun by Day,These ads ran without a disclaimer,≤100
115996151753600,JC Flores,These ads ran without a disclaimer,≤100
103481929256935,EQUAL.official,These ads ran without a disclaimer,≤100
104975142503469,lenochka_1777,These ads ran without a disclaimer,≤100
301747036593902,RICC Israel,These ads ran without a disclaimer,≤100
105425642156608,Bon Reading,These ads ran without a disclaimer,≤100
103799132581595,Associazione Sion OdV,These ads ran without a disclaimer,≤100
1249402458491333,"ThreatLocker, Inc",These ads ran without a disclaimer,≤100
113656864962740,Новости Дня.,These ads ran without a disclaimer,≤100
103093016017760,Info News,These ads ran without a disclaimer,≤100
103828775939562,Valorée Gallery,These ads ran without a disclaimer,≤100
1814781865469544,friedensethik.ch,These ads ran without a disclaimer,≤100
126730540704474,Pädagogium Baden-Baden,These ads ran without a disclaimer,≤100
109954608456111,Bor Hit,These ads ran without a disclaimer,≤100
103814352620250,Wiadomość dnia,These ads ran without a disclaimer,≤100
112382851644990,Magazin Tentakel,These ads ran without a disclaimer,≤100
181924628560212,SumOfUs,These ads ran without a disclaimer,≤100
763722197034246,En Développement,These ads ran without a disclaimer,≤100
108339698821916,Новости Дня,These ads ran without a disclaimer,≤100
114375818720000,Lavora con noi di JT Care Italia,These ads ran without a disclaimer,≤100
109292693991696,What The Food,These ads ran without a disclaimer,≤100
102073931578170,Naazcars,These ads ran without a disclaimer,≤100
105739229033215,Einfach verantwortungsvoll,These ads ran without a disclaimer,≤100
143885529034197,Andersmensch,These ads ran without a disclaimer,≤100
110527368455096,Lululover,These ads ran without a disclaimer,≤100
1446462038910951,proHolz Steiermark,These ads ran without a disclaimer,≤100
105758584857848,alegpilipenko,These ads ran without a disclaimer,≤100
1559361800964443,Roman Hefner,These ads ran without a disclaimer,≤100
175418892541297,Wildkaffee Rösterei,These ads ran without a disclaimer,≤100
185561295623272,Move To Help Foundation,These ads ran without a disclaimer,≤100