﻿Page ID,Page name,Disclaimer,Amount spent (CHF)
162931923790797,PLR Canton de Fribourg,PLR.Les Libéraux-Radicaux Fribourg,517
18087904183,PLR,PLR,186
109554945523780,Initiative biodiversité,Initiative biodiversité,145
175478195846132,Les Vert·e·s suisses,Grüne Schweiz,111
115134174862244,perspectivesuisse.ch,IG Wirtschaftsverbände,≤100
103550668590403,Mieux vivre sa vie,Mieux Vivre Sa Vie,≤100
15733998334,FDP,FDP,≤100
100649012962611,Direct,Direct,≤100
105527252338650,perspektiveschweiz.ch,IG Wirtschaftsverbände,≤100
337055499789559,Michael Kellner,These ads ran without a disclaimer,≤100
154767748463500,Raphael Lanz,Raphael Lanz,≤100
169510248558,Die Mitte - Le Centre,Die Mitte,≤100
111081131629685,Blackout stoppen,Volksinitiative «Jederzeit Strom für alle (Blackout stoppen)»,≤100
154976914534194,Save the Children Schweiz/Suisse,Save the Children Schweiz,≤100
194790813901953,Grüne Schweiz,Grüne Schweiz,≤100
255506388731408,Biodiversitätsinitiative,Biodiversitätsinitiative,≤100
51415837765,Greenpeace Switzerland,Greenpeace Switzerland,≤100
180501591989950,Jungfreisinnige Kanton Zürich,Jungfreisinnige Kanton Zürich,≤100
478040605021,Junge Grüne Schweiz,Junge Grüne Schweiz,≤100
106758017401357,Gerber Markus,Markus Gerber,≤100
97721121385,Public Eye,Public Eye,≤100
169752569742293,Schweizerischer Gewerbeverband sgv,Schweizerischer Gewerbeverband sgv,≤100
106141989249225,Informacje ze Szwajcarii,These ads ran without a disclaimer,≤100
105438125986055,Die Schweizer Initiative,These ads ran without a disclaimer,≤100
110981058712788,Iniziativa biodiversità,Iniziativa biodiversità,≤100
102014399307738,Direkt,direkt,≤100
191859734164694,Pro Infirmis,Pro Infirmis,≤100
109177161782403,Animal équité,Association Animal équité,≤100
107440889102219,GLP Sense,Grünliberale Partei Sense,≤100
115802011600133,Informacje ze Szwajcarii,These ads ran without a disclaimer,≤100
1027844850652657,Boomerang Ideas,Boomerang Ideas AG,≤100
921336971288655,Nagra,Nagra,≤100
169653126400996,Jura & Trois-Lacs,These ads ran without a disclaimer,≤100
100925746383129,"Jan von Overbeck, candidat au Conseil national","Jan von Overbeck, candidat au Conseil national",≤100
244529840385,Plan International Schweiz / Suisse,These ads ran without a disclaimer,≤100
101432554786737,Verein Stadtgrün,Verein Stadtgrün,≤100
108103318693563,"Heidi Weiss, Bauma, EVP","Heidi Weiss, Bauma, EVP",≤100
291359247729208,PS Suisse,PS Suisse,≤100
820391221400929,Unser Stadtrat Florin Scherrer,Unser Stadtrat Florin Scherrer,≤100
48980326364,Public Eye,Public Eye,≤100
102733401616452,Tanja Miljanović in den Nationalrat,Tanja Miljanović in den Nationalrat,≤100
2170702239856130,Philippe Jobin - Candidat au Conseil National,Philippe Jobin - Candidat au Conseil National,≤100
126955504056188,Gregor Bruhin in den Nationalrat,Gregor Bruhin,≤100
267353906619818,Mr. Gugu & Miss Go,These ads ran without a disclaimer,≤100
250305668489402,Professor Kenny,These ads ran without a disclaimer,≤100
245359058938449,Brunel Global,These ads ran without a disclaimer,≤100
654086281432152,Société pour les peuples menacés Suisse - SPM,These ads ran without a disclaimer,≤100
107032318943312,Revoltrain Academy,These ads ran without a disclaimer,≤100
106916392490601,Co nowego,These ads ran without a disclaimer,≤100
112701670136769,CH+ Games for Democracy,PROJEKT CH+,≤100
124881880957569,SP Stadt St.Gallen,SP Stadt St.Gallen,≤100
7783116506,Animals Asia,These ads ran without a disclaimer,≤100
164442820236221,Jeunes Vert·exs Vaud,Jeunes Vert·exs Vaud,≤100
824045367664868,Laurent Wehrli,Laurent Wehrli,≤100
285831198097799,Kloster Mariazell Wurmsbach,These ads ran without a disclaimer,≤100
2010733722473604,Forcar-Concepts.ch,These ads ran without a disclaimer,≤100
566117786851570,Përparim Avdili,Përparim Avdili,≤100
110533229026103,EVP / PEV,EVP Schweiz,≤100
2302955050018469,PedagogicaMente,These ads ran without a disclaimer,≤100
22893372268,BMW,These ads ran without a disclaimer,≤100
111068872040824,Super Quiz,These ads ran without a disclaimer,≤100
106129139170144,woo_studio_digital,These ads ran without a disclaimer,≤100
104716366046476,AllSunny Magazine,These ads ran without a disclaimer,≤100
550751965021284,Success Resources,These ads ran without a disclaimer,≤100
104075265495682,Doog - Boutique écoresponsable et stylée,These ads ran without a disclaimer,≤100
100474876486821,Baltic Development Fund,These ads ran without a disclaimer,≤100
269807686281,top agrar,These ads ran without a disclaimer,≤100
103564366367787,MSC - Nachhaltige Fischerei,These ads ran without a disclaimer,≤100