﻿Page ID,Page name,Disclaimer,Amount spent (CHF)
107346002418664,Nina Schärrer,"Komitee ""Nina Schärrer in den Ständerat""",≤100
15733998334,FDP,FDP,≤100
194790813901953,Grüne Schweiz,Grüne Schweiz,≤100
337055499789559,Michael Kellner,These ads ran without a disclaimer,≤100
618765881570878,EKS,Elektrizitätswerk des Kantons Schaffhausen AG,≤100
255506388731408,Biodiversitätsinitiative,Biodiversitätsinitiative,≤100
921336971288655,Nagra,Nagra,≤100
105527252338650,perspektiveschweiz.ch,IG Wirtschaftsverbände,≤100
106141989249225,Informacje ze Szwajcarii,These ads ran without a disclaimer,≤100
180501591989950,Jungfreisinnige Kanton Zürich,Jungfreisinnige Kanton Zürich,≤100
111081131629685,Blackout stoppen,Volksinitiative «Jederzeit Strom für alle (Blackout stoppen)»,≤100
51415837765,Greenpeace Switzerland,Greenpeace Switzerland,≤100
154976914534194,Save the Children Schweiz/Suisse,Save the Children Schweiz,≤100
105438125986055,Die Schweizer Initiative,These ads ran without a disclaimer,≤100
115802011600133,Informacje ze Szwajcarii,These ads ran without a disclaimer,≤100
169510248558,Die Mitte - Le Centre,Die Mitte,≤100
102014399307738,Direkt,direkt,≤100
478040605021,Junge Grüne Schweiz,Junge Grüne Schweiz,≤100
18087904183,PLR,PLR,≤100
169752569742293,Schweizerischer Gewerbeverband sgv,Schweizerischer Gewerbeverband sgv,≤100
110981058712788,Iniziativa biodiversità,Iniziativa biodiversità,≤100
1027844850652657,Boomerang Ideas,Boomerang Ideas AG,≤100
48980326364,Public Eye,Public Eye,≤100
191859734164694,Pro Infirmis,Pro Infirmis,≤100
109554945523780,Initiative biodiversité,Initiative biodiversité,≤100
2525584750795209,Nina Fehr Düsel,Nina Fehr Düsel,≤100
101432554786737,Verein Stadtgrün,Verein Stadtgrün,≤100
109177161782403,Animal équité,Association Animal équité,≤100
108103318693563,"Heidi Weiss, Bauma, EVP","Heidi Weiss, Bauma, EVP",≤100
115134174862244,perspectivesuisse.ch,IG Wirtschaftsverbände,≤100
102733401616452,Tanja Miljanović in den Nationalrat,Tanja Miljanović in den Nationalrat,≤100
820391221400929,Unser Stadtrat Florin Scherrer,Unser Stadtrat Florin Scherrer,≤100
102718129475079,Ambil Sandy,Bezirksrichterwahl,≤100
97721121385,Public Eye,Public Eye,≤100
112701670136769,CH+ Games for Democracy,PROJEKT CH+,≤100
244529840385,Plan International Schweiz / Suisse,These ads ran without a disclaimer,≤100
289772074451810,FDP.Die Liberalen Aargau,FDP.Die Liberalen Aargau,≤100
100649012962611,Direct,Direct,≤100
2010733722473604,Forcar-Concepts.ch,These ads ran without a disclaimer,≤100
124881880957569,SP Stadt St.Gallen,SP Stadt St.Gallen,≤100
117741198303856,FDP Kanton Zürich,FDP Kanton Zürich,≤100
291359247729208,PS Suisse,PS Suisse,≤100
285831198097799,Kloster Mariazell Wurmsbach,These ads ran without a disclaimer,≤100
377292365618914,SVP Stadt Winterthur,SVP Winterthur,≤100
566117786851570,Përparim Avdili,Përparim Avdili,≤100
111572431777901,Simon Michel in den Nationalrat,Simon Michel in den Nationalrat,≤100
269807686281,top agrar,These ads ran without a disclaimer,≤100
100638533094811,Nick Hayes Music,These ads ran without a disclaimer,≤100
267353906619818,Mr. Gugu & Miss Go,These ads ran without a disclaimer,≤100
111068872040824,Super Quiz,These ads ran without a disclaimer,≤100
100474876486821,Baltic Development Fund,These ads ran without a disclaimer,≤100
245359058938449,Brunel Global,These ads ran without a disclaimer,≤100
250305668489402,Professor Kenny,These ads ran without a disclaimer,≤100
22893372268,BMW,These ads ran without a disclaimer,≤100
106916392490601,Co nowego,These ads ran without a disclaimer,≤100
108276258909021,Olarglscal-fox,These ads ran without a disclaimer,≤100
103564366367787,MSC - Nachhaltige Fischerei,These ads ran without a disclaimer,≤100
179891745387709,Kunsthaus ARTES,These ads ran without a disclaimer,≤100
902664933169474,SICC - Scientific International Conference on CBRNe,These ads ran without a disclaimer,≤100