﻿Page ID,Page name,Disclaimer,Amount spent (CHF)
110533229026103,EVP / PEV,EVP Schweiz,2461
113292715120155,Matthias Müller,Matthias Müller,1134
194790813901953,Grüne Schweiz,Grüne Schweiz,740
15733998334,FDP,FDP,434
337055499789559,Michael Kellner,These ads ran without a disclaimer,393
255506388731408,Biodiversitätsinitiative,Biodiversitätsinitiative,379
921336971288655,Nagra,Nagra,275
451151132108215,Tiana Moser,Grünliberale Kanton Zürich,260
1483343695307824,Campax,Campax,149
180501591989950,Jungfreisinnige Kanton Zürich,Jungfreisinnige Kanton Zürich,139
566117786851570,Përparim Avdili,Përparim Avdili,131
607076092768471,Bastien Girod,Bastien Girod,120
106141989249225,Informacje ze Szwajcarii,These ads ran without a disclaimer,≤100
105527252338650,perspektiveschweiz.ch,IG Wirtschaftsverbände,≤100
377292365618914,SVP Stadt Winterthur,SVP Winterthur,≤100
154976914534194,Save the Children Schweiz/Suisse,Save the Children Schweiz,≤100
198503926874552,Marionna Schlatter-Schmid,Marionna Schlatter-Schmid,≤100
51415837765,Greenpeace Switzerland,Greenpeace Switzerland,≤100
111081131629685,Blackout stoppen,Volksinitiative «Jederzeit Strom für alle (Blackout stoppen)»,≤100
117741198303856,FDP Kanton Zürich,FDP Kanton Zürich,≤100
102014399307738,Direkt,direkt,≤100
169510248558,Die Mitte - Le Centre,Die Mitte,≤100
478040605021,Junge Grüne Schweiz,Junge Grüne Schweiz,≤100
105438125986055,Die Schweizer Initiative,These ads ran without a disclaimer,≤100
18087904183,PLR,PLR,≤100
170449246402589,Grünliberale Stadt Zürich,Grünliberale Partei Stadt Zürich,≤100
110981058712788,Iniziativa biodiversità,Iniziativa biodiversità,≤100
115802011600133,Informacje ze Szwajcarii,These ads ran without a disclaimer,≤100
1240731822752891,Roger Bachmann,Roger Bachmann,≤100
109554945523780,Initiative biodiversité,Initiative biodiversité,≤100
1587949341492441,Claudio Zihlmann,Claudio Zihlmann,≤100
1027844850652657,Boomerang Ideas,Boomerang Ideas AG,≤100
169752569742293,Schweizerischer Gewerbeverband sgv,Schweizerischer Gewerbeverband sgv,≤100
2525584750795209,Nina Fehr Düsel,Nina Fehr Düsel,≤100
191859734164694,Pro Infirmis,Pro Infirmis,≤100
48980326364,Public Eye,Public Eye,≤100
101432554786737,Verein Stadtgrün,Verein Stadtgrün,≤100
115134174862244,perspectivesuisse.ch,IG Wirtschaftsverbände,≤100
126955504056188,Gregor Bruhin in den Nationalrat,Gregor Bruhin,≤100
289772074451810,FDP.Die Liberalen Aargau,FDP.Die Liberalen Aargau,≤100
139016370161,PINK CROSS / Swiss Gay Federation,Pink Cross,≤100
105373170818382,Romaine Rogenmoser,Romaine Rogenmoser,≤100
462422884156866,Matthias Betsche,Matthias Betsche,≤100
102718129475079,Ambil Sandy,Bezirksrichterwahl,≤100
100649012962611,Direct,Direct,≤100
108103318693563,"Heidi Weiss, Bauma, EVP","Heidi Weiss, Bauma, EVP",≤100
820391221400929,Unser Stadtrat Florin Scherrer,Unser Stadtrat Florin Scherrer,≤100
102733401616452,Tanja Miljanović in den Nationalrat,Tanja Miljanović in den Nationalrat,≤100
109177161782403,Animal équité,Association Animal équité,≤100
238711029872717,Die Mitte Sarganserland - Für ein starkes Sarganserland,Die Mitte Sarganserland - Für ein starkes Sarganserland,≤100
97220294896,SP Schweiz,SP Schweiz,≤100
97721121385,Public Eye,Public Eye,≤100
124881880957569,SP Stadt St.Gallen,SP Stadt St.Gallen,≤100
111572431777901,Simon Michel in den Nationalrat,Simon Michel in den Nationalrat,≤100
103564366367787,MSC - Nachhaltige Fischerei,These ads ran without a disclaimer,≤100
606125032803856,alpinavera,These ads ran without a disclaimer,≤100
106916392490601,Co nowego,These ads ran without a disclaimer,≤100
112701670136769,CH+ Games for Democracy,PROJEKT CH+,≤100
7783116506,Animals Asia,These ads ran without a disclaimer,≤100
100474876486821,Baltic Development Fund,These ads ran without a disclaimer,≤100
111068872040824,Super Quiz,These ads ran without a disclaimer,≤100
267353906619818,Mr. Gugu & Miss Go,These ads ran without a disclaimer,≤100
244529840385,Plan International Schweiz / Suisse,These ads ran without a disclaimer,≤100
291359247729208,PS Suisse,PS Suisse,≤100
245489546137580,Christoph Riner - bodenständige Politik,Christoph Riner - bodenständige Politik,≤100
107032318943312,Revoltrain Academy,These ads ran without a disclaimer,≤100
2010733722473604,Forcar-Concepts.ch,These ads ran without a disclaimer,≤100
285831198097799,Kloster Mariazell Wurmsbach,These ads ran without a disclaimer,≤100
250305668489402,Professor Kenny,These ads ran without a disclaimer,≤100
106758017401357,Gerber Markus,Markus Gerber,≤100
103865108846573,FDP.Die Liberalen Herzogenbuchsee,FDP Herzogenbuchsee,≤100
654086281432152,Société pour les peuples menacés Suisse - SPM,These ads ran without a disclaimer,≤100
108733008364786,The Emissary,These ads ran without a disclaimer,≤100
147717218614170,PLR Genève,PLR.Les Libéraux-Radicaux Genève,≤100
195057467172295,FDP.Die Liberalen Kanton Solothurn,FDP Kanton Solothurn,≤100
2170702239856130,Philippe Jobin - Candidat au Conseil National,Philippe Jobin - Candidat au Conseil National,≤100
902664933169474,SICC - Scientific International Conference on CBRNe,These ads ran without a disclaimer,≤100
103688664550419,Académie de Basketball UCA -  AUCA,These ads ran without a disclaimer,≤100
22893372268,BMW,These ads ran without a disclaimer,≤100
100638533094811,Nick Hayes Music,These ads ran without a disclaimer,≤100
100202241999366,Ottocast,These ads ran without a disclaimer,≤100
109226351931340,Jimena Gonzalez,These ads ran without a disclaimer,≤100
179891745387709,Kunsthaus ARTES,These ads ran without a disclaimer,≤100
2302955050018469,PedagogicaMente,These ads ran without a disclaimer,≤100
103736139244309,Coach Mercedez Lerne,These ads ran without a disclaimer,≤100
111456000620617,Jeremy Harry Harris,These ads ran without a disclaimer,≤100
104075265495682,Doog - Boutique écoresponsable et stylée,These ads ran without a disclaimer,≤100
245359058938449,Brunel Global,These ads ran without a disclaimer,≤100
107051145110721,The Investing Weekly Journal,These ads ran without a disclaimer,≤100
122095484306010983,Notizen aus der Pathologie,These ads ran without a disclaimer,≤100
112473508607838,Die Idee der Schweiz,These ads ran without a disclaimer,≤100
111588341842178,Esteban fernandez,These ads ran without a disclaimer,≤100
269807686281,top agrar,These ads ran without a disclaimer,≤100
141363092729703,DP World,These ads ran without a disclaimer,≤100
106705935507742,Billycity,These ads ran without a disclaimer,≤100
101793669214903,Lili Almeida,These ads ran without a disclaimer,≤100
1203209286460972,Alexander Brüll,These ads ran without a disclaimer,≤100
106950715510480,Luciana Ponce,These ads ran without a disclaimer,≤100
106129139170144,woo_studio_digital,These ads ran without a disclaimer,≤100
108276258909021,Olarglscal-fox,These ads ran without a disclaimer,≤100
119918921715,Brunswick Landing Marina,These ads ran without a disclaimer,≤100
104716366046476,AllSunny Magazine,These ads ran without a disclaimer,≤100
550751965021284,Success Resources,These ads ran without a disclaimer,≤100
130467394263248,Dyness,These ads ran without a disclaimer,≤100