﻿Page ID,Page name,Disclaimer,Amount spent (CHF)
194790813901953,Grüne Schweiz,Grüne Schweiz,≤100
15733998334,FDP,FDP,≤100
337055499789559,Michael Kellner,These ads ran without a disclaimer,≤100
255506388731408,Biodiversitätsinitiative,Biodiversitätsinitiative,≤100
106141989249225,Informacje ze Szwajcarii,These ads ran without a disclaimer,≤100
100360518736993,Jungfreisinnige Obwalden,Jungfreisinnige Obwalden,≤100
180501591989950,Jungfreisinnige Kanton Zürich,Jungfreisinnige Kanton Zürich,≤100
115802011600133,Informacje ze Szwajcarii,These ads ran without a disclaimer,≤100
51415837765,Greenpeace Switzerland,Greenpeace Switzerland,≤100
169510248558,Die Mitte - Le Centre,Die Mitte,≤100
111081131629685,Blackout stoppen,Volksinitiative «Jederzeit Strom für alle (Blackout stoppen)»,≤100
105438125986055,Die Schweizer Initiative,These ads ran without a disclaimer,≤100
478040605021,Junge Grüne Schweiz,Junge Grüne Schweiz,≤100
18087904183,PLR,PLR,≤100
102014399307738,Direkt,direkt,≤100
110981058712788,Iniziativa biodiversità,Iniziativa biodiversità,≤100
154976914534194,Save the Children Schweiz/Suisse,Save the Children Schweiz,≤100
111124128677070,Nico Fankhauser,Unterstützungskomitee «Nico Fankhauser in den Nationalrat»,≤100
169752569742293,Schweizerischer Gewerbeverband sgv,Schweizerischer Gewerbeverband sgv,≤100
1027844850652657,Boomerang Ideas,Boomerang Ideas AG,≤100
109554945523780,Initiative biodiversité,Initiative biodiversité,≤100
48980326364,Public Eye,Public Eye,≤100
126955504056188,Gregor Bruhin in den Nationalrat,Gregor Bruhin,≤100
2525584750795209,Nina Fehr Düsel,Nina Fehr Düsel,≤100
101432554786737,Verein Stadtgrün,Verein Stadtgrün,≤100
102718129475079,Ambil Sandy,Bezirksrichterwahl,≤100
191859734164694,Pro Infirmis,Pro Infirmis,≤100
115134174862244,perspectivesuisse.ch,IG Wirtschaftsverbände,≤100
921336971288655,Nagra,Nagra,≤100
112701670136769,CH+ Games for Democracy,PROJEKT CH+,≤100
109177161782403,Animal équité,Association Animal équité,≤100
102733401616452,Tanja Miljanović in den Nationalrat,Tanja Miljanović in den Nationalrat,≤100
100649012962611,Direct,Direct,≤100
108103318693563,"Heidi Weiss, Bauma, EVP","Heidi Weiss, Bauma, EVP",≤100
820391221400929,Unser Stadtrat Florin Scherrer,Unser Stadtrat Florin Scherrer,≤100
106758017401357,Gerber Markus,Markus Gerber,≤100
97721121385,Public Eye,Public Eye,≤100
606125032803856,alpinavera,These ads ran without a disclaimer,≤100
566117786851570,Përparim Avdili,Përparim Avdili,≤100
105527252338650,perspektiveschweiz.ch,IG Wirtschaftsverbände,≤100
2010733722473604,Forcar-Concepts.ch,These ads ran without a disclaimer,≤100
103564366367787,MSC - Nachhaltige Fischerei,These ads ran without a disclaimer,≤100
245359058938449,Brunel Global,These ads ran without a disclaimer,≤100
250305668489402,Professor Kenny,These ads ran without a disclaimer,≤100
108276258909021,Olarglscal-fox,These ads ran without a disclaimer,≤100
103018709465971,Rina Gomes,These ads ran without a disclaimer,≤100