﻿Page ID,Page name,Disclaimer,Amount spent (CHF)
194790813901953,Grüne Schweiz,Grüne Schweiz,≤100
337055499789559,Michael Kellner,These ads ran without a disclaimer,≤100
478040605021,Junge Grüne Schweiz,Junge Grüne Schweiz,≤100
111081131629685,Blackout stoppen,Volksinitiative «Jederzeit Strom für alle (Blackout stoppen)»,≤100
105438125986055,Die Schweizer Initiative,These ads ran without a disclaimer,≤100
154976914534194,Save the Children Schweiz/Suisse,Save the Children Schweiz,≤100
51415837765,Greenpeace Switzerland,Greenpeace Switzerland,≤100
255506388731408,Biodiversitätsinitiative,Biodiversitätsinitiative,≤100
169510248558,Die Mitte - Le Centre,Die Mitte,≤100
102014399307738,Direkt,direkt,≤100
106141989249225,Informacje ze Szwajcarii,These ads ran without a disclaimer,≤100
115802011600133,Informacje ze Szwajcarii,These ads ran without a disclaimer,≤100
1027844850652657,Boomerang Ideas,Boomerang Ideas AG,≤100
169752569742293,Schweizerischer Gewerbeverband sgv,Schweizerischer Gewerbeverband sgv,≤100
191859734164694,Pro Infirmis,Pro Infirmis,≤100
101432554786737,Verein Stadtgrün,Verein Stadtgrün,≤100
48980326364,Public Eye,Public Eye,≤100
180501591989950,Jungfreisinnige Kanton Zürich,Jungfreisinnige Kanton Zürich,≤100
238711029872717,Die Mitte Sarganserland - Für ein starkes Sarganserland,Die Mitte Sarganserland - Für ein starkes Sarganserland,≤100
921336971288655,Nagra,Nagra,≤100
109177161782403,Animal équité,Association Animal équité,≤100
820391221400929,Unser Stadtrat Florin Scherrer,Unser Stadtrat Florin Scherrer,≤100
109554945523780,Initiative biodiversité,Initiative biodiversité,≤100
2010733722473604,Forcar-Concepts.ch,These ads ran without a disclaimer,≤100
108103318693563,"Heidi Weiss, Bauma, EVP","Heidi Weiss, Bauma, EVP",≤100
15733998334,FDP,FDP,≤100
124881880957569,SP Stadt St.Gallen,SP Stadt St.Gallen,≤100
2525584750795209,Nina Fehr Düsel,Nina Fehr Düsel,≤100
115134174862244,perspectivesuisse.ch,IG Wirtschaftsverbände,≤100
97721121385,Public Eye,Public Eye,≤100
105527252338650,perspektiveschweiz.ch,IG Wirtschaftsverbände,≤100
244529840385,Plan International Schweiz / Suisse,These ads ran without a disclaimer,≤100
100649012962611,Direct,Direct,≤100
250305668489402,Professor Kenny,These ads ran without a disclaimer,≤100