﻿Page ID,Page name,Disclaimer,Amount spent (CHF),Number of ads in Library
599025353636034,B Lab Switzerland,B LAB (SWITZERLAND),3835,34
349450293419,Schweizerische Energie-Stiftung SES,Schweizerische Energie-Stiftung SES,2735,10
1054282644596776,GE-démocratie,GE-démocratie,2120,9
147717218614170,PLR Genève,PLR.Les Libéraux-Radicaux Genève,1846,3
97220294896,SP Schweiz,SP Schweiz,958,5
114275974912005,GE équilibre fiscal,GE équilibre fiscal,879,7
48980326364,Public Eye,Public Eye,822,25
288659088239530,MCG Officiel,Mouvement Citoyens Genevois,765,32
200480966638039,Supremacy 1914,These ads ran without a disclaimer,685,4
100381452863244,Libertés et Justice sociale,Libertés et Justice sociale,610,34
1524859774444235,Koalition für Konzernverantwortung,Koalition für Konzernverantwortung,560,2
105527252338650,perspektiveschweiz.ch,IG Wirtschaftsverbände,554,5
103550668590403,Mieux vivre sa vie,Mieux Vivre Sa Vie,545,26
154976914534194,Save the Children Schweiz/Suisse,Save the Children Schweiz,491,16
291359247729208,PS Suisse,PS Suisse,469,4
18087904183,PLR,PLR,404,2
15733998334,FDP,FDP,397,2
1919422915011017,Republik,Republik AG,360,2
115134174862244,perspectivesuisse.ch,IG Wirtschaftsverbände,342,5
131066326987,SP Kanton Zürich,SP Kanton Zürich,303,9
510352742440847,Coalition pour des multinationales responsables,Coalition pour des multinationales responsables,302,2
102014399307738,Direkt,direkt,279,5
1579272705641700,Gabriela Suter,Gabriela Suter,245,7
51415837765,Greenpeace Switzerland,Greenpeace Switzerland,238,4
169510248558,Die Mitte - Le Centre,Die Mitte,227,6
100341315500438,Kirchensteuern sei Dank - St.Gallen,Katholischer Kofessionsteil des Kantons St.Gallen,214,9
888626258006362,"Barbara Gysi, Nationalrätin SP",Barbara Gysi,212,3
1562216347422974,Esther Friedli,Esther Friedli,183,2
115010674866173,prospettivasvizzera.ch,IG Wirtschaftsverbände,180,5
84150672409,SP Stadt Zürich,SP Stadt Zürich,168,6
2068625050104664,Jeunes Vert•e•x•s Suisse,Junge Grüne Schweiz,161,2
104460881166122,Pro Natura Valais / Wallis,Pro Natura Valais / Wallis,161,2
111081131629685,Blackout stoppen,Volksinitiative «Jederzeit Strom für alle (Blackout stoppen)»,155,37
478040605021,Junge Grüne Schweiz,Junge Grüne Schweiz,153,2
1991942507517845,Römisch-Katholische Kirche im Aargau,Römisch-Katholische Landeskirche des Kantons Aargau,152,6
169752569742293,Schweizerischer Gewerbeverband sgv,Schweizerischer Gewerbeverband sgv,140,5
335404453537186,Die Mitte Binningen-Bottmingen,Die Mitte Binningen-Bottmingen,122,1
921336971288655,Nagra,Nagra,109,3
105885535599394,Coach Cecil,These ads ran without a disclaimer,106,17
618765881570878,EKS,Elektrizitätswerk des Kantons Schaffhausen AG,≤100,2
259871484198551,Thomas Matter,Thomas Matter,≤100,1
1741098286126301,Die Mitte Appenzell Ausserrhoden,Die Mitte Appenzell Ausserrhoden,≤100,17
183441641693664,Philippe Nantermod,Etude Philippe Nantermod Sàrl,≤100,1
110481348648633,Ludivine-Luy-Lovey au Conseil National 2023,Ludivine Luy Lovey,≤100,1
103033805478591,Carole-Anne Kast,Carole-Anne Kast,≤100,1
8142847754,Jungfreisinnige Schweiz,Jungfreisinnige Schweiz,≤100,5
106964611977537,Switlo,Switlo,≤100,2
223727604375090,EVP Frauenfeld,EVP Frauenfeld,≤100,1
125466200895962,Valentin Landmann,Sven Kunz,≤100,1
1483343695307824,Campax,Campax,≤100,1
138011779601470,Grünes Bündnis Stadt Bern,Grünes Bündnis Bern (GB),≤100,1
103447355403439,Andreas Hüssy,Andreas Hüssy,≤100,1
120307884715130,Les Vert•e•s Valais - Grüne Wallis,Les Vert•e•s Valais - Grüne Wallis,≤100,1
1419223321733027,Parti Socialiste Vaudois,PS vaudois,≤100,1
103237956032492,Willy Portmann,Willy Portmann,≤100,2
535897123124799,Jeunes Libéraux-Radicaux Suisse,Jeunes Libéraux-Radicaux Suisses,≤100,4
100116156110843,Stop al blackout,Iniziativa popolare «Energia elettrica in ogni tempo per tutti (Stop al blackout)»,≤100,16
291504744242501,Lega dei Ticinesi - sezione Chiasso,Stefano Tonini,≤100,1
123778861534,Jungfreisinnige Aargau,Jungfreisinnige Aargau,≤100,1
104379448378069,eyerepublic.co,These ads ran without a disclaimer,≤100,1
103119077874616,Bunt_lieben,bunt_lieben,≤100,1
102063439477752,Simon Stocker in den Ständerat,Komitee «Stocker is Stöckli»,≤100,1
121446461263308,SP Kanton Schwyz,SP Kanton Schwyz,≤100,1
238982909481105,Les Vert·e·s Genevois·es,Les Vert-e-s genevois-es,≤100,1
104176871670876,Renteninitiative - Für eine sichere & nachhaltige Altersvorsorge,Verein Renteninitiative,≤100,1
245489546137580,Christoph Riner - bodenständige Politik,Christoph Riner - bodenständige Politik,≤100,7
100109808734387,Schweizer Wirtschaft für das Klimagesetz,Schweizer Wirtschaft für das Klimagesetzt,≤100,1
103269145789541,Stop au blackout,Initiative populaire « De l’électricité pour tous en tout temps (Stop au blackout) »,≤100,12
115967858108648,Susanne Dedecke glp,Susanne Dedecke,≤100,1
36735923253,umverkehR,umverkehR,≤100,4
97721121385,Public Eye,Public Eye,≤100,1
122819208305170,Sauvegarde Genève,Sauvegarde Genève,≤100,1
100119208056282,Christian Dandrès,Christian Joseph Dandrès,≤100,1
265786100439644,Grüne Freie Liste Stadt Bern,Grüne Freie Liste Bern,≤100,2
135939773133793,Grüne Winterthur,Grüne Winterthur,≤100,1
2015601845405680,SP Frauenfeld,SP Frauenfeld,≤100,3
2075832665775532,FDP Hochdorf,FDP.Die Liberalen Hochdorf,≤100,1
309380022477251,Casafair,Casafair,≤100,1
360151400680191,Die Mitte Stadt Luzern,Die Mitte Stadt Luzern,≤100,2
101664679500421,Uni·es par nos convictions · Engagé·es pour Genève,Uni·es par nos convictions · Engagé·es pour Genève,≤100,1
123698491019029,Lombard Odier Group,These ads ran without a disclaimer,≤100,1
168761183826173,Gewerkschaftsbund Schaffhausen GBS,Gewerkschaftsbund Schaffhausen GBS,≤100,1
102269201722239,TV Riviera 24,Tv Riviera 24,≤100,1
158820214312321,Citations Ron Hubbard,Mieux Vivre Sa Vie,≤100,1
1951249848443600,Protect Our Winters Switzerland,Protect Our Winters Switzerland,≤100,1
101120115685831,SVP Stäfa,SVP Stäfa,≤100,1
105457179189438,Karin Jung-Riedweg,Karin Jung-Riedweg,≤100,1
181622395207310,HANNOVER MESSE,These ads ran without a disclaimer,≤100,1
763722197034246,En Développement,These ads ran without a disclaimer,≤100,1
100513788093677,Les Vert-e-s Ville de Genève,Les Vert-e-s Ville de Genève,≤100,1
101749628198714,Promova,These ads ran without a disclaimer,≤100,2
102251318064432,Organon,These ads ran without a disclaimer,≤100,1
7783116506,Animals Asia,These ads ran without a disclaimer,≤100,6
108653381700336,Parc naturel régional de la Vallée du Trient,These ads ran without a disclaimer,≤100,1
101176682686881,Caldwell Hutchinson,These ads ran without a disclaimer,≤100,1
73757131621,Flyerline Schweiz AG,These ads ran without a disclaimer,≤100,1
105785675757412,Happy,These ads ran without a disclaimer,≤100,4
104281381774959,University of Cambridge Online,These ads ran without a disclaimer,≤100,1
105188432853984,Tribune de Genève,These ads ran without a disclaimer,≤100,14
1468015706558049,Moodys Tax,These ads ran without a disclaimer,≤100,1
567417573785872,RefLab,These ads ran without a disclaimer,≤100,1
98673036962,ROLDA,These ads ran without a disclaimer,≤100,5
100613551665739,GROW MY TREE,These ads ran without a disclaimer,≤100,1
100615205068784,moncourage,These ads ran without a disclaimer,≤100,1
110357013717466,Loot4Games.gg,These ads ran without a disclaimer,≤100,1
167983071434,SP Kriens,SP Kriens,≤100,1
110463704610731,Cute Kiwi,These ads ran without a disclaimer,≤100,4
111014438406253,Trendyspread shop1,These ads ran without a disclaimer,≤100,2
100451933698060,AdVenture Communist,These ads ran without a disclaimer,≤100,1
100689636310150,Waokeem-EU,These ads ran without a disclaimer,≤100,5
364457210935073,Vert'libéraux Valais / Grünliberale Wallis,Vert'libéraux Valais / Grünliberale Wallis,≤100,1
537872126249267,Червоний Хрест України,These ads ran without a disclaimer,≤100,6
8002590959,Rainforest Action Network - RAN,These ads ran without a disclaimer,≤100,3
111212451618875,"БО ""БФ ""Свобода України""",These ads ran without a disclaimer,≤100,1
104444729065513,Victoria Segovia,These ads ran without a disclaimer,≤100,10
114973231566708,24EU FN,These ads ran without a disclaimer,≤100,1
100979089555293,Jose Bedoya,These ads ran without a disclaimer,≤100,8
10150100771335484,24 heures,These ads ran without a disclaimer,≤100,5
2015601845405680,SP Frauenfeld,These ads ran without a disclaimer,≤100,1
107377835575567,Ronity,These ads ran without a disclaimer,≤100,1
104571188687767,Chill Read,These ads ran without a disclaimer,≤100,1
100764512756947,Epishine AB,These ads ran without a disclaimer,≤100,4
573479073162001,Lendarchitektur,These ads ran without a disclaimer,≤100,1
340577086006224,CRI German,These ads ran without a disclaimer,≤100,1
146481695371146,"มูลนิธิเพื่อสุนัขในซอย, ประเทศไทย (Soi Dog - in Thai)",These ads ran without a disclaimer,≤100,1
1798175947119500,Epishine,These ads ran without a disclaimer,≤100,2
109490318648356,JMSE MDPI,These ads ran without a disclaimer,≤100,1
114232667071135,amuka_sasa,These ads ran without a disclaimer,≤100,1
102470965836621,Sustainability MDPI,These ads ran without a disclaimer,≤100,1
669307523469574,EveryJew,These ads ran without a disclaimer,≤100,3
105986175239619,Sea Creature Love,These ads ran without a disclaimer,≤100,1
107977331797625,My New Trends,These ads ran without a disclaimer,≤100,1
927057930973841,Dagmara Szymańska Autor Embrace Therapy,These ads ran without a disclaimer,≤100,1
177085642309256,ELEKTRONIKPRAXIS,These ads ran without a disclaimer,≤100,1
110818941452003,Morehackz Stories,These ads ran without a disclaimer,≤100,1
101388509327100,Extra famous,These ads ran without a disclaimer,≤100,2
100422472848892,Благодійний фонд Stron Front,These ads ran without a disclaimer,≤100,1
145782498897144,KENGURU.PRO,These ads ran without a disclaimer,≤100,1
102927745740374,FAHC,These ads ran without a disclaimer,≤100,1
102416722029565,"Innovate4Climate, I4C 2023 - Bilbao",These ads ran without a disclaimer,≤100,2
100490729492964,Sebastian Bello,These ads ran without a disclaimer,≤100,5
106348682400630,Nova - AI Chatbot,These ads ran without a disclaimer,≤100,3
153063591397681,Amazon Web Services,These ads ran without a disclaimer,≤100,1
105699708610413,The Kyiv Independent,These ads ran without a disclaimer,≤100,1
112107928867115,Вясна. Правы чалавека ў Беларусі / Viasna. Human rights in Belarus,These ads ran without a disclaimer,≤100,1
391667100894024,Ekoltava,These ads ran without a disclaimer,≤100,1
100525605800075,Meet and Greet,These ads ran without a disclaimer,≤100,4
366107457198874,Rise of Kingdoms,These ads ran without a disclaimer,≤100,1
102898939386527,Happy,These ads ran without a disclaimer,≤100,1
101545415784484,Simple Tribune,These ads ran without a disclaimer,≤100,1
100873646120505,Glücklich nachhaltig,These ads ran without a disclaimer,≤100,1
188140874572413,Fundación Charles Darwin,These ads ran without a disclaimer,≤100,2
103750541119486,dieverpeilte,These ads ran without a disclaimer,≤100,1
107323451863865,Millennial Geeks,These ads ran without a disclaimer,≤100,1
101609735054610,Laughter Lifestyle,These ads ran without a disclaimer,≤100,1
1179605638874368,The Social Tribune,These ads ran without a disclaimer,≤100,2
101873315256177,PSRC - Parti socialiste région Cossonay,These ads ran without a disclaimer,≤100,1
1656590977890066,IDEO U,These ads ran without a disclaimer,≤100,1
219947610085,Marine Conservation Society,These ads ran without a disclaimer,≤100,1
839249709578255,CrowdFarming,These ads ran without a disclaimer,≤100,1
110861658082667,Planet One,These ads ran without a disclaimer,≤100,1
104099512361482,Funnies Now - Magazine,These ads ran without a disclaimer,≤100,1
643057169228509,FT Channels,These ads ran without a disclaimer,≤100,1
105743361735500,New to Money Português,These ads ran without a disclaimer,≤100,1
111622410196045,State of Youth,These ads ran without a disclaimer,≤100,2
232479886816529,Cambridge Institute for Sustainability Leadership,These ads ran without a disclaimer,≤100,1
289446947817747,Global Citizen,These ads ran without a disclaimer,≤100,1
217519028785017,Nature Research Custom Media,These ads ran without a disclaimer,≤100,1
100374392742057,Weregreenly- Magazine,These ads ran without a disclaimer,≤100,1
101584952237158,Fer Barcelar,These ads ran without a disclaimer,≤100,1
478297078923452,Big Easy Believer,These ads ran without a disclaimer,≤100,4
462122137178614,Munduk Moding Plantation,These ads ran without a disclaimer,≤100,1
1391216441106894,Wirtschaftsagentur Wien - Vienna Business Agency,These ads ran without a disclaimer,≤100,1
107071248451159,Société Créatrice,These ads ran without a disclaimer,≤100,1
103750018399880,Hot Pop Today Community,These ads ran without a disclaimer,≤100,1
296836513743337,Stefan Verra,These ads ran without a disclaimer,≤100,2
150793518281117,Covestro,These ads ran without a disclaimer,≤100,2
286094071469577,VINCI Energies,These ads ran without a disclaimer,≤100,1
1220981994590364,FT Partner Content,These ads ran without a disclaimer,≤100,1
10606591490,TIME,These ads ran without a disclaimer,≤100,1
107268488798502,The Investing Publication,These ads ran without a disclaimer,≤100,1
101289218907718,Web News,These ads ran without a disclaimer,≤100,1
1780873898794956,Këshilli i Bashkësisë Islame në Preshevë,These ads ran without a disclaimer,≤100,1
598865763613819,Institute for Zen Leadership,These ads ran without a disclaimer,≤100,1
131664893560695,Origins OSU,These ads ran without a disclaimer,≤100,1
100772842566473,helodeoliveira_35,These ads ran without a disclaimer,≤100,1
102342747923923,Researchpod,These ads ran without a disclaimer,≤100,1
1609569505990338,Східноукраїнський національний університет імені Володимира Даля,These ads ran without a disclaimer,≤100,2
760185027711926,Scientific Feed,These ads ran without a disclaimer,≤100,2
101787968733573,New to Money,These ads ran without a disclaimer,≤100,1
124275457632741,ElectronicSpecifier,These ads ran without a disclaimer,≤100,1
1359136157453700,Bere Ramos,These ads ran without a disclaimer,≤100,1
100627069630168,Cecília Martins,These ads ran without a disclaimer,≤100,1
148799861816516,Al-Anwar Al-Najafyia Foundation,These ads ran without a disclaimer,≤100,1
111378278545108,LIRIA JENI JU,These ads ran without a disclaimer,≤100,1
444347906369155,Transitions et Énergies,These ads ran without a disclaimer,≤100,2
144450262776,Great Wine Capitals Global Network,These ads ran without a disclaimer,≤100,1
155174084508744,Banque mondiale,These ads ran without a disclaimer,≤100,1
105962449139113,ChatBox,These ads ran without a disclaimer,≤100,2
277968945636666,The Mediterranean Biennale,These ads ran without a disclaimer,≤100,1
100272095783585,Visit Heilongjiang,These ads ran without a disclaimer,≤100,1
267046486680260,Dubai Electricity and Water Authority - DEWA,These ads ran without a disclaimer,≤100,1
100408139141307,Concerts Lovers,These ads ran without a disclaimer,≤100,2
107535938875517,Humankindness Film,These ads ran without a disclaimer,≤100,1
105508145022144,Geeky Base,These ads ran without a disclaimer,≤100,1
108090722253322,HL Connection #1,These ads ran without a disclaimer,≤100,11
100580799666914,Brown Humid,These ads ran without a disclaimer,≤100,3
128460617656602,eeDesignIt,These ads ran without a disclaimer,≤100,1
177706515594669,Azimut Yachts,These ads ran without a disclaimer,≤100,1
101409961834360,Anja Glivar - Tierrechtsaktivistin,These ads ran without a disclaimer,≤100,1
109918548540213,Leading History,These ads ran without a disclaimer,≤100,2
153371894688575,World Bank,These ads ran without a disclaimer,≤100,1
951021635099507,Instituto Transpersonal Integrativo,These ads ran without a disclaimer,≤100,1
343786409509707,The East Gate,These ads ran without a disclaimer,≤100,1
31292782350,Deutschland.de,These ads ran without a disclaimer,≤100,1
489179047956298,Allwork.Space,These ads ran without a disclaimer,≤100,1