﻿Page ID,Page name,Disclaimer,Amount spent (CHF)
220137094989562,BRITA Schweiz,These ads ran without a disclaimer,111
15733998334,FDP,FDP,105
194790813901953,Grüne Schweiz,Grüne Schweiz,≤100
921336971288655,Nagra,Nagra,≤100
255506388731408,Biodiversitätsinitiative,Biodiversitätsinitiative,≤100
111081131629685,Blackout stoppen,Volksinitiative «Jederzeit Strom für alle (Blackout stoppen)»,≤100
1410462099233550,FDP.Die Liberalen Kriens,FDP Kriens,≤100
105527252338650,perspektiveschweiz.ch,IG Wirtschaftsverbände,≤100
180501591989950,Jungfreisinnige Kanton Zürich,Jungfreisinnige Kanton Zürich,≤100
97220294896,SP Schweiz,SP Schweiz,≤100
1483343695307824,Campax,Campax,≤100
51415837765,Greenpeace Switzerland,Greenpeace Switzerland,≤100
154976914534194,Save the Children Schweiz/Suisse,Save the Children Schweiz,≤100
191859734164694,Pro Infirmis,Pro Infirmis,≤100
102014399307738,Direkt,direkt,≤100
169510248558,Die Mitte - Le Centre,Die Mitte,≤100
126289610761942,Grünliberale,Grünliberale,≤100
18087904183,PLR,PLR,≤100
101986432797310,Anna-Sophia Spieler,Anna-Sophia Spieler,≤100
169752569742293,Schweizerischer Gewerbeverband sgv,Schweizerischer Gewerbeverband sgv,≤100
110981058712788,Iniziativa biodiversità,Iniziativa biodiversità,≤100
48980326364,Public Eye,Public Eye,≤100
289772074451810,FDP.Die Liberalen Aargau,FDP.Die Liberalen Aargau,≤100
109554945523780,Initiative biodiversité,Initiative biodiversité,≤100
97721121385,Public Eye,Public Eye,≤100
114803848589834,DIE ZEIT,These ads ran without a disclaimer,≤100
102718129475079,Ambil Sandy,Bezirksrichterwahl,≤100
298155064222389,SVP Wahlkreis Entlebuch,SVP Wahlkreis Entlebuch,≤100
108103318693563,"Heidi Weiss, Bauma, EVP","Heidi Weiss, Bauma, EVP",≤100
344556287396,Penguin Bücher,These ads ran without a disclaimer,≤100
115134174862244,perspectivesuisse.ch,IG Wirtschaftsverbände,≤100
2525584750795209,Nina Fehr Düsel,Nina Fehr Düsel,≤100
202907189862969,Verdi Liberali,Parti vert'libéral Suisse,≤100
218538701651843,Union suisse des arts et métiers usam,Schweizerischer Gewerbeverband sgv,≤100
7933444510,The Global Fund,The Global Fund,≤100
100649012962611,Direct,Direct,≤100
267353906619818,Mr. Gugu & Miss Go,These ads ran without a disclaimer,≤100
124881880957569,SP Stadt St.Gallen,SP Stadt St.Gallen,≤100
285831198097799,Kloster Mariazell Wurmsbach,These ads ran without a disclaimer,≤100
119992217779767,Euro Новости,These ads ran without a disclaimer,≤100
462422884156866,Matthias Betsche,Matthias Betsche,≤100
179829952053386,Vert'libéraux,Parti vert'libéral Suisse,≤100
245489546137580,Christoph Riner - bodenständige Politik,Christoph Riner - bodenständige Politik,≤100
606125032803856,alpinavera,These ads ran without a disclaimer,≤100
111124128677070,Nico Fankhauser,Unterstützungskomitee «Nico Fankhauser in den Nationalrat»,≤100
139016370161,PINK CROSS / Swiss Gay Federation,Pink Cross,≤100
126955504056188,Gregor Bruhin in den Nationalrat,Gregor Bruhin,≤100
109177161782403,Animal équité,Association Animal équité,≤100
101120115685831,SVP Stäfa,SVP Stäfa,≤100
550751965021284,Success Resources,These ads ran without a disclaimer,≤100
291359247729208,PS Suisse,PS Suisse,≤100
142664095796912,GRÜNE Kanton Bern,GRÜNE Kanton Bern,≤100
820391221400929,Unser Stadtrat Florin Scherrer,Unser Stadtrat Florin Scherrer,≤100
109353154135430,E.N. Publishing,These ads ran without a disclaimer,≤100
103865108846573,FDP.Die Liberalen Herzogenbuchsee,FDP Herzogenbuchsee,≤100
506545466126449,Solidarity with Ukraine - Europe is not silent,These ads ran without a disclaimer,≤100
1738122286432408,UK in Switzerland - British Embassy Berne,These ads ran without a disclaimer,≤100
106258265788783,greg_on_tour,These ads ran without a disclaimer,≤100
607076092768471,Bastien Girod,Bastien Girod,≤100
100708026462002,Lawyers Group,These ads ran without a disclaimer,≤100
269807686281,top agrar,These ads ran without a disclaimer,≤100
100474876486821,Baltic Development Fund,These ads ran without a disclaimer,≤100
111068872040824,Super Quiz,These ads ran without a disclaimer,≤100
106129139170144,woo_studio_digital,These ads ran without a disclaimer,≤100
7783116506,Animals Asia,These ads ran without a disclaimer,≤100
250305668489402,Professor Kenny,These ads ran without a disclaimer,≤100
2854126084659334,Penkbike,These ads ran without a disclaimer,≤100
110021178552771,QicoBay,These ads ran without a disclaimer,≤100
122522717506421,3D All Over Print Shirts,These ads ran without a disclaimer,≤100
103460351136160,ChicMe-UK,These ads ran without a disclaimer,≤100
2302955050018469,PedagogicaMente,These ads ran without a disclaimer,≤100
379094922828522,News Europenian,These ads ran without a disclaimer,≤100
109226351931340,Jimena Gonzalez,These ads ran without a disclaimer,≤100