﻿Page ID,Page name,Disclaimer,Amount spent (CHF)
191859734164694,Pro Infirmis,Pro Infirmis,403
169510248558,Die Mitte - Le Centre,Die Mitte,179
194790813901953,Grüne Schweiz,Grüne Schweiz,178
921336971288655,Nagra,Nagra,113
126289610761942,Grünliberale,Grünliberale,≤100
105527252338650,perspektiveschweiz.ch,IG Wirtschaftsverbände,≤100
255506388731408,Biodiversitätsinitiative / Initiative biodiversité,Biodiversitätsinitiative / Initiative biodiversité,≤100
36735923253,umverkehR,umverkehR,≤100
154976914534194,Save the Children Schweiz/Suisse,Save the Children Schweiz,≤100
169752569742293,Schweizerischer Gewerbeverband sgv,Schweizerischer Gewerbeverband sgv,≤100
97220294896,SP Schweiz,SP Schweiz,≤100
1483343695307824,Campax,Campax,≤100
102014399307738,Direkt,direkt,≤100
116997334716895,Patrick Römer GLP,Patrick Römer,≤100
115134174862244,perspectivesuisse.ch,IG Wirtschaftsverbände,≤100
8142847754,Jungfreisinnige Schweiz,Jungfreisinnige Schweiz,≤100
259871484198551,Thomas Matter,Thomas Matter,≤100
131066326987,SP Kanton Zürich,SP Kanton Zürich,≤100
1524859774444235,Koalition für Konzernverantwortung,Koalition für Konzernverantwortung,≤100
111081131629685,Blackout stoppen,Volksinitiative «Jederzeit Strom für alle (Blackout stoppen)»,≤100
218538701651843,Union suisse des arts et métiers usam,Schweizerischer Gewerbeverband sgv,≤100
513407995428696,actif-trafiC,actif-trafiC,≤100
291359247729208,PS Suisse,PS Suisse,≤100
100649012962611,Direct,Direct,≤100
1320679421302500,HabitatDurable,Casafair - HabitatDurable,≤100
108625789179165,Soi Dog Foundation,These ads ran without a disclaimer,≤100
103345964761894,Paramount+,These ads ran without a disclaimer,≤100
656462304404326,Служба розшуку дітей,These ads ran without a disclaimer,≤100
335129001940,Young European Swiss - yes,young european swiss,≤100
434325363566608,So Denkt Ein Mann,These ads ran without a disclaimer,≤100
186653498028564,Helvetia Assicurazioni,These ads ran without a disclaimer,≤100
755554214495636,Parti Socialiste Neuchâtelois,Parti socialiste neuchâtelois,≤100
257497631736082,Gletscher-Initiative,Verein Klimaschutz Schweiz,≤100
510352742440847,Coalition pour des multinationales responsables,Coalition pour des multinationales responsables,≤100
103269145789541,Stop au blackout,Initiative populaire « De l’électricité pour tous en tout temps (Stop au blackout) »,≤100
487359271292536,Greator,These ads ran without a disclaimer,≤100
107121279324867,Cosmopolitan DE,These ads ran without a disclaimer,≤100
1709498855937381,Sport Total,These ads ran without a disclaimer,≤100
386551678736949,Philippe Loertscher,Philippe Loertscher,≤100
9814846723,Eric Edmeades,These ads ran without a disclaimer,≤100
1092252917594218,Initiative pour les glaciers,Association suisse pour la protection du climat,≤100
104315628305981,anita_buri_official,These ads ran without a disclaimer,≤100
175478195846132,Les Vert·e·s suisses,Grüne Schweiz,≤100
608650595820049,The Conqueror Challenges,These ads ran without a disclaimer,≤100
102341052904080,Новости Дня,These ads ran without a disclaimer,≤100
180369198646660,Les Verts lausannois,Les Verts lausannois,≤100
267353906619818,Mr. Gugu & Miss Go,These ads ran without a disclaimer,≤100
200905173303222,SCI Switzerland,SCI Switzerland,≤100
104071628384121,Update24,These ads ran without a disclaimer,≤100
1587949341492441,Claudio Zihlmann,Claudio Zihlmann,≤100
115767134890635,Важно Знать,These ads ran without a disclaimer,≤100
232479886816529,Cambridge Institute for Sustainability Leadership,These ads ran without a disclaimer,≤100
109605484115257,Delphine Klopfenstein Broggini,Delphine Klopfenstein Broggini,≤100
245489546137580,Christoph Riner - bodenständige Politik,Christoph Riner - bodenständige Politik,≤100
111392228668074,Срочные Новости,These ads ran without a disclaimer,≤100
104549855835454,avestaevent,These ads ran without a disclaimer,≤100
103617432787229,Ausbrechen aus 9-5,These ads ran without a disclaimer,≤100
1587118544884167,Class Clinic Turkey,These ads ran without a disclaimer,≤100
100932707927740,Stron,These ads ran without a disclaimer,≤100
104124002699691,The Daily Buzz,These ads ran without a disclaimer,≤100
165525366896608,Soka Gakkai,These ads ran without a disclaimer,≤100
111572431777901,Simon Michel in den Nationalrat,Simon Michel in den Nationalrat,≤100
274363159757733,Röser FAM GmbH & Co. KG,These ads ran without a disclaimer,≤100
148771398516342,Literaturforum im Brecht-Haus,These ads ran without a disclaimer,≤100
111132794348779,That Happened,These ads ran without a disclaimer,≤100
106569706154975,Modern Expo,These ads ran without a disclaimer,≤100
221409857875768,World Ocean Review,These ads ran without a disclaimer,≤100
106875275519862,Morocco AM 2023,These ads ran without a disclaimer,≤100
116694038124703,Lkkass1,These ads ran without a disclaimer,≤100
344556287396,Penguin Bücher,These ads ran without a disclaimer,≤100
110215891477092,Entertainment Dude,These ads ran without a disclaimer,≤100
212732770186,Tom MacDonald,These ads ran without a disclaimer,≤100
171195311682401,ParentzTalk - Activities,These ads ran without a disclaimer,≤100
115997651532332,Koolls7,These ads ran without a disclaimer,≤100
100861315358285,Graduatez - Off Campus,These ads ran without a disclaimer,≤100
204223673035117,MBL - Movimento Brasil Livre,These ads ran without a disclaimer,≤100
117105021304811,Bigggie,These ads ran without a disclaimer,≤100
101220519492,Good News from Finland,These ads ran without a disclaimer,≤100
118631361198155,Drivepedia Thrills,These ads ran without a disclaimer,≤100
207268042645317,Macquarie Group,These ads ran without a disclaimer,≤100
216311481960,Bill Gates,These ads ran without a disclaimer,≤100
100210909292882,Loly Stories,These ads ran without a disclaimer,≤100
349791962189803,The Bridesblush Social,These ads ran without a disclaimer,≤100
104101719403874,Kjdfo5,These ads ran without a disclaimer,≤100
113038445165116,Lokassto6,These ads ran without a disclaimer,≤100
365685333954209,Eastwest European Institute,These ads ran without a disclaimer,≤100
107969014843637,Blue Gazette Español,These ads ran without a disclaimer,≤100
147301181997578,Frankfurter Allgemeine Buch,These ads ran without a disclaimer,≤100
1804825019751625,AFPRO,These ads ran without a disclaimer,≤100
100309832136350,legoodsociety,These ads ran without a disclaimer,≤100
101082842736363,The world of reader,These ads ran without a disclaimer,≤100
1044660755566487,Amici di Ndugu Zangu ONLUS - Narrapu Community,These ads ran without a disclaimer,≤100
110949931688601,Rose Sealiy,These ads ran without a disclaimer,≤100
106722117734040,Games Qwik,These ads ran without a disclaimer,≤100
111188005041104,The world of read,These ads ran without a disclaimer,≤100
121153464656804,Herder Pädagogik,These ads ran without a disclaimer,≤100
205332123261241,Знакомства RusDate,These ads ran without a disclaimer,≤100