﻿Page ID,Page name,Disclaimer,Amount spent (CHF)
105527252338650,perspektiveschweiz.ch,IG Wirtschaftsverbände,≤100
169510248558,Die Mitte - Le Centre,Die Mitte,≤100
191859734164694,Pro Infirmis,Pro Infirmis,≤100
97220294896,SP Schweiz,SP Schweiz,≤100
115134174862244,perspectivesuisse.ch,IG Wirtschaftsverbände,≤100
921336971288655,Nagra,Nagra,≤100
131066326987,SP Kanton Zürich,SP Kanton Zürich,≤100
102014399307738,Direkt,direkt,≤100
218538701651843,Union suisse des arts et métiers usam,Schweizerischer Gewerbeverband sgv,≤100
1320679421302500,HabitatDurable,Casafair - HabitatDurable,≤100
434325363566608,So Denkt Ein Mann,These ads ran without a disclaimer,≤100
126289610761942,Grünliberale,Grünliberale,≤100
1483343695307824,Campax,Campax,≤100
169752569742293,Schweizerischer Gewerbeverband sgv,Schweizerischer Gewerbeverband sgv,≤100
100649012962611,Direct,Direct,≤100
291359247729208,PS Suisse,PS Suisse,≤100
194790813901953,Grüne Schweiz,Grüne Schweiz,≤100
1524859774444235,Koalition für Konzernverantwortung,Koalition für Konzernverantwortung,≤100
255506388731408,Biodiversitätsinitiative / Initiative biodiversité,Biodiversitätsinitiative / Initiative biodiversité,≤100
257497631736082,Gletscher-Initiative,Verein Klimaschutz Schweiz,≤100
200905173303222,SCI Switzerland,SCI Switzerland,≤100
232479886816529,Cambridge Institute for Sustainability Leadership,These ads ran without a disclaimer,≤100
656462304404326,Служба розшуку дітей,These ads ran without a disclaimer,≤100
108625789179165,Soi Dog Foundation,These ads ran without a disclaimer,≤100
608650595820049,The Conqueror Challenges,These ads ran without a disclaimer,≤100
267353906619818,Mr. Gugu & Miss Go,These ads ran without a disclaimer,≤100