﻿Page ID,Page name,Disclaimer,Amount spent (CHF)
191859734164694,Pro Infirmis,Pro Infirmis,≤100
169510248558,Die Mitte - Le Centre,Die Mitte,≤100
535897123124799,Jeunes Libéraux-Radicaux Suisse,Jeunes Libéraux-Radicaux Suisses,≤100
115134174862244,perspectivesuisse.ch,IG Wirtschaftsverbände,≤100
175478195846132,Les Vert·e·s suisses,Grüne Schweiz,≤100
921336971288655,Nagra,Nagra,≤100
100649012962611,Direct,Direct,≤100
105527252338650,perspektiveschweiz.ch,IG Wirtschaftsverbände,≤100
126289610761942,Grünliberale,Grünliberale,≤100
291359247729208,PS Suisse,PS Suisse,≤100
103550668590403,Mieux vivre sa vie,Mieux Vivre Sa Vie,≤100
1320679421302500,HabitatDurable,Casafair - HabitatDurable,≤100
97220294896,SP Schweiz,SP Schweiz,≤100
103269145789541,Stop au blackout,Initiative populaire « De l’électricité pour tous en tout temps (Stop au blackout) »,≤100
255506388731408,Biodiversitätsinitiative / Initiative biodiversité,Biodiversitätsinitiative / Initiative biodiversité,≤100
102014399307738,Direkt,direkt,≤100
218538701651843,Union suisse des arts et métiers usam,Schweizerischer Gewerbeverband sgv,≤100
169752569742293,Schweizerischer Gewerbeverband sgv,Schweizerischer Gewerbeverband sgv,≤100
510352742440847,Coalition pour des multinationales responsables,Coalition pour des multinationales responsables,≤100
1483343695307824,Campax,Campax,≤100
154976914534194,Save the Children Schweiz/Suisse,Save the Children Schweiz,≤100
1092252917594218,Initiative pour les glaciers,Association suisse pour la protection du climat,≤100
111081131629685,Blackout stoppen,Volksinitiative «Jederzeit Strom für alle (Blackout stoppen)»,≤100
259871484198551,Thomas Matter,Thomas Matter,≤100
335129001940,Young European Swiss - yes,young european swiss,≤100
1524859774444235,Koalition für Konzernverantwortung,Koalition für Konzernverantwortung,≤100
755554214495636,Parti Socialiste Neuchâtelois,Parti socialiste neuchâtelois,≤100
656462304404326,Служба розшуку дітей,These ads ran without a disclaimer,≤100
386551678736949,Philippe Loertscher,Philippe Loertscher,≤100
186653498028564,Helvetia Assicurazioni,These ads ran without a disclaimer,≤100
194790813901953,Grüne Schweiz,Grüne Schweiz,≤100
257497631736082,Gletscher-Initiative,Verein Klimaschutz Schweiz,≤100
118339071290748,EuroToday,These ads ran without a disclaimer,≤100
1709498855937381,Sport Total,These ads ran without a disclaimer,≤100
131066326987,SP Kanton Zürich,SP Kanton Zürich,≤100
200905173303222,SCI Switzerland,SCI Switzerland,≤100
102341052904080,Новости Дня,These ads ran without a disclaimer,≤100
109605484115257,Delphine Klopfenstein Broggini,Delphine Klopfenstein Broggini,≤100
104315628305981,anita_buri_official,These ads ran without a disclaimer,≤100
104071628384121,Update24,These ads ran without a disclaimer,≤100
487359271292536,Greator,These ads ran without a disclaimer,≤100
103345964761894,Paramount+,These ads ran without a disclaimer,≤100
108625789179165,Soi Dog Foundation,These ads ran without a disclaimer,≤100
115767134890635,Важно Знать,These ads ran without a disclaimer,≤100
110613855397122,Срочные Новости,These ads ran without a disclaimer,≤100
1804825019751625,AFPRO,These ads ran without a disclaimer,≤100
106875275519862,Morocco AM 2023,These ads ran without a disclaimer,≤100
267353906619818,Mr. Gugu & Miss Go,These ads ran without a disclaimer,≤100
111132794348779,That Happened,These ads ran without a disclaimer,≤100
118631361198155,Drivepedia Thrills,These ads ran without a disclaimer,≤100
608650595820049,The Conqueror Challenges,These ads ran without a disclaimer,≤100
216311481960,Bill Gates,These ads ran without a disclaimer,≤100
100861315358285,Graduatez - Off Campus,These ads ran without a disclaimer,≤100
107121279324867,Cosmopolitan DE,These ads ran without a disclaimer,≤100