﻿Page ID,Page name,Disclaimer,Amount spent (CHF)
191859734164694,Pro Infirmis,Pro Infirmis,≤100
169510248558,Die Mitte - Le Centre,Die Mitte,≤100
126289610761942,Grünliberale,Grünliberale,≤100
921336971288655,Nagra,Nagra,≤100
255506388731408,Biodiversitätsinitiative / Initiative biodiversité,Biodiversitätsinitiative / Initiative biodiversité,≤100
169752569742293,Schweizerischer Gewerbeverband sgv,Schweizerischer Gewerbeverband sgv,≤100
154976914534194,Save the Children Schweiz/Suisse,Save the Children Schweiz,≤100
1483343695307824,Campax,Campax,≤100
102014399307738,Direkt,direkt,≤100
259871484198551,Thomas Matter,Thomas Matter,≤100
8142847754,Jungfreisinnige Schweiz,Jungfreisinnige Schweiz,≤100
131066326987,SP Kanton Zürich,SP Kanton Zürich,≤100
97220294896,SP Schweiz,SP Schweiz,≤100
1524859774444235,Koalition für Konzernverantwortung,Koalition für Konzernverantwortung,≤100
218538701651843,Union suisse des arts et métiers usam,Schweizerischer Gewerbeverband sgv,≤100
111081131629685,Blackout stoppen,Volksinitiative «Jederzeit Strom für alle (Blackout stoppen)»,≤100
115134174862244,perspectivesuisse.ch,IG Wirtschaftsverbände,≤100
434325363566608,So Denkt Ein Mann,These ads ran without a disclaimer,≤100
103345964761894,Paramount+,These ads ran without a disclaimer,≤100
335129001940,Young European Swiss - yes,young european swiss,≤100
656462304404326,Служба розшуку дітей,These ads ran without a disclaimer,≤100
186653498028564,Helvetia Assicurazioni,These ads ran without a disclaimer,≤100
257497631736082,Gletscher-Initiative,Verein Klimaschutz Schweiz,≤100
194790813901953,Grüne Schweiz,Grüne Schweiz,≤100
104071628384121,Update24,These ads ran without a disclaimer,≤100
291359247729208,PS Suisse,PS Suisse,≤100
386551678736949,Philippe Loertscher,Philippe Loertscher,≤100
1320679421302500,HabitatDurable,Casafair - HabitatDurable,≤100
1587949341492441,Claudio Zihlmann,Claudio Zihlmann,≤100
105527252338650,perspektiveschweiz.ch,IG Wirtschaftsverbände,≤100
200905173303222,SCI Switzerland,SCI Switzerland,≤100
216311481960,Bill Gates,These ads ran without a disclaimer,≤100
108625789179165,Soi Dog Foundation,These ads ran without a disclaimer,≤100
171195311682401,ParentzTalk - Activities,These ads ran without a disclaimer,≤100
148771398516342,Literaturforum im Brecht-Haus,These ads ran without a disclaimer,≤100
232479886816529,Cambridge Institute for Sustainability Leadership,These ads ran without a disclaimer,≤100
267353906619818,Mr. Gugu & Miss Go,These ads ran without a disclaimer,≤100
102341052904080,Новости Дня,These ads ran without a disclaimer,≤100
608650595820049,The Conqueror Challenges,These ads ran without a disclaimer,≤100
121153464656804,Herder Pädagogik,These ads ran without a disclaimer,≤100
107121279324867,Cosmopolitan DE,These ads ran without a disclaimer,≤100