﻿Page ID,Page name,Disclaimer,Amount spent (CHF),Number of ads in Library
191859734164694,Pro Infirmis,Pro Infirmis,4986,24
105302842574771,FDP.Die Liberalen Kanton Zug,FDP.Die Liberalen Zug,1575,20
216444012216,EDU - UDF (Eidgenössisch-Demokratische Union),EDU - UDF (Eidgenössisch-Demokratische Union),1380,1
169510248558,Die Mitte - Le Centre,Die Mitte,1255,13
921336971288655,Nagra,Nagra,1190,10
194790813901953,Grüne Schweiz,Grüne Schweiz,1142,7
1483343695307824,Campax,Campax,1009,45
105527252338650,perspektiveschweiz.ch,IG Wirtschaftsverbände,887,3
18087904183,PLR,PLR,819,7
15733998334,FDP,FDP,817,7
175478195846132,Les Vert·e·s suisses,Grüne Schweiz,780,4
1524859774444235,Koalition für Konzernverantwortung,Koalition für Konzernverantwortung,699,8
154976914534194,Save the Children Schweiz/Suisse,Save the Children Schweiz,453,18
169752569742293,Schweizerischer Gewerbeverband sgv,Schweizerischer Gewerbeverband sgv,444,8
115134174862244,perspectivesuisse.ch,IG Wirtschaftsverbände,443,3
1092252917594218,Initiative pour les glaciers,Association suisse pour la protection du climat,393,2
257497631736082,Gletscher-Initiative,Verein Klimaschutz Schweiz,391,2
478040605021,Junge Grüne Schweiz,Junge Grüne Schweiz,300,2
2068625050104664,Jeunes Vert•e•x•s Suisse,Junge Grüne Schweiz,300,2
1246741332049284,Union Patronale du Canton de Fribourg,Union Patronale du Canton de Fribourg,300,5
1320679421302500,HabitatDurable,Casafair - HabitatDurable,289,5
102014399307738,Direkt,direkt,280,12
107790305417766,balkanbuero,These ads ran without a disclaimer,264,1
535897123124799,Jeunes Libéraux-Radicaux Suisse,Jeunes Libéraux-Radicaux Suisses,261,8
510352742440847,Coalition pour des multinationales responsables,Coalition pour des multinationales responsables,233,9
386551678736949,Philippe Loertscher,Philippe Loertscher,232,3
1419223321733027,Parti Socialiste Vaudois,PS vaudois,200,2
467929373784855,COA - Coalition animaliste,Coalition animaliste (COA),200,3
112273518443237,JSVP Säntis,JSVP Säntis,180,1
115010674866173,prospettivasvizzera.ch,IG Wirtschaftsverbände,177,3
103074632758864,Natacha Albrecht au Conseil National,Natacha Albrecht au Conseil National,160,2
627220684023668,GRÜNE Zürich,Grüne Kanton Zürich,156,1
109023033782956,Unisanté,Unisanté,156,2
218538701651843,Union suisse des arts et métiers usam,Schweizerischer Gewerbeverband sgv,154,4
36735923253,umverkehR,umverkehR,146,5
291359247729208,PS Suisse,PS Suisse,145,3
259871484198551,Thomas Matter,Thomas Matter,135,3
1426072874321965,Regine Sauter,Regine Sauter,134,38
239846135569,Feinheit,These ads ran without a disclaimer,132,3
389917717803867,SVP Graubünden,SVP Graubünden,119,1
260591187302640,Parti socialiste genevois,Parti socialiste genevois,≤100,2
8142847754,Jungfreisinnige Schweiz,Jungfreisinnige Schweiz,≤100,10
104315628305981,anita_buri_official,These ads ran without a disclaimer,≤100,1
1587949341492441,Claudio Zihlmann,Claudio Zihlmann,≤100,3
301191993250257,Pät Schreiber,These ads ran without a disclaimer,≤100,1
513407995428696,actif-trafiC,actif-trafiC,≤100,2
784812424962943,Tele Z,TELE Z,≤100,1
755554214495636,Parti Socialiste Neuchâtelois,Parti socialiste neuchâtelois,≤100,1
335129001940,Young European Swiss - yes,young european swiss,≤100,2
1557003054590815,Nicola Di Giulio,These ads ran without a disclaimer,≤100,1
178775348914227,FDP.Die Liberalen Kanton Schwyz,FDP Kanton Schwyz,≤100,4
48980326364,Public Eye,Public Eye,≤100,2
779053175529269,Scandales dans le Jura ?,These ads ran without a disclaimer,≤100,2
111081131629685,Blackout stoppen,Volksinitiative «Jederzeit Strom für alle (Blackout stoppen)»,≤100,1
102667148535483,Keller62,These ads ran without a disclaimer,≤100,1
111572431777901,Simon Michel in den Nationalrat,Simon Michel in den Nationalrat,≤100,3
618990544877607,Natalia Ferrara,Natalia Ferrara,≤100,1
102718129475079,Ambil Sandy,Bezirksrichterwahl,≤100,1
789371434477510,GRÜNE Basel-Stadt,Grüne Basel-Stadt,≤100,1
251838211585945,SP Basel-Stadt,SP Basel-Stadt,≤100,1
82752099000,Alternative Liste ZH,Alternative Liste Zürich,≤100,1
939568639723327,Manuela Weichelt - Zugs erste Nationalrätin,Manuela Weichelt,≤100,1
97721121385,Public Eye,Public Eye,≤100,2
121446461263308,SP Kanton Schwyz,SP Kanton Schwyz,≤100,1
1809601932701449,Michael Töngi,Michael Töngi,≤100,1
820391221400929,Unser Stadtrat Florin Scherrer,Unser Stadtrat Florin Scherrer,≤100,2
100649012962611,Direct,Direct,≤100,1
1495300997443986,Vote For Jeff Spencer Rusk County Commissioner Pct. 4,These ads ran without a disclaimer,≤100,1
164442820236221,Jeunes Vert·exs Vaud,Jeunes Vert·exs Vaud,≤100,2
100513788093677,Les Vert-e-s Ville de Genève,Les Vert-e-s Ville de Genève,≤100,2
101882448673,Dezeen,These ads ran without a disclaimer,≤100,1
106254955524910,SVP Binningen,SVP Binningen,≤100,1
606125032803856,alpinavera,These ads ran without a disclaimer,≤100,1
102607622386347,Agissons Suisse,AG!SSONS,≤100,1
111539168454051,Avanti,Avanti,≤100,2
144823068907268,Telebasel,These ads ran without a disclaimer,≤100,2
108204507991414,Zukunft sichern,Allianz für ein JA zur OECD-Mindeststeuer,≤100,4
2151592515105217,Christina Bachmann-Roth,Christina Bachmann-Roth,≤100,1
559497617526674,Pour une Suisse ouverte+souveraine,economiesuisse,≤100,1
245489546137580,Christoph Riner - bodenständige Politik,Christoph Riner - bodenständige Politik,≤100,4
115967858108648,Susanne Dedecke glp,Grünliberale Partei Muhen,≤100,1
120307884715130,Les Vert•e•s Valais - Grüne Wallis,Les Vert•e•s Valais - Grüne Wallis,≤100,1
2011626645562796,Andri Silberschmidt,Komitee Andri Silberschmidt,≤100,1
169078529809379,Work - die Zeitung der Gewerkschaft,These ads ran without a disclaimer,≤100,1
109605484115257,Delphine Klopfenstein Broggini,Delphine Klopfenstein Broggini,≤100,2
122819208305170,Sauvegarde Genève,Sauvegarde Genève,≤100,1
110463704610731,Cute Kiwi,These ads ran without a disclaimer,≤100,1
216178321825717,Partito Socialista Locarno,Partito Socialista - Sezione di Locarno,≤100,1
764858193642975,"Pierre-André Page, Conseiller National",Pierre-André Page,≤100,1
98673036962,ROLDA,These ads ran without a disclaimer,≤100,14
345958796467,Schweizer Parlament – Parlement suisse – Parlamento svizzero,These ads ran without a disclaimer,≤100,1
117275531631620,Le Centre Fribourg-Ville / Die Mitte Stadt Freiburg,Le Centre Fribourg-Ville / Die Mitte Stadt Freiburg,≤100,1
814564312064769,Kurt Raffl agrarkurtsystem,These ads ran without a disclaimer,≤100,1
114464063529974,CleverPips - Best Trading Signals,These ads ran without a disclaimer,≤100,1
110251981859456,Lecinena.fr,These ads ran without a disclaimer,≤100,1
100309832136350,legoodsociety,These ads ran without a disclaimer,≤100,4
106695651835392,Riyadh Expo 2030,These ads ran without a disclaimer,≤100,2
205332123261241,Знакомства RusDate,These ads ran without a disclaimer,≤100,2
959181734134292,World of Models,These ads ran without a disclaimer,≤100,1
141853552532665,Romana Heuberger - Stadtratskandidatin,Romana Heuberger - Stadtratskandidatin,≤100,1
118339071290748,EuroToday,These ads ran without a disclaimer,≤100,2
467503303605894,PLR Castel San Pietro,PLR Castel San Pietro,≤100,1
365685333954209,Eastwest European Institute,These ads ran without a disclaimer,≤100,5
1505333196415332,Côte d'Azur - школа французької мови,These ads ran without a disclaimer,≤100,1
106311266104289,Die Mitte Kanton Luzern,Die Mitte Kanton Luzern,≤100,1
180945471920826,boot Düsseldorf,These ads ran without a disclaimer,≤100,1
117178631334049,Spanisch online lernen,These ads ran without a disclaimer,≤100,1
320448867991685,My Happy Retreats & BreathCoaching,These ads ran without a disclaimer,≤100,1
2525584750795209,Nina Fehr Düsel,Nina Fehr Düsel,≤100,1
103750541119486,dieverpeilte,These ads ran without a disclaimer,≤100,1
102138141748341,封神异世录,These ads ran without a disclaimer,≤100,1
103658718861482,Primeclass Photo,These ads ran without a disclaimer,≤100,6
231720020225801,BSH Home Appliances,These ads ran without a disclaimer,≤100,1
267353906619818,Mr. Gugu & Miss Go,These ads ran without a disclaimer,≤100,2
125472787201442,Европейские вести,These ads ran without a disclaimer,≤100,1
238982909481105,Les Vert·e·s Genevois·es,Les Vert-e-s genevois-es,≤100,1
121153464656804,Herder Pädagogik,These ads ran without a disclaimer,≤100,3
213332108707636,TradeBeyond,These ads ran without a disclaimer,≤100,1
104971697913672,Recht 24/7,These ads ran without a disclaimer,≤100,1
187766727949541,Deportivo Alavés,These ads ran without a disclaimer,≤100,5
27483848246,Giro d'Italia,These ads ran without a disclaimer,≤100,1
206382352722433,Japan Today,These ads ran without a disclaimer,≤100,1
113854107066022,Turkun KILIC - Astropsy,These ads ran without a disclaimer,≤100,2
1802248836771260,Weird Little Tales,These ads ran without a disclaimer,≤100,1
102500518635499,ENTR en,These ads ran without a disclaimer,≤100,1
106875925506577,Formula XN Ecommerce,These ads ran without a disclaimer,≤100,2
117643594692710,Gleb Karakulov,These ads ran without a disclaimer,≤100,1
107347318124916,EUCannaJobs,These ads ran without a disclaimer,≤100,1
109834054543701,SolarButterfly,These ads ran without a disclaimer,≤100,1
114230203654958,21 Kutatóközpont,These ads ran without a disclaimer,≤100,1
107783088781879,oceanpurposeproject,These ads ran without a disclaimer,≤100,1
111622410196045,State of Youth,These ads ran without a disclaimer,≤100,1
389165857845955,LGT Private Banking,These ads ran without a disclaimer,≤100,1
852370551453606,GARP,These ads ran without a disclaimer,≤100,3
104045279013024,The Travel Protagonist,These ads ran without a disclaimer,≤100,1
217519028785017,Nature Research Custom Media,These ads ran without a disclaimer,≤100,1
101837288924546,Muslimi,These ads ran without a disclaimer,≤100,2
150793518281117,Covestro,These ads ran without a disclaimer,≤100,1
1919192811663245,My Voice For The Poor,These ads ran without a disclaimer,≤100,1
296438217073791,11th Hour Racing,These ads ran without a disclaimer,≤100,1
904616509704178,KAWA News,These ads ran without a disclaimer,≤100,2
103497027790225,Fonos,These ads ran without a disclaimer,≤100,1
114369171646148,realismo_capitalista,These ads ran without a disclaimer,≤100,2
128787593816071,TWOTHIRDS,These ads ran without a disclaimer,≤100,2
102023009327901,Global Compassion Coalition,These ads ran without a disclaimer,≤100,1
864782036884201,Akademia Wychowania,These ads ran without a disclaimer,≤100,6
140081909339594,Topcon Positioning Systems,These ads ran without a disclaimer,≤100,1
101351691906645,The Primary Market - News,These ads ran without a disclaimer,≤100,2
699949530371427,Life Listener,These ads ran without a disclaimer,≤100,1
147710335240518,Eindhovens Dagblad,These ads ran without a disclaimer,≤100,1
107854194384812,Viral Trends,These ads ran without a disclaimer,≤100,1
101311725669928,Gethappyday,These ads ran without a disclaimer,≤100,2
202196693162175,Le Nouvelliste,These ads ran without a disclaimer,≤100,2
106736149108405,Nadezhda Artemewa,These ads ran without a disclaimer,≤100,3
100845588853008,Pop Today Fun,These ads ran without a disclaimer,≤100,2
119591011098917,Tomorrow.Mobility,These ads ran without a disclaimer,≤100,1
112369068186246,Funnypeoplespace - Stories,These ads ran without a disclaimer,≤100,1
299227550122220,Radio Cina Internazionale,These ads ran without a disclaimer,≤100,1
124340177284061,TomorrowBuilding,These ads ran without a disclaimer,≤100,1
344556287396,Penguin Bücher,These ads ran without a disclaimer,≤100,3
103652742010448,International Holdings,These ads ran without a disclaimer,≤100,1
229016223825675,Shoebox Benny,These ads ran without a disclaimer,≤100,2
111132794348779,That Happened,These ads ran without a disclaimer,≤100,2
113864178277471,Eco Mindset,These ads ran without a disclaimer,≤100,3
134470763282957,European Union in Israel,These ads ran without a disclaimer,≤100,1
1220981994590364,FT Partner Content,These ads ran without a disclaimer,≤100,7
391935651172077,Платформа соціальних змін,These ads ran without a disclaimer,≤100,1
155438574470276,DW українською,These ads ran without a disclaimer,≤100,1
111679394767549,المشروع القومي لمشتقات البلازما,These ads ran without a disclaimer,≤100,1
1096538887134446,Reuters Plus,These ads ran without a disclaimer,≤100,1
256170321938350,Natasha King Tammy Taylor Mrs SA Finalist 2019,These ads ran without a disclaimer,≤100,1
103393035778315,Alotofstylewe.com,These ads ran without a disclaimer,≤100,2
102795885694138,milokibullz,These ads ran without a disclaimer,≤100,1
223495844457800,China Plus Culture,These ads ran without a disclaimer,≤100,1
109882388446535,Funnypeoplespace - Magazine,These ads ran without a disclaimer,≤100,1
608578919186659,World Vision International,These ads ran without a disclaimer,≤100,1
101773359041345,Con B de Bienestar,These ads ran without a disclaimer,≤100,1
102998939765184,Persian bms,These ads ran without a disclaimer,≤100,1
100451933698060,AdVenture Communist,These ads ran without a disclaimer,≤100,1
104474278112457,Thiago Albuquerque,These ads ran without a disclaimer,≤100,1
117345834653901,This is Beirut,These ads ran without a disclaimer,≤100,1
102023751671829,Nature Italy,These ads ran without a disclaimer,≤100,1
231575074011232,Landesbank Baden-Württemberg,These ads ran without a disclaimer,≤100,1
100168528978115,It's Time to Chill,These ads ran without a disclaimer,≤100,1
102371144884962,TVBee World,These ads ran without a disclaimer,≤100,1
101391035984198,Pr Daniel Carvalho,These ads ran without a disclaimer,≤100,1