﻿Page ID,Page name,Disclaimer,Amount spent (CHF)
191859734164694,Pro Infirmis,Pro Infirmis,376
18087904183,PLR,PLR,104
220137094989562,BRITA Schweiz,These ads ran without a disclaimer,≤100
169510248558,Die Mitte - Le Centre,Die Mitte,≤100
115010674866173,prospettivasvizzera.ch,IG Wirtschaftsverbände,≤100
921336971288655,Nagra,Nagra,≤100
106373899175448,Offiziell,These ads ran without a disclaimer,≤100
202907189862969,Verdi Liberali,Parti vert'libéral Suisse,≤100
126289610761942,Grünliberale,Grünliberale,≤100
97721121385,Public Eye,Public Eye,≤100
15733998334,FDP,FDP,≤100
105527252338650,perspektiveschweiz.ch,IG Wirtschaftsverbände,≤100
48980326364,Public Eye,Public Eye,≤100
97220294896,SP Schweiz,SP Schweiz,≤100
102014399307738,Direkt,direkt,≤100
353969997649,Partito Comunista - Svizzera,Partito Comunista,≤100
255506388731408,Biodiversitätsinitiative / Initiative biodiversité,Biodiversitätsinitiative / Initiative biodiversité,≤100
179829952053386,Vert'libéraux,Parti vert'libéral Suisse,≤100
115134174862244,perspectivesuisse.ch,IG Wirtschaftsverbände,≤100
103269145789541,Stop au blackout,Initiative populaire « De l’électricité pour tous en tout temps (Stop au blackout) »,≤100
291359247729208,PS Suisse,PS Suisse,≤100
111081131629685,Blackout stoppen,Volksinitiative «Jederzeit Strom für alle (Blackout stoppen)»,≤100
100649012962611,Direct,Direct,≤100
169752569742293,Schweizerischer Gewerbeverband sgv,Schweizerischer Gewerbeverband sgv,≤100
124881880957569,SP Stadt St.Gallen,SP Stadt St.Gallen,≤100
200905173303222,SCI Switzerland,SCI Switzerland,≤100
1027844850652657,Boomerang Ideas,Boomerang Ideas AG,≤100
259871484198551,Thomas Matter,Thomas Matter,≤100
108625789179165,Soi Dog Foundation,These ads ran without a disclaimer,≤100
103345964761894,Paramount+,These ads ran without a disclaimer,≤100
51415837765,Greenpeace Switzerland,Greenpeace Switzerland,≤100
194790813901953,Grüne Schweiz,Grüne Schweiz,≤100
154169121389246,SP Frauen Schweiz,SP Frauen Schweiz,≤100
1483343695307824,Campax,Campax,≤100
1320679421302500,HabitatDurable,Casafair - HabitatDurable,≤100
663585810465294,Femmes socialistes suisses,Femmes socialistes suisses,≤100
267353906619818,Mr. Gugu & Miss Go,These ads ran without a disclaimer,≤100
1524954517562834,Prominis,Prominis GmbH,≤100
1709498855937381,Sport Total,These ads ran without a disclaimer,≤100
298053910883787,Walkers Garage,These ads ran without a disclaimer,≤100
1398006463750067,Clément Lefer - Filmmaker,These ads ran without a disclaimer,≤100
175478195846132,Les Vert·e·s suisses,Grüne Schweiz,≤100
204223673035117,MBL - Movimento Brasil Livre,These ads ran without a disclaimer,≤100
131066326987,SP Kanton Zürich,SP Kanton Zürich,≤100
1587949341492441,Claudio Zihlmann,Claudio Zihlmann,≤100
113447613420674,Waterfall Security Solutions,These ads ran without a disclaimer,≤100
192141070816301,Orciani,These ads ran without a disclaimer,≤100
116555654823014,TVP info,These ads ran without a disclaimer,≤100
561908393846979,Liebherr Construction,These ads ran without a disclaimer,≤100
100247219402175,The Clever Protagonist,These ads ran without a disclaimer,≤100
205332123261241,Знакомства RusDate,These ads ran without a disclaimer,≤100
1835697853318818,"Volvo Construction Equipment - Europe, Middle East and Africa",These ads ran without a disclaimer,≤100
104893699219640,supetersohn,These ads ran without a disclaimer,≤100
106569706154975,Modern Expo,These ads ran without a disclaimer,≤100
102635655320437,Number Match - Logic Puzzle Game,These ads ran without a disclaimer,≤100
250305668489402,Professor Kenny,These ads ran without a disclaimer,≤100
120501694635455,Primum Familiae Vini,These ads ran without a disclaimer,≤100
434325363566608,So Denkt Ein Mann,These ads ran without a disclaimer,≤100
113104278408771,Ayira,These ads ran without a disclaimer,≤100
138457552871898,Live Aqua Beach Resort Cancun,These ads ran without a disclaimer,≤100
111188005041104,The world of read,These ads ran without a disclaimer,≤100
216311481960,Bill Gates,These ads ran without a disclaimer,≤100