﻿Page ID,Page name,Disclaimer,Amount spent (CHF)
220137094989562,BRITA Schweiz,These ads ran without a disclaimer,616
191859734164694,Pro Infirmis,Pro Infirmis,284
106373899175448,Offiziell,These ads ran without a disclaimer,200
126289610761942,Grünliberale,Grünliberale,151
169510248558,Die Mitte - Le Centre,Die Mitte,125
15733998334,FDP,FDP,≤100
245489546137580,Christoph Riner - bodenständige Politik,Christoph Riner - bodenständige Politik,≤100
921336971288655,Nagra,Nagra,≤100
8142847754,Jungfreisinnige Schweiz,Jungfreisinnige Schweiz,≤100
255506388731408,Biodiversitätsinitiative / Initiative biodiversité,Biodiversitätsinitiative / Initiative biodiversité,≤100
105527252338650,perspektiveschweiz.ch,IG Wirtschaftsverbände,≤100
106300899437929,Patrick Hässig,Patrick Hässig,≤100
97220294896,SP Schweiz,SP Schweiz,≤100
102014399307738,Direkt,direkt,≤100
154976914534194,Save the Children Schweiz/Suisse,Save the Children Schweiz,≤100
18087904183,PLR,PLR,≤100
1524954517562834,Prominis,Prominis GmbH,≤100
259871484198551,Thomas Matter,Thomas Matter,≤100
131066326987,SP Kanton Zürich,SP Kanton Zürich,≤100
48980326364,Public Eye,Public Eye,≤100
97721121385,Public Eye,Public Eye,≤100
202907189862969,Verdi Liberali,Parti vert'libéral Suisse,≤100
154169121389246,SP Frauen Schweiz,SP Frauen Schweiz,≤100
194790813901953,Grüne Schweiz,Grüne Schweiz,≤100
103345964761894,Paramount+,These ads ran without a disclaimer,≤100
1483343695307824,Campax,Campax,≤100
434325363566608,So Denkt Ein Mann,These ads ran without a disclaimer,≤100
51415837765,Greenpeace Switzerland,Greenpeace Switzerland,≤100
169752569742293,Schweizerischer Gewerbeverband sgv,Schweizerischer Gewerbeverband sgv,≤100
111081131629685,Blackout stoppen,Volksinitiative «Jederzeit Strom für alle (Blackout stoppen)»,≤100
179829952053386,Vert'libéraux,Parti vert'libéral Suisse,≤100
2151592515105217,Christina Bachmann-Roth,Christina Bachmann-Roth,≤100
298053910883787,Walkers Garage,These ads ran without a disclaimer,≤100
289772074451810,FDP.Die Liberalen Aargau,FDP.Die Liberalen Aargau,≤100
115134174862244,perspectivesuisse.ch,IG Wirtschaftsverbände,≤100
124881880957569,SP Stadt St.Gallen,SP Stadt St.Gallen,≤100
811451112243983,Grünliberale Basel-Stadt,Grünliberale Basel-Stadt,≤100
108625789179165,Soi Dog Foundation,These ads ran without a disclaimer,≤100
139016370161,PINK CROSS / Swiss Gay Federation,Pink Cross,≤100
103269145789541,Stop au blackout,Initiative populaire « De l’électricité pour tous en tout temps (Stop au blackout) »,≤100
104071628384121,Update24,These ads ran without a disclaimer,≤100
291359247729208,PS Suisse,PS Suisse,≤100
102718129475079,Ambil Sandy,Bezirksrichterwahl,≤100
1709498855937381,Sport Total,These ads ran without a disclaimer,≤100
200905173303222,SCI Switzerland,SCI Switzerland,≤100
100649012962611,Direct,Direct,≤100
82752099000,Alternative Liste ZH,Alternative Liste Zürich,≤100
1320679421302500,HabitatDurable,Casafair - HabitatDurable,≤100
113447613420674,Waterfall Security Solutions,These ads ran without a disclaimer,≤100
267353906619818,Mr. Gugu & Miss Go,These ads ran without a disclaimer,≤100
1027844850652657,Boomerang Ideas,Boomerang Ideas AG,≤100
121153464656804,Herder Pädagogik,These ads ran without a disclaimer,≤100
663585810465294,Femmes socialistes suisses,Femmes socialistes suisses,≤100
104893699219640,supetersohn,These ads ran without a disclaimer,≤100
541309512604876,Verbier International School,These ads ran without a disclaimer,≤100
1640697292826768,Valiant,These ads ran without a disclaimer,≤100
588623241193743,Zürcher Unterländer,These ads ran without a disclaimer,≤100
391935651172077,Платформа соціальних змін,These ads ran without a disclaimer,≤100
180520171996876,IslamInSpanish,These ads ran without a disclaimer,≤100
204223673035117,MBL - Movimento Brasil Livre,These ads ran without a disclaimer,≤100
1398006463750067,Clément Lefer - Filmmaker,These ads ran without a disclaimer,≤100
106803408804138,House Of Fun,These ads ran without a disclaimer,≤100
101879736296720,European News,These ads ran without a disclaimer,≤100
118339071290748,EuroToday,These ads ran without a disclaimer,≤100
102635655320437,Number Match - Logic Puzzle Game,These ads ran without a disclaimer,≤100
113058865019747,Cocobowls,These ads ran without a disclaimer,≤100
100608205575732,idealolife,These ads ran without a disclaimer,≤100
205332123261241,Знакомства RusDate,These ads ran without a disclaimer,≤100
561908393846979,Liebherr Construction,These ads ran without a disclaimer,≤100
907567945950773,Bob Peters,These ads ran without a disclaimer,≤100
216311481960,Bill Gates,These ads ran without a disclaimer,≤100
344556287396,Penguin Bücher,These ads ran without a disclaimer,≤100
113104278408771,Ayira,These ads ran without a disclaimer,≤100
101030739685935,FB Connector 1,These ads ran without a disclaimer,≤100