﻿Page ID,Page name,Disclaimer,Amount spent (CHF)
220137094989562,BRITA Schweiz,These ads ran without a disclaimer,2077
1426072874321965,Regine Sauter,Regine Sauter,2030
191859734164694,Pro Infirmis,Pro Infirmis,708
106373899175448,Offiziell,These ads ran without a disclaimer,566
169510248558,Die Mitte - Le Centre,Die Mitte,351
126289610761942,Grünliberale,Grünliberale,326
194790813901953,Grüne Schweiz,Grüne Schweiz,269
103426324579756,Ein Lohn zum Leben,Ein Lohn zum Leben,247
15733998334,FDP,FDP,188
255506388731408,Biodiversitätsinitiative / Initiative biodiversité,Biodiversitätsinitiative / Initiative biodiversité,137
82752099000,Alternative Liste ZH,Alternative Liste Zürich,130
231320586878427,Hauseigentümerverband (HEV) Region Winterthur,Hauseigentümerverband Region Winterthur,124
921336971288655,Nagra,Nagra,122
84150672409,SP Stadt Zürich,SP Stadt Zürich,121
36735923253,umverkehR,umverkehR,106
8142847754,Jungfreisinnige Schweiz,Jungfreisinnige Schweiz,104
106300899437929,Patrick Hässig,Patrick Hässig,103
1587949341492441,Claudio Zihlmann,Claudio Zihlmann,≤100
105373170818382,Romaine Rogenmoser,Romaine Rogenmoser,≤100
97220294896,SP Schweiz,SP Schweiz,≤100
102014399307738,Direkt,direkt,≤100
154976914534194,Save the Children Schweiz/Suisse,Save the Children Schweiz,≤100
105527252338650,perspektiveschweiz.ch,IG Wirtschaftsverbände,≤100
131066326987,SP Kanton Zürich,SP Kanton Zürich,≤100
1483343695307824,Campax,Campax,≤100
18087904183,PLR,PLR,≤100
154169121389246,SP Frauen Schweiz,SP Frauen Schweiz,≤100
259871484198551,Thomas Matter,Thomas Matter,≤100
1524954517562834,Prominis,Prominis GmbH,≤100
116820001327246,Madame Buraka,These ads ran without a disclaimer,≤100
179829952053386,Vert'libéraux,Parti vert'libéral Suisse,≤100
97721121385,Public Eye,Public Eye,≤100
48980326364,Public Eye,Public Eye,≤100
202907189862969,Verdi Liberali,Parti vert'libéral Suisse,≤100
434325363566608,So Denkt Ein Mann,These ads ran without a disclaimer,≤100
103345964761894,Paramount+,These ads ran without a disclaimer,≤100
139016370161,PINK CROSS / Swiss Gay Federation,Pink Cross,≤100
111081131629685,Blackout stoppen,Volksinitiative «Jederzeit Strom für alle (Blackout stoppen)»,≤100
588623241193743,Zürcher Unterländer,These ads ran without a disclaimer,≤100
51415837765,Greenpeace Switzerland,Greenpeace Switzerland,≤100
169752569742293,Schweizerischer Gewerbeverband sgv,Schweizerischer Gewerbeverband sgv,≤100
115134174862244,perspectivesuisse.ch,IG Wirtschaftsverbände,≤100
119045178123830,Die Mitte Kanton Zug,Die Mitte Kanton Zug,≤100
108625789179165,Soi Dog Foundation,These ads ran without a disclaimer,≤100
291359247729208,PS Suisse,PS Suisse,≤100
289772074451810,FDP.Die Liberalen Aargau,FDP.Die Liberalen Aargau,≤100
100649012962611,Direct,Direct,≤100
298053910883787,Walkers Garage,These ads ran without a disclaimer,≤100
103269145789541,Stop au blackout,Initiative populaire « De l’électricité pour tous en tout temps (Stop au blackout) »,≤100
124881880957569,SP Stadt St.Gallen,SP Stadt St.Gallen,≤100
267353906619818,Mr. Gugu & Miss Go,These ads ran without a disclaimer,≤100
113447613420674,Waterfall Security Solutions,These ads ran without a disclaimer,≤100
200905173303222,SCI Switzerland,SCI Switzerland,≤100
111572431777901,Simon Michel in den Nationalrat,Simon Michel in den Nationalrat,≤100
1320679421302500,HabitatDurable,Casafair - HabitatDurable,≤100
102718129475079,Ambil Sandy,Bezirksrichterwahl,≤100
663585810465294,Femmes socialistes suisses,Femmes socialistes suisses,≤100
1709498855937381,Sport Total,These ads ran without a disclaimer,≤100
104071628384121,Update24,These ads ran without a disclaimer,≤100
1027844850652657,Boomerang Ideas,Boomerang Ideas AG,≤100
245489546137580,Christoph Riner - bodenständige Politik,Christoph Riner - bodenständige Politik,≤100
204223673035117,MBL - Movimento Brasil Livre,These ads ran without a disclaimer,≤100
216311481960,Bill Gates,These ads ran without a disclaimer,≤100
175478195846132,Les Vert·e·s suisses,Grüne Schweiz,≤100
107697778980706,Migros-Pionierfonds,These ads ran without a disclaimer,≤100
541309512604876,Verbier International School,These ads ran without a disclaimer,≤100
907567945950773,Bob Peters,These ads ran without a disclaimer,≤100
110034544039883,mel__prof,These ads ran without a disclaimer,≤100
108650374829229,Go Green Magazin,These ads ran without a disclaimer,≤100
324765221690190,The Gallery Nyon,These ads ran without a disclaimer,≤100
101879736296720,European News,These ads ran without a disclaimer,≤100
1640697292826768,Valiant,These ads ran without a disclaimer,≤100
230875547030767,Serge Ferrari,These ads ran without a disclaimer,≤100
192141070816301,Orciani,These ads ran without a disclaimer,≤100
102019031890024,Cooking 4 All Life,These ads ran without a disclaimer,≤100
100608205575732,idealolife,These ads ran without a disclaimer,≤100
116555654823014,TVP info,These ads ran without a disclaimer,≤100
205332123261241,Знакомства RusDate,These ads ran without a disclaimer,≤100
180520171996876,IslamInSpanish,These ads ran without a disclaimer,≤100
2249754965261552,GAM,These ads ran without a disclaimer,≤100
1417693954961034,Nario,These ads ran without a disclaimer,≤100
391935651172077,Платформа соціальних змін,These ads ran without a disclaimer,≤100
108573474712058,Rising Gaze Productions,These ads ran without a disclaimer,≤100
105049329308118,World News US,These ads ran without a disclaimer,≤100
1398006463750067,Clément Lefer - Filmmaker,These ads ran without a disclaimer,≤100
118339071290748,EuroToday,These ads ran without a disclaimer,≤100
106569706154975,Modern Expo,These ads ran without a disclaimer,≤100
113058865019747,Cocobowls,These ads ran without a disclaimer,≤100
104893699219640,supetersohn,These ads ran without a disclaimer,≤100
1277035072390355,Battle Born Batteries,These ads ran without a disclaimer,≤100
102773638649611,Bruno Pereira,These ads ran without a disclaimer,≤100
1726245097497220,Cognac Frapin,These ads ran without a disclaimer,≤100
111188005041104,The world of read,These ads ran without a disclaimer,≤100
118631361198155,Drivepeeedia,These ads ran without a disclaimer,≤100
155438574470276,DW українською,These ads ran without a disclaimer,≤100
113104278408771,Ayira,These ads ran without a disclaimer,≤100
101030739685935,FB Connector 1,These ads ran without a disclaimer,≤100
1835697853318818,"Volvo Construction Equipment - Europe, Middle East and Africa",These ads ran without a disclaimer,≤100
102953441994382,Your Ruling Planet - Lifestyle,These ads ran without a disclaimer,≤100
106875275519862,Morocco AM 2023,These ads ran without a disclaimer,≤100
149290745229517,Online Antisemitism Task Force,These ads ran without a disclaimer,≤100
102635655320437,Number Match - Logic Puzzle Game,These ads ran without a disclaimer,≤100
344556287396,Penguin Bücher,These ads ran without a disclaimer,≤100
561908393846979,Liebherr Construction,These ads ran without a disclaimer,≤100
121153464656804,Herder Pädagogik,These ads ran without a disclaimer,≤100
100598976023350,T Talk,These ads ran without a disclaimer,≤100
120501694635455,Primum Familiae Vini,These ads ran without a disclaimer,≤100