﻿Page ID,Page name,Disclaimer,Amount spent (CHF)
105302842574771,FDP.Die Liberalen Kanton Zug,FDP.Die Liberalen Zug,320
1003078936442534,Zuger Wirtschaftskammer,Zuger Wirtschaftskammer,231
100332749664541,Ja zum Klimaschutz-Gesetz,JA zum Klimaschutz,215
126289610761942,Grünliberale,Grünliberale,151
119186944514904,Unabhängige Schweiz - Unabhängige Energieversorgung,Klima Allianz,≤100
169510248558,Die Mitte - Le Centre,Die Mitte,≤100
721730891185276,Alternative - die Grünen Kanton Zug,Alternative - die Grünen Zug,≤100
194790813901953,Grüne Schweiz,Grüne Schweiz,≤100
349450293419,Schweizerische Energie-Stiftung SES,Schweizerische Energie-Stiftung SES,≤100
265643696789735,Junge Alternative Zug,Junge Alternative Zug,≤100
105023728023626,Forum Wirtschaftsstandort Schweiz,Swissholdings,≤100
106459178771498,Antonia Martina Durisch,Antonia Martina Durisch,≤100
334655940216136,Nein zum Stromfresser-Gesetz,Nein zum Stromfresser-Gesetz,≤100
100109808734387,Schweizer Wirtschaft für das Klimagesetz,Schweizer Wirtschaft für das Klimagesetzt,≤100
108204507991414,Zukunft sichern,Allianz für ein JA zur OECD-Mindeststeuer,≤100
107793295629503,Tourismus für das Klimagesetz,Tourismuskomitee «JA zum Klimagesetz»,≤100
147201418675114,Swissmem,Swissmem,≤100
375071409495559,Future 3 I de,Fondation Future 3.0,≤100
1027844850652657,Boomerang Ideas,Boomerang Ideas AG,≤100
1524859774444235,Koalition für Konzernverantwortung,Koalition für Konzernverantwortung,≤100
257497631736082,Gletscher-Initiative,Verein Klimaschutz Schweiz,≤100
1012263022170223,HotellerieSuisse,HotellerieSuisse,≤100
1199285680176885,izzy,Verein Klimaschutz Schweiz,≤100
309380022477251,Casafair,Casafair,≤100
100257256973322,Stark+vernetzt,stark + vernetzt,≤100
102014399307738,Direkt,direkt,≤100
97220294896,SP Schweiz,SP Schweiz,≤100
1886381148253031,Économie suisse pour la loi climat,Économie Suisse pour la loi climat,≤100
317621515059377,Lucerne Clinic,These ads ran without a disclaimer,≤100
179829952053386,Vert'libéraux,Parti vert'libéral Suisse,≤100
1659576160959696,Guido Fluri Stiftung,Guido Fluri Stiftung,≤100
106321615725425,Oui à la Loi climat,Oui à la loi climat,≤100
220428444749354,FDP.Die Liberalen Stadt Zug,Alexander Kyburz,≤100
103915262545181,KMU geprüft,KMU geprüft,≤100
48980326364,Public Eye,Public Eye,≤100
921336971288655,Nagra,Nagra,≤100
104434902404462,SI all' imposta minima dell'OCSE,Alleanza per la riforma dell’imposta preventiva,≤100
179845512038427,swisscleantech,swisscleantech,≤100
36735923253,umverkehR,umverkehR,≤100
8142847754,Jungfreisinnige Schweiz,Jungfreisinnige Schweiz,≤100
15733998334,FDP,FDP,≤100
348181055257294,suisse.ing - Top of Engineering,suisse.ing,≤100
1524954517562834,Prominis,Prominis GmbH,≤100
1769803096579445,Grünliberale Bezirk Horgen,Adrian Furger,≤100
110533229026103,EVP / PEV,EVP Schweiz,≤100
51415837765,Greenpeace Switzerland,Greenpeace Switzerland,≤100
784812424962943,Tele Z,TELE Z,≤100
162373287239957,SVP Schweiz,SVP Schweiz,≤100
1220118614712552,Non à la loi sur le gaspillage de l'électricité,Non à la loi sur le gaspillage de l'électricité,≤100
154976914534194,Save the Children Schweiz/Suisse,Save the Children Schweiz,≤100
1483343695307824,Campax,Campax,≤100
122482160824623,vvvote.ch,vvvote,≤100
1131283210260777,Future 3,Fondation Future 3.0,≤100
1964006623854188,Christoph Zimmerli,Christoph Zimmerli,≤100
106305221949785,Grünliberale Kanton Zug,Tabea Estermann,≤100
125466200895962,Valentin Landmann,Sven Kunz,≤100
97721121385,Public Eye,Public Eye,≤100
218538701651843,Union suisse des arts et métiers usam,Schweizerischer Gewerbeverband sgv,≤100
107552952619935,WWF Schweiz,WWF Schweiz,≤100
169752569742293,Schweizerischer Gewerbeverband sgv,Schweizerischer Gewerbeverband sgv,≤100
102718129475079,Ambil Sandy,Sandy Iwan Ambil,≤100
132497703498525,Pro Velo Schweiz,Pro Velo Schweiz,≤100
737971436234272,StrategieDialog21,StrategieDialog21,≤100
111081131629685,Blackout stoppen,Volksinitiative «Jederzeit Strom für alle (Blackout stoppen)»,≤100
202907189862969,Verdi Liberali,Parti vert'libéral Suisse,≤100
259871484198551,Thomas Matter,Thomas Matter,≤100
1951249848443600,Protect Our Winters Switzerland,Protect Our Winters Switzerland,≤100
100844786282093,SÌ alla Legge clima,Sì alla legge clima,≤100
113523098408774,Hight vol,These ads ran without a disclaimer,≤100
489922187805696,Junge SVP Kanton Bern,Junge SVP Kanton Bern,≤100
1320679421302500,HabitatDurable,Casafair - HabitatDurable,≤100
2151592515105217,Christina Bachmann-Roth,Christina Bachmann-Roth,≤100
291359247729208,PS Suisse,PS Suisse,≤100
510352742440847,Coalition pour des multinationales responsables,Coalition pour des multinationales responsables,≤100
200905173303222,"SCI Switzerland (Schweiz, Suisse, Svizzera)","SCI Switzerland (Schweiz, Suisse, Svizzera)",≤100
2011626645562796,Andri Silberschmidt,Komitee Andri Silberschmidt,≤100
307334649460021,Axpo,These ads ran without a disclaimer,≤100
216444012216,EDU - UDF (Eidgenössisch-Demokratische Union),Eidgenössisch-Demokratische Union Schweiz,≤100
289772074451810,FDP.Die Liberalen Aargau,FDP.Die Liberalen Aargau,≤100
220197041662012,Kleinbauern-Vereinigung / Petits paysans,Kleinbauern-Vereinigung VKMB,≤100
212297922293183,UDC Suisse,UDC Suisse,≤100
2525584750795209,Nina Fehr Düsel,Nina Fehr Düsel,≤100
18087904183,PLR,PLR,≤100
161745967293191,"Joël Thüring, Grossrat Kanton Basel-Stadt","Joël Thüring, Grossrat Kanton Basel-Stadt",≤100
104629494647727,Hypnoakademi,These ads ran without a disclaimer,≤100
820391221400929,Unser Stadtrat Florin Scherrer,Unser Stadtrat Florin Scherrer,≤100
335129001940,Young European Swiss - yes,young european swiss,≤100
100904822517086,Non-trivial,These ads ran without a disclaimer,≤100
117556978003623,TS News,These ads ran without a disclaimer,≤100
251838211585945,SP Basel-Stadt,SP Basel-Stadt,≤100
106311266104289,Die Mitte Kanton Luzern,Die Mitte Kanton Luzern,≤100
265786100439644,Grüne Freie Liste Stadt Bern,Grüne Freie Liste Stadt Bern,≤100
117834861190392,__klartext,These ads ran without a disclaimer,≤100
110388535169611,Energieportalschweiz.ch,These ads ran without a disclaimer,≤100
105267088402300,Komisija Bijelih Traka - Commission Brassards Blancs,These ads ran without a disclaimer,≤100
104876762596450,Bitcoin Era,These ads ran without a disclaimer,≤100
267353906619818,Mr. Gugu & Miss Go,These ads ran without a disclaimer,≤100
103520459311864,Oliver Dürr in den Nationalrat,Oliver Dürr in den Nationalrat,≤100
100443989708498,Schuldenbremse Aarau JA,Schuldenbremse Aarau JA,≤100
103520459311864,Oliver Dürr in den Nationalrat,Oliver Dürr,≤100
1468015706558049,Moodys Tax,These ads ran without a disclaimer,≤100
687589164666184,MasterClass,These ads ran without a disclaimer,≤100
1656590977890066,IDEO U,These ads ran without a disclaimer,≤100
185927128110913,SMA Solar Technology,These ads ran without a disclaimer,≤100
100374392742057,Weregreenly- Magazine,These ads ran without a disclaimer,≤100
139654236100628,يونيسف – اليمن UNICEF Yemen,These ads ran without a disclaimer,≤100