﻿Page ID,Page name,Disclaimer,Amount spent (CHF)
108893095528257,In185-Non,IN 185,4723
106321615725425,Oui à la Loi climat,Oui à la loi climat,1557
113106815069066,"OUI à la LEFI - Notre logement, c’est toute notre vie",CGI,1319
114275974912005,GE équilibre fiscal,GE équilibre fiscal,1293
112878345109547,NON-in181 - NON à cette bombe fiscale,Fer Genève,1201
291359247729208,PS Suisse,PS Suisse,1079
169510248558,Die Mitte - Le Centre,Die Mitte,957
179829952053386,Vert'libéraux,Parti vert'libéral Suisse,611
106434042447582,oui-acacias.ch,Comité unitaire en faveur du PLQ Acacias 1,559
112511615157200,Plateforme pour la justice fiscale,Plateforme pour la justice fiscale,543
260591187302640,Parti socialiste genevois,Parti socialiste genevois,528
126289610761942,Grünliberale,Grünliberale,337
1220118614712552,Non à la loi sur le gaspillage de l'électricité,Non à la loi sur le gaspillage de l'électricité,297
1886381148253031,Économie suisse pour la loi climat,Économie Suisse pour la loi climat,287
175478195846132,Les Vert·e·s suisses,Grüne Schweiz,279
105023728023626,Forum Wirtschaftsstandort Schweiz,Swissholdings,251
1131283210260777,Future 3,Fondation Future 3.0,234
238982909481105,Les Vert·e·s Genevois·es,Les Vert-e-s genevois-es,192
100332749664541,Ja zum Klimaschutz-Gesetz,JA zum Klimaschutz,156
116890591678651,Vert'libéraux - Genève,Parti vert'libéral genevois,143
535897123124799,Jeunes Libéraux-Radicaux Suisse,Jeunes Libéraux-Radicaux Suisses,137
349450293419,Schweizerische Energie-Stiftung SES,Schweizerische Energie-Stiftung SES,132
107793295629503,Tourismus für das Klimagesetz,Tourismuskomitee «JA zum Klimagesetz»,128
100109808734387,Schweizer Wirtschaft für das Klimagesetz,Schweizer Wirtschaft für das Klimagesetzt,120
510352742440847,Coalition pour des multinationales responsables,Coalition pour des multinationales responsables,108
51415837765,Greenpeace Switzerland,Greenpeace Switzerland,≤100
513407995428696,actif-trafiC,actif-trafiC,≤100
1320679421302500,HabitatDurable,Casafair - HabitatDurable,≤100
334655940216136,Nein zum Stromfresser-Gesetz,Nein zum Stromfresser-Gesetz,≤100
1012263022170223,HotellerieSuisse,HotellerieSuisse,≤100
97721121385,Public Eye,Public Eye,≤100
100119208056282,Christian Dandrès,Christian Joseph Dandrès,≤100
348181055257294,suisse.ing - Top of Engineering,suisse.ing,≤100
147201418675114,Swissmem,Swissmem,≤100
1524859774444235,Koalition für Konzernverantwortung,Koalition für Konzernverantwortung,≤100
119186944514904,Unabhängige Schweiz - Unabhängige Energieversorgung,Klima Allianz,≤100
108204507991414,Zukunft sichern,Allianz für ein JA zur OECD-Mindeststeuer,≤100
18087904183,PLR,PLR,≤100
257497631736082,Gletscher-Initiative,Verein Klimaschutz Schweiz,≤100
104434902404462,SI all' imposta minima dell'OCSE,Alleanza per la riforma dell’imposta preventiva,≤100
194790813901953,Grüne Schweiz,Grüne Schweiz,≤100
212297922293183,UDC Suisse,UDC Suisse,≤100
97220294896,SP Schweiz,SP Schweiz,≤100
375071409495559,Future 3 I de,Fondation Future 3.0,≤100
1027844850652657,Boomerang Ideas,Boomerang Ideas AG,≤100
179845512038427,swisscleantech,swisscleantech,≤100
151183321586281,Jeunes Vert·e·x·s Genève,Jeunes Vert·e·x·s Genève,≤100
737971436234272,StrategieDialog21,StrategieDialog21,≤100
48980326364,Public Eye,Public Eye,≤100
103915262545181,KMU geprüft,KMU geprüft,≤100
100513788093677,Les Vert-e-s Ville de Genève,Les Vert-e-s Ville de Genève,≤100
2068625050104664,Jeunes Vert•e•x•s Suisse,Junge Grüne Schweiz,≤100
154976914534194,Save the Children Schweiz/Suisse,Save the Children Schweiz,≤100
100844786282093,SÌ alla Legge clima,Sì alla legge clima,≤100
107552952619935,WWF Schweiz,WWF Schweiz,≤100
1429860470617358,Le Centre / Ville de Genève,Le Centre / Ville de Genève,≤100
1659576160959696,Guido Fluri Stiftung,Guido Fluri Stiftung,≤100
218538701651843,Union suisse des arts et métiers usam,Schweizerischer Gewerbeverband sgv,≤100
102014399307738,Direkt,direkt,≤100
921336971288655,Nagra,Nagra,≤100
259871484198551,Thomas Matter,Thomas Matter,≤100
1541379879413801,FER Genève,FER Genève,≤100
109605484115257,Delphine Klopfenstein Broggini,Delphine Klopfenstein Broggini,≤100
1199285680176885,izzy,Verein Klimaschutz Schweiz,≤100
202907189862969,Verdi Liberali,Parti vert'libéral Suisse,≤100
132497703498525,Pro Velo Schweiz,Pro Velo Schweiz,≤100
162373287239957,SVP Schweiz,SVP Schweiz,≤100
309380022477251,Casafair,Casafair,≤100
1951249848443600,Protect Our Winters Switzerland,Protect Our Winters Switzerland,≤100
1964006623854188,Christoph Zimmerli,Christoph Zimmerli,≤100
103269145789541,Stop au blackout,Initiative populaire « De l’électricité pour tous en tout temps (Stop au blackout) »,≤100
220197041662012,Kleinbauern-Vereinigung / Petits paysans,Kleinbauern-Vereinigung VKMB,≤100
169752569742293,Schweizerischer Gewerbeverband sgv,Schweizerischer Gewerbeverband sgv,≤100
1483343695307824,Campax,Campax,≤100
113523098408774,Hight vol,These ads ran without a disclaimer,≤100
15733998334,FDP,FDP,≤100
200905173303222,"SCI Switzerland (Schweiz, Suisse, Svizzera)","SCI Switzerland (Schweiz, Suisse, Svizzera)",≤100
110533229026103,EVP / PEV,EVP Schweiz,≤100
1656590977890066,IDEO U,These ads ran without a disclaimer,≤100
1468015706558049,Moodys Tax,These ads ran without a disclaimer,≤100
105267088402300,Komisija Bijelih Traka - Commission Brassards Blancs,These ads ran without a disclaimer,≤100
117556978003623,TS News,These ads ran without a disclaimer,≤100
111081131629685,Blackout stoppen,Volksinitiative «Jederzeit Strom für alle (Blackout stoppen)»,≤100
763722197034246,En Développement,These ads ran without a disclaimer,≤100
104876762596450,Bitcoin Era,These ads ran without a disclaimer,≤100
335129001940,Young European Swiss - yes,young european swiss,≤100
100904822517086,Non-trivial,These ads ran without a disclaimer,≤100
1524954517562834,Prominis,Prominis GmbH,≤100
216444012216,EDU - UDF (Eidgenössisch-Demokratische Union),Eidgenössisch-Demokratische Union Schweiz,≤100
820391221400929,Unser Stadtrat Florin Scherrer,Unser Stadtrat Florin Scherrer,≤100
161745967293191,"Joël Thüring, Grossrat Kanton Basel-Stadt","Joël Thüring, Grossrat Kanton Basel-Stadt",≤100
103520459311864,Oliver Dürr in den Nationalrat,Oliver Dürr in den Nationalrat,≤100
102832392688253,Southland 360,These ads ran without a disclaimer,≤100
125466200895962,Valentin Landmann,Sven Kunz,≤100
2151592515105217,Christina Bachmann-Roth,Christina Bachmann-Roth,≤100
117834861190392,__klartext,These ads ran without a disclaimer,≤100
105076430928035,rmnage,These ads ran without a disclaimer,≤100
122482160824623,vvvote.ch,vvvote,≤100
267353906619818,Mr. Gugu & Miss Go,These ads ran without a disclaimer,≤100
251838211585945,SP Basel-Stadt,SP Basel-Stadt,≤100
100443989708498,Schuldenbremse Aarau JA,Schuldenbremse Aarau JA,≤100
104431919177609,The Icons,These ads ran without a disclaimer,≤100
105188432853984,Tribune de Genève,These ads ran without a disclaimer,≤100
103520459311864,Oliver Dürr in den Nationalrat,Oliver Dürr,≤100
10150100771335484,24 heures,These ads ran without a disclaimer,≤100
265786100439644,Grüne Freie Liste Stadt Bern,Grüne Freie Liste Stadt Bern,≤100
1092252917594218,Initiative pour les glaciers,Association suisse pour la protection du climat,≤100
103940132367803,Second White,These ads ran without a disclaimer,≤100
113553143702979,Missbraucht im Namen des Herrn,These ads ran without a disclaimer,≤100
104099512361482,Funnies Now - Magazine,These ads ran without a disclaimer,≤100
109255545367351,ancestralhabits,These ads ran without a disclaimer,≤100
116934494636757,Nifty News,These ads ran without a disclaimer,≤100
101533406045225,duefte_des_lebens,These ads ran without a disclaimer,≤100
105922832833587,Jaydiez Corp,These ads ran without a disclaimer,≤100
367649046908008,Growatt New Energy,These ads ran without a disclaimer,≤100
115252081569241,Hüttenwerke Krupp Mannesmann GmbH,These ads ran without a disclaimer,≤100
687589164666184,MasterClass,These ads ran without a disclaimer,≤100
101226776295616,r_a_m____k,These ads ran without a disclaimer,≤100
68177528749,Polytechnique Insights,These ads ran without a disclaimer,≤100
9012050691,Scribol,These ads ran without a disclaimer,≤100
1296153943807008,Lina Lila,These ads ran without a disclaimer,≤100
100374392742057,Weregreenly- Magazine,These ads ran without a disclaimer,≤100
102668075081968,"Фонд премии ""Генезис""",These ads ran without a disclaimer,≤100
244192865606024,People in Need,These ads ran without a disclaimer,≤100
139654236100628,يونيسف – اليمن UNICEF Yemen,These ads ran without a disclaimer,≤100
118383201231031,Barnes George,These ads ran without a disclaimer,≤100
37541063109,Rheinland-Pfalz erleben,These ads ran without a disclaimer,≤100
447828135241448,Mente Poderosa,These ads ran without a disclaimer,≤100
185927128110913,SMA Solar Technology,These ads ran without a disclaimer,≤100
107647258831836,Weregreenly- Magazine Page 3,These ads ran without a disclaimer,≤100
115851611042,The Max Foundation,These ads ran without a disclaimer,≤100
106270215428,Wix,These ads ran without a disclaimer,≤100