﻿Page ID,Page name,Disclaimer,Amount spent (CHF)
106254955524910,SVP Binningen,SVP Binningen,331
101012679501703,Stephan Siegel in den Landrat,Stephan Siegel in den Landrat,106
100505278746845,Gesunde Finanzen,Organisation für gesunde Gemeindefinanzen,≤100
251838211585945,SP Basel-Stadt,SP Basel-Stadt,≤100
105527252338650,perspektiveschweiz.ch,IG Wirtschaftsverbände,≤100
194790813901953,Grüne Schweiz,Grüne Schweiz,≤100
108608181846149,Umut Gökbas,Mehmet Umut Gökbas,≤100
97220294896,SP Schweiz,SP Schweiz,≤100
111081131629685,Blackout stoppen,Volksinitiative «Jederzeit Strom für alle (Blackout stoppen)»,≤100
259871484198551,Thomas Matter,Thomas Matter,≤100
257497631736082,Gletscher-Initiative,Verein Klimaschutz Schweiz,≤100
100345702834585,All Out Deutschland,All Out,≤100
169042736456594,All Out,All Out,≤100
169510248558,Die Mitte - Le Centre,Die Mitte,≤100
102014399307738,Direkt,direkt,≤100
120746218068081,Comundo,These ads ran without a disclaimer,≤100
102109691904848,swiss-food.ch,swiss-food.ch,≤100
322968734909106,Prime News,These ads ran without a disclaimer,≤100
113814477835,Piratenpartei Schweiz,Piratenpartei Schweiz,≤100
627220684023668,GRÜNE Zürich,Grüne Kanton Zürich,≤100
1063313707075005,Les Vert-e-s Jura,Les Vert.es Jura,≤100
15733998334,FDP,FDP,≤100
106940934479927,"Sibylle Fringeli, FDP Schönenbuch",FDP Allschwil-Schönenbuch,≤100
1092252917594218,Initiative pour les glaciers,Association suisse pour la protection du climat,≤100
107688494708255,Humaniti,These ads ran without a disclaimer,≤100
125466200895962,Valentin Landmann,Sven Kunz,≤100
231086633606227,SVP Baselland,SVP Baselland,≤100
292711521138736,IPFO,International Photo Festival Olten,≤100
230522120377463,FDP Allschwil-Schönenbuch,FDP Allschwil-Schönenbuch,≤100
1483343695307824,Campax,Campax,≤100
175478195846132,Les Vert·e·s suisses,Grüne Schweiz,≤100
103269145789541,Stop au blackout,Initiative populaire « De l’électricité pour tous en tout temps (Stop au blackout) »,≤100
103082059271118,SP Bezirk Hinwil,SP Wetzikon,≤100
104755129093222,Vox Natio,Tobias Hauser,≤100
354548604968651,Peter Metzinger in den Kantonsrat,Peter Alois Metzinger,≤100
113821883316185,Faktischversichert,These ads ran without a disclaimer,≤100
82752099000,Alternative Liste ZH,Alternative Liste Zürich,≤100
102014399307738,Direkt,These ads ran without a disclaimer,≤100
169752569742293,Schweizerischer Gewerbeverband sgv,Schweizerischer Gewerbeverband sgv,≤100
416743625125770,Grüne Zürichsee,Thomas Forrer,≤100
1464661227009326,SVP Bezirk Uster,SVP Bezirk Uster,≤100
100116156110843,Stop al blackout,Iniziativa popolare «Energia elettrica in ogni tempo per tutti (Stop al blackout)»,≤100
111516028427691,Die Mitte Oberes Baselbiet,Die Mitte Oberes Baselbiet,≤100
101120115685831,SVP Stäfa,SVP Stäfa,≤100
109605484115257,Delphine Klopfenstein Broggini,Delphine Klopfenstein Broggini,≤100
252652524823017,EVP Kanton Zürich,EVP Kanton Zürich,≤100
109213507316253,SP Zürich 11,SP Zürich,≤100
105648402241230,Join the dots,These ads ran without a disclaimer,≤100
108812118501,Alnatura,These ads ran without a disclaimer,≤100
344556287396,Heyne Verlag,These ads ran without a disclaimer,≤100
103398468787,Saint-Gobain,These ads ran without a disclaimer,≤100
100130348904977,naturifical,These ads ran without a disclaimer,≤100
122276294503722,Viessmann Sport,These ads ran without a disclaimer,≤100
103929768026322,Key Insights From Bestsellers,These ads ran without a disclaimer,≤100
123698491019029,Lombard Odier Group,These ads ran without a disclaimer,≤100
852370551453606,GARP,These ads ran without a disclaimer,≤100
102719808060017,Weiblich,These ads ran without a disclaimer,≤100
104590425802557,Новости Дня,These ads ran without a disclaimer,≤100
1454840781433369,TGV Lyria,These ads ran without a disclaimer,≤100
301745209882851,Culture Amp,These ads ran without a disclaimer,≤100
19746387261,Humane Society International,These ads ran without a disclaimer,≤100
152451474837468,NAPA Group,These ads ran without a disclaimer,≤100
21506277966,Acronis,These ads ran without a disclaimer,≤100
185561295623272,Move To Help Foundation,These ads ran without a disclaimer,≤100
763722197034246,En Développement,These ads ran without a disclaimer,≤100
1436656116642646,Threadheads,These ads ran without a disclaimer,≤100
345248229540911,Falstaff Travel,These ads ran without a disclaimer,≤100