﻿Page ID,Page name,Disclaimer,Amount spent (CHF)
147717218614170,PLR Genève,PLR.Les Libéraux-Radicaux Genève,765
260591187302640,Parti socialiste genevois,Parti socialiste genevois,562
169510248558,Die Mitte - Le Centre,Die Mitte,171
103550668590403,Mieux vivre sa vie,Mieux Vivre Sa Vie,≤100
105527252338650,perspektiveschweiz.ch,IG Wirtschaftsverbände,≤100
290247291672533,SIT - Syndicat interprofessionnel de travailleuses et travailleurs,SIT - Syndicat interprofessionnel de travailleuses et travailleurs,≤100
175478195846132,Les Vert·e·s suisses,Grüne Schweiz,≤100
1092252917594218,Initiative pour les glaciers,Association suisse pour la protection du climat,≤100
259871484198551,Thomas Matter,Thomas Matter,≤100
103269145789541,Stop au blackout,Initiative populaire « De l’électricité pour tous en tout temps (Stop au blackout) »,≤100
1492503634364441,Liste d'Union Populaire,Ensemble à Gauche-Genève,≤100
97220294896,SP Schweiz,SP Schweiz,≤100
15733998334,FDP,FDP,≤100
111081131629685,Blackout stoppen,Volksinitiative «Jederzeit Strom für alle (Blackout stoppen)»,≤100
113814477835,Piratenpartei Schweiz,Piratenpartei Schweiz,≤100
169042736456594,All Out,All Out,≤100
238982909481105,Les Vert·e·s Genevois·es,Les Vert-e-s genevois-es,≤100
257497631736082,Gletscher-Initiative,Verein Klimaschutz Schweiz,≤100
102014399307738,Direkt,direkt,≤100
194790813901953,Grüne Schweiz,Grüne Schweiz,≤100
107688494708255,Humaniti,These ads ran without a disclaimer,≤100
292711521138736,IPFO,International Photo Festival Olten,≤100
109605484115257,Delphine Klopfenstein Broggini,Delphine Klopfenstein Broggini,≤100
102109691904848,swiss-food.ch,swiss-food.ch,≤100
1483343695307824,Campax,Campax,≤100
120746218068081,Comundo,These ads ran without a disclaimer,≤100
100345702834585,All Out Deutschland,All Out,≤100
354548604968651,Peter Metzinger in den Kantonsrat,Peter Alois Metzinger,≤100
158820214312321,Citations Ron Hubbard,Mieux Vivre Sa Vie,≤100
627220684023668,GRÜNE Zürich,Grüne Kanton Zürich,≤100
103082059271118,SP Bezirk Hinwil,SP Wetzikon,≤100
763722197034246,En Développement,These ads ran without a disclaimer,≤100
104755129093222,Vox Natio,Tobias Hauser,≤100
230522120377463,FDP Allschwil-Schönenbuch,FDP Allschwil-Schönenbuch,≤100
1464661227009326,SVP Bezirk Uster,SVP Bezirk Uster,≤100
102014399307738,Direkt,These ads ran without a disclaimer,≤100
267253201809229,Regenerative Changemaking,These ads ran without a disclaimer,≤100
157913284377979,POP Nyon - La Côte,These ads ran without a disclaimer,≤100
101120115685831,SVP Stäfa,SVP Stäfa,≤100
100116156110843,Stop al blackout,Iniziativa popolare «Energia elettrica in ogni tempo per tutti (Stop al blackout)»,≤100
1454840781433369,TGV Lyria,These ads ran without a disclaimer,≤100
113821883316185,Faktischversichert,These ads ran without a disclaimer,≤100
125466200895962,Valentin Landmann,Sven Kunz,≤100
10150100771335484,24 heures,These ads ran without a disclaimer,≤100
103398468787,Saint-Gobain,These ads ran without a disclaimer,≤100
82752099000,Alternative Liste ZH,Alternative Liste Zürich,≤100
416743625125770,Grüne Zürichsee,Thomas Forrer,≤100
231086633606227,SVP Baselland,SVP Baselland,≤100
106386888743470,Ordinarilyla.com,These ads ran without a disclaimer,≤100
21506277966,Acronis,These ads ran without a disclaimer,≤100
112757083778788,"Economic Daily, China",These ads ran without a disclaimer,≤100
345248229540911,Falstaff Travel,These ads ran without a disclaimer,≤100
113613243696600,Water Science Policy,These ads ran without a disclaimer,≤100
152451474837468,NAPA Group,These ads ran without a disclaimer,≤100
19746387261,Humane Society International,These ads ran without a disclaimer,≤100
185561295623272,Move To Help Foundation,These ads ran without a disclaimer,≤100
102719808060017,Weiblich,These ads ran without a disclaimer,≤100
204681090069567,Hedera,These ads ran without a disclaimer,≤100
852370551453606,GARP,These ads ran without a disclaimer,≤100
1436656116642646,Threadheads,These ads ran without a disclaimer,≤100
103929768026322,Key Insights From Bestsellers,These ads ran without a disclaimer,≤100
1167236676630678,Mads Frank - Ultra Cycling,These ads ran without a disclaimer,≤100
1196196390526965,Facebook Surveys,These ads ran without a disclaimer,≤100
301745209882851,Culture Amp,These ads ran without a disclaimer,≤100
113300281625376,TonyCzh,These ads ran without a disclaimer,≤100
104590425802557,Новости Дня,These ads ran without a disclaimer,≤100
111338548442278,honey09_photography,These ads ran without a disclaimer,≤100
999188666785524,阿里巴巴集團,These ads ran without a disclaimer,≤100
123698491019029,Lombard Odier Group,These ads ran without a disclaimer,≤100
108812118501,Alnatura,These ads ran without a disclaimer,≤100
100690022290478,Ada Divine Awakening Festival,These ads ran without a disclaimer,≤100
122276294503722,Viessmann Sport,These ads ran without a disclaimer,≤100