﻿Page ID,Page name,Disclaimer,Amount spent (CHF)
260591187302640,Parti socialiste genevois,Parti socialiste genevois,≤100
111081131629685,Blackout stoppen,Volksinitiative «Jederzeit Strom für alle (Blackout stoppen)»,≤100
231086633606227,SVP Baselland,SVP Baselland,≤100
257497631736082,Gletscher-Initiative,Verein Klimaschutz Schweiz,≤100
1092252917594218,Initiative pour les glaciers,Association suisse pour la protection du climat,≤100
169510248558,Die Mitte - Le Centre,Die Mitte,≤100
1700824713324064,SP Zürich 10,SP Zürich 10,≤100
921336971288655,Nagra,Nagra,≤100
169752569742293,Schweizerischer Gewerbeverband sgv,Schweizerischer Gewerbeverband sgv,≤100
200825306651250,Renato Pfeffer EVP,EVP Kanton Zürich,≤100
102014399307738,Direkt,direkt,≤100
97220294896,SP Schweiz,SP Schweiz,≤100
259871484198551,Thomas Matter,Thomas Matter,≤100
112316138411623,NEIN zum erneut missratenen Jagdgesetz,These ads ran without a disclaimer,≤100
305699609616768,Verdi Liberali Ticino,verdi liberali Ticino,≤100
864604443735247,SVP Bezirk Dietikon,SVP Bezirk Dietikon,≤100
784812424962943,Tele Z,TELE Z,≤100
103269145789541,Stop au blackout,Initiative populaire « De l’électricité pour tous en tout temps (Stop au blackout) »,≤100
100980232576650,Muriel Langenberger,Muriel Langenberger,≤100
105528162248316,viev.mobilyaa,These ads ran without a disclaimer,≤100
730158247033526,Readly,These ads ran without a disclaimer,≤100