﻿Page ID,Page name,Disclaimer,Amount spent (CHF)
154976914534194,Save the Children Schweiz/Suisse,Save the Children Schweiz,≤100
1483343695307824,Campax,Campax,≤100
169752569742293,Schweizerischer Gewerbeverband sgv,Schweizerischer Gewerbeverband sgv,≤100
111081131629685,Blackout stoppen,Volksinitiative «Jederzeit Strom für alle (Blackout stoppen)»,≤100
97220294896,SP Schweiz,SP Schweiz,≤100
257497631736082,Gletscher-Initiative,Verein Klimaschutz Schweiz,≤100
102014399307738,Direkt,direkt,≤100
107515328348195,Michael Uebersax,Michael Stefan Uebersax,≤100
260591187302640,Parti socialiste genevois,Parti socialiste genevois,≤100
169510248558,Die Mitte - Le Centre,Die Mitte,≤100
784812424962943,Tele Z,TELE Z,≤100
921336971288655,Nagra,Nagra,≤100
259871484198551,Thomas Matter,Thomas Matter,≤100
200825306651250,Renato Pfeffer EVP,EVP Kanton Zürich,≤100
102578282597131,Kamylla Lisi-Brandino,Kamylla J. Lisi-Brandino,≤100
124924180944506,IHED-Islamischer Humanitärer Entwicklungsdienst,These ads ran without a disclaimer,≤100
261452338060969,Domenik Lädi Ledergerber,Überparteiliches Unterstützungskomitee Domenik Ledergerber,≤100
2525584750795209,Nina Fehr Düsel,Nina Fehr Düsel,≤100
82752099000,Alternative Liste ZH,Alternative Liste Zürich,≤100
269029886456205,Giorgio Fonio,Giorgio Fonio,≤100
1700824713324064,SP Zürich 10,SP Zürich 10,≤100
112316138411623,NEIN zum erneut missratenen Jagdgesetz,These ads ran without a disclaimer,≤100
292711521138736,IPFO,International Photo Festival Olten,≤100
864604443735247,SVP Bezirk Dietikon,SVP Bezirk Dietikon,≤100
707321076049640,Monika Keller,Monika Keller,≤100
100240749524401,Deborah Scharpf,Deborah Luzia Maryse Scharpf,≤100
107494077464434,Janine Vannaz,Janine Vannaz,≤100
705478906236710,FDP.Die Liberalen Bezirk Uster,FDP.Die Liberalen Bezirk Uster,≤100
125466200895962,Valentin Landmann,Sven Kunz,≤100
1769803096579445,Grünliberale Bezirk Horgen,Grünliberale Bezirk Horgen,≤100
100980232576650,Muriel Langenberger,Muriel Langenberger,≤100
101791136062906,Notrechtsinitiative.ch,Notrechtsinitiative.ch,≤100
730158247033526,Readly,These ads ran without a disclaimer,≤100
651956578553145,"Marita Verbali, FDP",Marita Verbali,≤100
100369729335133,"Peter Grünenfelder, Regierungsratskandidat Zürich",Peter Grünenfelder c/o FDP Kanton Zürich,≤100
264952450282664,JUSO Luzern,Jungsozialist*innen Luzern,≤100
100345702834585,All Out Deutschland,All Out,≤100
245030556232364,Grünliberale Partei Basel-Landschaft,Grünliberale Partei Basel-Landschaft,≤100
107717738487757,Viviane Kägi GLP,Viviane Kägi,≤100
442004945974231,IG Wild beim Wild,These ads ran without a disclaimer,≤100
627220684023668,GRÜNE Zürich,Grüne Kanton Zürich,≤100
1599925810096142,Kreis 6/10 mit glp in die Zukunft,Grünliberale Kreis 6 und 10,≤100
212175019347952,SVP Horgen,SVP Horgen,≤100
169042736456594,All Out,All Out,≤100
69466809669,Alpen-Initiative,These ads ran without a disclaimer,≤100
103269145789541,Stop au blackout,Initiative populaire « De l’électricité pour tous en tout temps (Stop au blackout) »,≤100
416743625125770,Grüne Zürichsee,GRÜNE Bezirk Meilen,≤100
136341053227140,EVP Winterthur,EVP Kanton Zürich,≤100
1092252917594218,Initiative pour les glaciers,Association suisse pour la protection du climat,≤100
1476717905682561,SP Zürich 6,SP Zürich 6,≤100
2034886056799460,Raphael Tobler,Raphael Tobler,≤100
139890720097051,Die Mitte Muttenz,Die Mitte Muttenz,≤100
101417574776507,Ja zur direkten Demokratie,New Swiss Journal,≤100
105858378539790,FDP Wädenswil,FDP Wädenswil,≤100
1587949341492441,Claudio Zihlmann,Claudio Zihlmann,≤100
117027101705789,FDP Stadt Zürich,FDP Stadt Zürich,≤100
101120115685831,SVP Stäfa,Marco Andreas Vogt,≤100
231086633606227,SVP Baselland,SVP Baselland,≤100
230522120377463,FDP Allschwil-Schönenbuch,FDP Allschwil-Schönenbuch,≤100
109023033782956,Unisanté,Unisanté,≤100
123731471009473,Yvonne Bürgin,Yvonne Bürgin,≤100
252652524823017,EVP Kanton Zürich,EVP Kanton Zürich,≤100
429342907157034,Beat Habegger,Beat Michael Habegger,≤100
110826091711924,viev.deutschland,These ads ran without a disclaimer,≤100
104590425802557,Новости Дня,These ads ran without a disclaimer,≤100
115200218139402,О Главном,These ads ran without a disclaimer,≤100
103439331518544,MH Michaela Huber,These ads ran without a disclaimer,≤100
110601438611168,EU News,These ads ran without a disclaimer,≤100
191851397669230,VETO – Tierschutz,These ads ran without a disclaimer,≤100
310213709080950,Jürgen Höller,These ads ran without a disclaimer,≤100
111616771110534,Beyond Riches,These ads ran without a disclaimer,≤100
103399508522606,Kollyy,These ads ran without a disclaimer,≤100
105528162248316,viev.mobilyaa,These ads ran without a disclaimer,≤100