﻿Page ID,Page name,Disclaimer,Amount spent (CHF)
756722317788172,FDP.Die Liberalen Stadt Luzern,FDP.Die Liberalen Stadt Luzern,≤100
169752569742293,Schweizerischer Gewerbeverband sgv,Schweizerischer Gewerbeverband sgv,≤100
154976914534194,Save the Children Schweiz/Suisse,Save the Children Schweiz,≤100
111081131629685,Blackout stoppen,Volksinitiative «Jederzeit Strom für alle (Blackout stoppen)»,≤100
260591187302640,Parti socialiste genevois,Parti socialiste genevois,≤100
360151400680191,Die Mitte Stadt Luzern,Die Mitte Stadt Luzern,≤100
102014399307738,Direkt,direkt,≤100
257497631736082,Gletscher-Initiative,Verein Klimaschutz Schweiz,≤100
103369269163798,Mittendrin,Hanspeter Renggli,≤100
261452338060969,Domenik Lädi Ledergerber,Überparteiliches Unterstützungskomitee Domenik Ledergerber,≤100
97220294896,SP Schweiz,SP Schweiz,≤100
105858378539790,FDP Wädenswil,FDP Wädenswil,≤100
735945280122458,VCS Kanton Bern,VCS Sektion Bern,≤100
269029886456205,Giorgio Fonio,Giorgio Fonio,≤100
200825306651250,Renato Pfeffer EVP,EVP Kanton Zürich,≤100
107494077464434,Janine Vannaz,Janine Vannaz,≤100
169510248558,Die Mitte - Le Centre,Die Mitte,≤100
784812424962943,Tele Z,TELE Z,≤100
100213996124067,Grünliberale Sektion Emmen-Hochdorf,Grünliberale Sektion Emmen-Hochdorf,≤100
259871484198551,Thomas Matter,Thomas Matter,≤100
125466200895962,Valentin Landmann,Sven Kunz,≤100
921336971288655,Nagra,Nagra,≤100
1700824713324064,SP Zürich 10,SP Zürich 10,≤100
212175019347952,SVP Horgen,SVP Horgen,≤100
100980232576650,Muriel Langenberger,Muriel Langenberger,≤100
1769803096579445,Grünliberale Bezirk Horgen,Grünliberale Bezirk Horgen,≤100
108595330730708,Groupe lgbtiq+ du PS genevois,Groupe lgbtiq+ du PS genevois,≤100
292711521138736,IPFO,International Photo Festival Olten,≤100
124924180944506,IHED-Islamischer Humanitärer Entwicklungsdienst,These ads ran without a disclaimer,≤100
112316138411623,NEIN zum erneut missratenen Jagdgesetz,These ads ran without a disclaimer,≤100
101417574776507,Ja zur direkten Demokratie,New Swiss Journal,≤100
123731471009473,Yvonne Bürgin,Yvonne Bürgin,≤100
103269145789541,Stop au blackout,Initiative populaire « De l’électricité pour tous en tout temps (Stop au blackout) »,≤100
82752099000,Alternative Liste ZH,Alternative Liste Zürich,≤100
252652524823017,EVP Kanton Zürich,EVP Kanton Zürich,≤100
442004945974231,IG Wild beim Wild,These ads ran without a disclaimer,≤100
245030556232364,Grünliberale Partei Basel-Landschaft,Grünliberale Partei Basel-Landschaft,≤100
102578282597131,Kamylla Lisi-Brandino,Kamylla J. Lisi-Brandino,≤100
1092252917594218,Initiative pour les glaciers,Association suisse pour la protection du climat,≤100
864604443735247,SVP Bezirk Dietikon,SVP Bezirk Dietikon,≤100
627220684023668,GRÜNE Zürich,Grüne Kanton Zürich,≤100
730158247033526,Readly,These ads ran without a disclaimer,≤100
705478906236710,FDP.Die Liberalen Bezirk Uster,FDP.Die Liberalen Bezirk Uster,≤100
1599925810096142,Kreis 6/10 mit glp in die Zukunft,Grünliberale Kreis 6 und 10,≤100
471258816239362,Junge SVP Luzern,Junge SVP Luzern,≤100
2525584750795209,Nina Fehr Düsel,Nina Fehr Düsel,≤100
69466809669,Alpen-Initiative,These ads ran without a disclaimer,≤100
101120115685831,SVP Stäfa,Marco Andreas Vogt,≤100
1476717905682561,SP Zürich 6,SP Zürich 6,≤100
264952450282664,JUSO Luzern,Jungsozialist*innen Luzern,≤100
101791136062906,Notrechtsinitiative.ch,Notrechtsinitiative.ch,≤100
416743625125770,Grüne Zürichsee,GRÜNE Bezirk Meilen,≤100
1587949341492441,Claudio Zihlmann,Claudio Zihlmann,≤100
231086633606227,SVP Baselland,SVP Baselland,≤100
651956578553145,"Marita Verbali, FDP",Marita Verbali,≤100
285821738704789,Nathalie Aeschbacher,Nathalie Anna Aeschbacher,≤100
103440272521713,Sarah Fuchs in den Kantonsrat,Sarah Fuchs,≤100
329092184156849,Die Mitte Adliswil,Die Mitte Adliswil,≤100
600706570124933,Verkehrssanierungen JA,Verkehrssanierungen JA,≤100
136341053227140,EVP Winterthur,EVP Kanton Zürich,≤100
103550668590403,Mieux vivre sa vie,Mieux Vivre Sa Vie,≤100
113189798267288,Karl Heinz Meyer Wahlkampf 2023,Karl Heinz Meyer,≤100
109213507316253,SP Zürich 11,SP Zürich,≤100
2034886056799460,Raphael Tobler,Raphael Tobler,≤100
110826091711924,viev.deutschland,These ads ran without a disclaimer,≤100
191851397669230,VETO – Tierschutz,These ads ran without a disclaimer,≤100
101727068829380,Контекст Европа,These ads ran without a disclaimer,≤100
103399508522606,Kollyy,These ads ran without a disclaimer,≤100
105860035707190,photographing.journey,These ads ran without a disclaimer,≤100