﻿Page ID,Page name,Disclaimer,Amount spent (CHF)
169510248558,Die Mitte - Le Centre,Die Mitte,156
103550668590403,Mieux vivre sa vie,Mieux Vivre Sa Vie,≤100
260591187302640,Parti socialiste genevois,Parti socialiste genevois,≤100
169752569742293,Schweizerischer Gewerbeverband sgv,Schweizerischer Gewerbeverband sgv,≤100
1092252917594218,Initiative pour les glaciers,Association suisse pour la protection du climat,≤100
218538701651843,Union suisse des arts et métiers usam,Schweizerischer Gewerbeverband sgv,≤100
103269145789541,Stop au blackout,Initiative populaire « De l’électricité pour tous en tout temps (Stop au blackout) »,≤100
111081131629685,Blackout stoppen,Volksinitiative «Jederzeit Strom für alle (Blackout stoppen)»,≤100
257497631736082,Gletscher-Initiative,Verein Klimaschutz Schweiz,≤100
921336971288655,Nagra,Nagra,≤100
735945280122458,VCS Kanton Bern,VCS Sektion Bern,≤100
200825306651250,Renato Pfeffer EVP,EVP Kanton Zürich,≤100
102014399307738,Direkt,direkt,≤100
154976914534194,Save the Children Schweiz/Suisse,Save the Children Schweiz,≤100
259871484198551,Thomas Matter,Thomas Matter,≤100
291359247729208,PS Suisse,PS Suisse,≤100
269029886456205,Giorgio Fonio,Giorgio Fonio,≤100
864604443735247,SVP Bezirk Dietikon,SVP Bezirk Dietikon,≤100
82752099000,Alternative Liste ZH,Alternative Liste Zürich,≤100
292711521138736,IPFO,International Photo Festival Olten,≤100
97220294896,SP Schweiz,SP Schweiz,≤100
107494077464434,Janine Vannaz,Janine Vannaz,≤100
1700824713324064,SP Zürich 10,SP Zürich 10,≤100
705478906236710,FDP.Die Liberalen Bezirk Uster,FDP.Die Liberalen Bezirk Uster,≤100
158820214312321,Citations Ron Hubbard,Mieux Vivre Sa Vie,≤100
108595330730708,Groupe lgbtiq+ du PS genevois,Groupe lgbtiq+ du PS genevois,≤100
100980232576650,Muriel Langenberger,Muriel Langenberger,≤100
101791136062906,Notrechtsinitiative.ch,Notrechtsinitiative.ch,≤100
1769803096579445,Grünliberale Bezirk Horgen,Grünliberale Bezirk Horgen,≤100
265786100439644,Grüne Freie Liste Stadt Bern,Grüne Freie Liste Bern,≤100
1599925810096142,Kreis 6/10 mit glp in die Zukunft,Grünliberale Kreis 6 und 10,≤100
784812424962943,Tele Z,TELE Z,≤100
730158247033526,Readly,These ads ran without a disclaimer,≤100
600706570124933,Verkehrssanierungen JA,Verkehrssanierungen JA,≤100
112316138411623,NEIN zum erneut missratenen Jagdgesetz,These ads ran without a disclaimer,≤100
763722197034246,En Développement,These ads ran without a disclaimer,≤100
124924180944506,IHED-Islamischer Humanitärer Entwicklungsdienst,These ads ran without a disclaimer,≤100
1537771523171079,Entremont Autrement,Entremont Autrement,≤100
264952450282664,JUSO Luzern,Jungsozialist*innen Luzern,≤100
115200218139402,О Главном,These ads ran without a disclaimer,≤100
106829796092871,Mieterinnen- & Mieterverband Kanton Bern,Mieterinnen- und Mieterverband Kanton Bern,≤100
651956578553145,"Marita Verbali, FDP",Marita Verbali,≤100
125466200895962,Valentin Landmann,Sven Kunz,≤100
101417574776507,Ja zur direkten Demokratie,New Swiss Journal,≤100
122819208305170,Sauvegarde Genève,Sauvegarde Genève,≤100
1476717905682561,SP Zürich 6,SP Zürich 6,≤100
109023033782956,Unisanté,Unisanté,≤100
442004945974231,IG Wild beim Wild,These ads ran without a disclaimer,≤100
142664095796912,GRÜNE Kanton Bern,GRÜNE Kanton Bern,≤100
245030556232364,Grünliberale Partei Basel-Landschaft,Grünliberale Partei Basel-Landschaft,≤100
231086633606227,SVP Baselland,SVP Baselland,≤100
69466809669,Alpen-Initiative,These ads ran without a disclaimer,≤100
2525584750795209,Nina Fehr Düsel,Nina Fehr Düsel,≤100
100116156110843,Stop al blackout,Iniziativa popolare «Energia elettrica in ogni tempo per tutti (Stop al blackout)»,≤100
190133177759419,Giuseppe Cotti,Giuseppe Cotti,≤100
230522120377463,FDP Allschwil-Schönenbuch,FDP Allschwil-Schönenbuch,≤100
101452637971744,Le Centre Lancy,Le Centre Lancy,≤100
123731471009473,Yvonne Bürgin,Yvonne Bürgin,≤100
169042736456594,All Out,All Out,≤100
627220684023668,GRÜNE Zürich,Grüne Kanton Zürich,≤100
252652524823017,EVP Kanton Zürich,EVP Kanton Zürich,≤100
305699609616768,Verdi Liberali Ticino,verdi liberali Ticino,≤100
101120115685831,SVP Stäfa,Marco Andreas Vogt,≤100
416743625125770,Grüne Zürichsee,GRÜNE Bezirk Meilen,≤100
1587949341492441,Claudio Zihlmann,Claudio Zihlmann,≤100
105430377893808,gvlticino,These ads ran without a disclaimer,≤100
111516028427691,Die Mitte Oberes Baselbiet,Die Mitte Oberes Baselbiet,≤100
108206818777404,Bezirksgewerbeverband Bülach,Bezirksgewerbeverband Bülach,≤100
10150100771335484,24 heures,These ads ran without a disclaimer,≤100
2034886056799460,Raphael Tobler,Raphael Tobler,≤100
238982909481105,Les Vert·e·s Genevois·es,Les Vert-e-s genevois-es,≤100
608260099589519,Dominic Täubert,EVP Kanton Zürich,≤100
113821883316185,Faktischversichert,These ads ran without a disclaimer,≤100
103082059271118,SP Bezirk Hinwil,SP Wetzikon,≤100
170449246402589,Grünliberale Stadt Zürich,Grünliberale Partei Stadt Zürich,≤100
167983071434,SP Kriens,SP Kriens,≤100
100345702834585,All Out Deutschland,All Out,≤100
105188432853984,Tribune de Genève,These ads ran without a disclaimer,≤100
117027101705789,FDP Stadt Zürich,FDP Stadt Zürich,≤100
139890720097051,Die Mitte Muttenz,Die Mitte Muttenz,≤100
131136176944674,FDP.Die Liberalen Bezirk Pfäffikon,FDP.Die Liberalen Bezirk Pfäffikon,≤100
324950845227,VerkehrsRundschau,These ads ran without a disclaimer,≤100
101170788634486,Giorgi Kaulashvili,These ads ran without a disclaimer,≤100
111361091313,NICABM,These ads ran without a disclaimer,≤100
109407832428137,Bauernnetzwerk,These ads ran without a disclaimer,≤100
110826091711924,viev.deutschland,These ads ran without a disclaimer,≤100
103399508522606,Kollyy,These ads ran without a disclaimer,≤100
547115755657303,ReThink Daylight,These ads ran without a disclaimer,≤100
100846489215390,Cactus Cat,These ads ran without a disclaimer,≤100
108625789179165,Soi Dog Foundation,These ads ran without a disclaimer,≤100
105007748989954,Wasbishergeschah.at,These ads ran without a disclaimer,≤100
104590425802557,Новости Дня,These ads ran without a disclaimer,≤100
108072251970144,Jasmina Spiritual and Mindset Coach,These ads ran without a disclaimer,≤100
111616771110534,Beyond Riches,These ads ran without a disclaimer,≤100
105928801750365,My Safe Cup - France,These ads ran without a disclaimer,≤100
310213709080950,Jürgen Höller,These ads ran without a disclaimer,≤100
101727068829380,Контекст Европа,These ads ran without a disclaimer,≤100
105528162248316,viev.mobilyaa,These ads ran without a disclaimer,≤100
104532115888790,Bolter ego,These ads ran without a disclaimer,≤100
415342655194947,ISB International School Bangkok,These ads ran without a disclaimer,≤100
107173698926440,Rindiendo en casa,These ads ran without a disclaimer,≤100
102326342780397,Domenique Invezt,These ads ran without a disclaimer,≤100