﻿Page ID,Page name,Disclaimer,Amount spent (CHF)
305699609616768,Verdi Liberali Ticino,verdi liberali Ticino,125
1439209716323593,UDC Ticino,UDC Ticino,≤100
111539168454051,Avanti,Avanti,≤100
269029886456205,Giorgio Fonio,Giorgio Fonio,≤100
102269201722239,TV Riviera 24,Tv Riviera 24,≤100
260591187302640,Parti socialiste genevois,Parti socialiste genevois,≤100
110431218529702,Tassa di collegamento: perchè non abrogarla,These ads ran without a disclaimer,≤100
100116156110843,Stop al blackout,Iniziativa popolare «Energia elettrica in ogni tempo per tutti (Stop al blackout)»,≤100
111081131629685,Blackout stoppen,Volksinitiative «Jederzeit Strom für alle (Blackout stoppen)»,≤100
463645587339110,Piero Marchesi,UDC Ticino,≤100
921336971288655,Nagra,Nagra,≤100
101122865395791,Matteo Buzzi,Matteo Buzzi,≤100
259871484198551,Thomas Matter,Thomas Matter,≤100
864604443735247,SVP Bezirk Dietikon,SVP Bezirk Dietikon,≤100
200825306651250,Renato Pfeffer EVP,EVP Kanton Zürich,≤100
169752569742293,Schweizerischer Gewerbeverband sgv,Schweizerischer Gewerbeverband sgv,≤100
82752099000,Alternative Liste ZH,Alternative Liste Zürich,≤100
318625728948475,Con Amalia 2019,These ads ran without a disclaimer,≤100
190133177759419,Giuseppe Cotti,Giuseppe Cotti,≤100
257497631736082,Gletscher-Initiative,Verein Klimaschutz Schweiz,≤100
109023033782956,Unisanté,Unisanté,≤100
102014399307738,Direkt,direkt,≤100
705478906236710,FDP.Die Liberalen Bezirk Uster,FDP.Die Liberalen Bezirk Uster,≤100
292711521138736,IPFO,International Photo Festival Olten,≤100
1483343695307824,Campax,Campax,≤100
107494077464434,Janine Vannaz,Janine Vannaz,≤100
101791136062906,Notrechtsinitiative.ch,Notrechtsinitiative.ch,≤100
100980232576650,Muriel Langenberger,Muriel Langenberger,≤100
1700824713324064,SP Zürich 10,SP Zürich 10,≤100
1769803096579445,Grünliberale Bezirk Horgen,Grünliberale Bezirk Horgen,≤100
1092252917594218,Initiative pour les glaciers,Association suisse pour la protection du climat,≤100
169510248558,Die Mitte - Le Centre,Die Mitte,≤100
103269145789541,Stop au blackout,Initiative populaire « De l’électricité pour tous en tout temps (Stop au blackout) »,≤100
97220294896,SP Schweiz,SP Schweiz,≤100
103550668590403,Mieux vivre sa vie,Mieux Vivre Sa Vie,≤100
112316138411623,NEIN zum erneut missratenen Jagdgesetz,These ads ran without a disclaimer,≤100
730158247033526,Readly,These ads ran without a disclaimer,≤100
1033932949973658,Sara Demir,These ads ran without a disclaimer,≤100
784812424962943,Tele Z,TELE Z,≤100
100479926293321,andrea_saporito_plr,These ads ran without a disclaimer,≤100
111616771110534,Beyond Riches,These ads ran without a disclaimer,≤100
291359247729208,PS Suisse,PS Suisse,≤100
1599925810096142,Kreis 6/10 mit glp in die Zukunft,Grünliberale Kreis 6 und 10,≤100
116775781318643,elezioniti,These ads ran without a disclaimer,≤100
264952450282664,JUSO Luzern,Jungsozialist*innen Luzern,≤100
108595330730708,Groupe lgbtiq+ du PS genevois,Groupe lgbtiq+ du PS genevois,≤100
245030556232364,Grünliberale Partei Basel-Landschaft,Grünliberale Partei Basel-Landschaft,≤100
2525584750795209,Nina Fehr Düsel,Nina Fehr Düsel,≤100
230522120377463,FDP Allschwil-Schönenbuch,FDP Allschwil-Schönenbuch,≤100
442004945974231,IG Wild beim Wild,These ads ran without a disclaimer,≤100
416743625125770,Grüne Zürichsee,GRÜNE Bezirk Meilen,≤100
1476717905682561,SP Zürich 6,SP Zürich 6,≤100
231086633606227,SVP Baselland,SVP Baselland,≤100
112992717165706,MAIN10ANCE-project,These ads ran without a disclaimer,≤100
125466200895962,Valentin Landmann,Sven Kunz,≤100
169042736456594,All Out,All Out,≤100
124924180944506,IHED-Islamischer Humanitärer Entwicklungsdienst,These ads ran without a disclaimer,≤100
105430377893808,gvlticino,These ads ran without a disclaimer,≤100
627220684023668,GRÜNE Zürich,Grüne Kanton Zürich,≤100
547115755657303,ReThink Daylight,These ads ran without a disclaimer,≤100
252652524823017,EVP Kanton Zürich,EVP Kanton Zürich,≤100
651956578553145,"Marita Verbali, FDP",Marita Verbali,≤100
69466809669,Alpen-Initiative,These ads ran without a disclaimer,≤100
123731471009473,Yvonne Bürgin,Yvonne Bürgin,≤100
100345702834585,All Out Deutschland,All Out,≤100
1587949341492441,Claudio Zihlmann,Claudio Zihlmann,≤100
167983071434,SP Kriens,SP Kriens,≤100
107173698926440,Rindiendo en casa,These ads ran without a disclaimer,≤100
139890720097051,Die Mitte Muttenz,Die Mitte Muttenz,≤100
1926230267645689,Enogastro Info,These ads ran without a disclaimer,≤100
100369729335133,"Peter Grünenfelder, Regierungsratskandidat Zürich",Peter Grünenfelder c/o FDP Kanton Zürich,≤100
117027101705789,FDP Stadt Zürich,FDP Stadt Zürich,≤100
103440272521713,Sarah Fuchs in den Kantonsrat,Sarah Fuchs,≤100
2034886056799460,Raphael Tobler,Raphael Tobler,≤100
101120115685831,SVP Stäfa,Marco Andreas Vogt,≤100
191851397669230,VETO – Tierschutz,These ads ran without a disclaimer,≤100
112524957892586,the.cartographist,These ads ran without a disclaimer,≤100
136341053227140,EVP Winterthur,EVP Kanton Zürich,≤100
429342907157034,Beat Habegger,Beat Michael Habegger,≤100
355710291577008,Grüne Kreis 3/9,Grüne Kreis 3/9,≤100
388815591176119,SP Zürich 9,SP Zürich,≤100
567417573785872,RefLab,These ads ran without a disclaimer,≤100
109213507316253,SP Zürich 11,SP Zürich,≤100
415342655194947,ISB International School Bangkok,These ads ran without a disclaimer,≤100
104590425802557,Новости Дня,These ads ran without a disclaimer,≤100
105860035707190,photographing.journey,These ads ran without a disclaimer,≤100
104546295740207,Aura of the world,These ads ran without a disclaimer,≤100
103399508522606,Kollyy,These ads ran without a disclaimer,≤100
324950845227,VerkehrsRundschau,These ads ran without a disclaimer,≤100
108354147624545,natfarouz,These ads ran without a disclaimer,≤100
102371144884962,TVBee World,These ads ran without a disclaimer,≤100
106449882358683,Новости Дня.,These ads ran without a disclaimer,≤100
102036617851494,elina_brevnova,These ads ran without a disclaimer,≤100
110601438611168,EU News,These ads ran without a disclaimer,≤100
111361091313,NICABM,These ads ran without a disclaimer,≤100
310213709080950,Jürgen Höller,These ads ran without a disclaimer,≤100
110826091711924,viev.deutschland,These ads ran without a disclaimer,≤100
190575544322460,Bennet,These ads ran without a disclaimer,≤100
108625789179165,Soi Dog Foundation,These ads ran without a disclaimer,≤100
103093016017760,Info News,These ads ran without a disclaimer,≤100
115200218139402,О Главном,These ads ran without a disclaimer,≤100
627494203951031,Claun il Pimpa,These ads ran without a disclaimer,≤100
763722197034246,En Développement,These ads ran without a disclaimer,≤100
720206555013629,Laufen macht glücklich,These ads ran without a disclaimer,≤100
1390745591150821,NRC - Norwegian Refugee Council,These ads ran without a disclaimer,≤100
123698491019029,Lombard Odier Group,These ads ran without a disclaimer,≤100
105528162248316,viev.mobilyaa,These ads ran without a disclaimer,≤100
101727068829380,Контекст Европа,These ads ran without a disclaimer,≤100
198515713604505,Ludwig-Maximilians-Universität München,These ads ran without a disclaimer,≤100
9394693002,Bloomberg,These ads ran without a disclaimer,≤100