﻿Page ID,Page name,Disclaimer,Amount spent (CHF)
533196430187039,KMU- und Gewerbeverband Kanton Zürich,KMU- und Gewerbeverband Kanton Zürich KGV,112
317591871730585,SVP Bezirk Meilen,Marc Michel Wachter,≤100
108392832120312,Perspektive Zürich,Perspektive Zürich,≤100
105858378539790,FDP Wädenswil,FDP Wädenswil,≤100
1769803096579445,Grünliberale Bezirk Horgen,Grünliberale Bezirk Horgen,≤100
106964611977537,Switlo,Switlo,≤100
154976914534194,Save the Children Schweiz/Suisse,Save the Children Schweiz,≤100
476237372525131,Christa Isabelle Stünzi - glp ZH,Christa Isabelle Stünzi - glp ZH,≤100
111081131629685,Blackout stoppen,Volksinitiative «Jederzeit Strom für alle (Blackout stoppen)»,≤100
169752569742293,Schweizerischer Gewerbeverband sgv,Schweizerischer Gewerbeverband sgv,≤100
583706025047684,Pierre Rappazzo in den Zürcher Kantonsrat,Pierre Rappazzo,≤100
212175019347952,SVP Horgen,SVP Horgen,≤100
102578282597131,Kamylla Lisi-Brandino,Kamylla J. Lisi-Brandino,≤100
103369269163798,Mittendrin,Hanspeter Renggli,≤100
102014399307738,Direkt,direkt,≤100
135366813191979,Urs Waser Kantonsrat,Waser Urs,≤100
261452338060969,Domenik Lädi Ledergerber,Überparteiliches Unterstützungskomitee Domenik Ledergerber,≤100
107515328348195,Michael Uebersax,Michael Stefan Uebersax,≤100
260591187302640,Parti socialiste genevois,Parti socialiste genevois,≤100
169510248558,Die Mitte - Le Centre,Die Mitte,≤100
259871484198551,Thomas Matter,Thomas Matter,≤100
335609400529370,FDP Horgen,FDP Horgen,≤100
257497631736082,Gletscher-Initiative,Verein Klimaschutz Schweiz,≤100
756722317788172,FDP.Die Liberalen Stadt Luzern,FDP.Die Liberalen Stadt Luzern,≤100
2525584750795209,Nina Fehr Düsel,Nina Fehr Düsel,≤100
784812424962943,Tele Z,TELE Z,≤100
360920524334417,Grünliberale Adliswil,Grünliberale Adliswil,≤100
105262295297064,FDP.Die Liberalen Nürensdorf,FDP.Die Liberalen Nürensdorf,≤100
101759462695729,Seraina Billeter-Ihre Kandidatin,Seraina Sara Billeter,≤100
82752099000,Alternative Liste ZH,Alternative Liste Zürich,≤100
107494077464434,Janine Vannaz,Janine Vannaz,≤100
102720675292205,Thomas Schneider,Thomas Schneider,≤100
97220294896,SP Schweiz,SP Schweiz,≤100
921336971288655,Nagra,Nagra,≤100
100213996124067,Grünliberale Sektion Emmen-Hochdorf,Grünliberale Sektion Emmen-Hochdorf,≤100
705478906236710,FDP.Die Liberalen Bezirk Uster,FDP.Die Liberalen Bezirk Uster,≤100
707321076049640,Monika Keller,Monika Keller,≤100
125466200895962,Valentin Landmann,Sven Kunz,≤100
103638965961747,Gabriel Mäder - Grünliberale,Gabriel Markus Mäder,≤100
360151400680191,Die Mitte Stadt Luzern,Die Mitte Stadt Luzern,≤100
200825306651250,Renato Pfeffer EVP,EVP Kanton Zürich,≤100
100240749524401,Deborah Scharpf,Deborah Luzia Maryse Scharpf,≤100
1700824713324064,SP Zürich 10,SP Zürich 10,≤100
101417574776507,Ja zur direkten Demokratie,New Swiss Journal,≤100
269029886456205,Giorgio Fonio,Giorgio Fonio,≤100
329092184156849,Die Mitte Adliswil,Die Mitte Adliswil,≤100
292711521138736,IPFO,International Photo Festival Olten,≤100
112316138411623,NEIN zum erneut missratenen Jagdgesetz,These ads ran without a disclaimer,≤100
107717738487757,Viviane Kägi GLP,Viviane Kägi,≤100
252652524823017,EVP Kanton Zürich,EVP Kanton Zürich,≤100
488909884546537,GLP Winterthur Land,GLP Winterthur Land,≤100
864604443735247,SVP Bezirk Dietikon,SVP Bezirk Dietikon,≤100
100980232576650,Muriel Langenberger,Muriel Langenberger,≤100
109023033782956,Unisanté,Unisanté,≤100
124924180944506,IHED-Islamischer Humanitärer Entwicklungsdienst,These ads ran without a disclaimer,≤100
101791136062906,Notrechtsinitiative.ch,Notrechtsinitiative.ch,≤100
442004945974231,IG Wild beim Wild,These ads ran without a disclaimer,≤100
245030556232364,Grünliberale Partei Basel-Landschaft,Grünliberale Partei Basel-Landschaft,≤100
1587949341492441,Claudio Zihlmann,Claudio Zihlmann,≤100
416743625125770,Grüne Zürichsee,GRÜNE Bezirk Meilen,≤100
730158247033526,Readly,These ads ran without a disclaimer,≤100
231086633606227,SVP Baselland,SVP Baselland,≤100
123731471009473,Yvonne Bürgin,Yvonne Bürgin,≤100
69466809669,Alpen-Initiative,These ads ran without a disclaimer,≤100
103440272521713,Sarah Fuchs in den Kantonsrat,Sarah Fuchs,≤100
117741198303856,FDP Kanton Zürich,FDP Kanton Zürich,≤100
471258816239362,Junge SVP Luzern,Junge SVP Luzern,≤100
192244290829565,Anita Borer,Anita Borer,≤100
264952450282664,JUSO Luzern,Jungsozialist*innen Luzern,≤100
627220684023668,GRÜNE Zürich,Grüne Kanton Zürich,≤100
103269145789541,Stop au blackout,Initiative populaire « De l’électricité pour tous en tout temps (Stop au blackout) »,≤100
109742838576665,Sandro Gerber - FDP.Die Liberalen - Kantonsratskandidat ZH 2023,sandrogerber,≤100
100369729335133,"Peter Grünenfelder, Regierungsratskandidat Zürich",Peter Grünenfelder c/o FDP Kanton Zürich,≤100
1476717905682561,SP Zürich 6,SP Zürich 6,≤100
1092252917594218,Initiative pour les glaciers,Association suisse pour la protection du climat,≤100
1464661227009326,SVP Bezirk Uster,SVP Bezirk Uster,≤100
101120115685831,SVP Stäfa,Marco Andreas Vogt,≤100
156831187737967,JUSO Kanton Zürich,Jungsozialist*innen Kanton Zürich,≤100
2034886056799460,Raphael Tobler,Raphael Tobler,≤100
108595330730708,Groupe lgbtiq+ du PS genevois,Groupe lgbtiq+ du PS genevois,≤100
103550668590403,Mieux vivre sa vie,Mieux Vivre Sa Vie,≤100
108351771294208,Hubert Boog,Hubert Walter Boog,≤100
167983071434,SP Kriens,SP Kriens,≤100
1903129656584980,SP Uster,SP Uster,≤100
651956578553145,"Marita Verbali, FDP",Marita Verbali,≤100
429342907157034,Beat Habegger,Beat Michael Habegger,≤100
1599925810096142,Kreis 6/10 mit glp in die Zukunft,Grünliberale Kreis 6 und 10,≤100
355710291577008,Grüne Kreis 3/9,Grüne Kreis 3/9,≤100
113821883316185,Faktischversichert,These ads ran without a disclaimer,≤100
131136176944674,FDP.Die Liberalen Bezirk Pfäffikon,FDP.Die Liberalen Bezirk Pfäffikon,≤100
108206818777404,Bezirksgewerbeverband Bülach,Bezirksgewerbeverband Bülach,≤100
100116156110843,Stop al blackout,Iniziativa popolare «Energia elettrica in ogni tempo per tutti (Stop al blackout)»,≤100
113189798267288,Karl Heinz Meyer Wahlkampf 2023,Karl Heinz Meyer,≤100
230522120377463,FDP Allschwil-Schönenbuch,FDP Allschwil-Schönenbuch,≤100
610098352377102,Christian Pfaller,Komitee Christian Pfaller,≤100
117027101705789,FDP Stadt Zürich,FDP Stadt Zürich,≤100
136341053227140,EVP Winterthur,EVP Kanton Zürich,≤100
450602808776880,Martin Neukom,Martin Neukom,≤100
100345702834585,All Out Deutschland,All Out,≤100
161852057173460,SP Bezirk Affoltern,SP Bezirk Affoltern,≤100
109213507316253,SP Zürich 11,SP Zürich,≤100
291359247729208,PS Suisse,PS Suisse,≤100
110826091711924,viev.deutschland,These ads ran without a disclaimer,≤100
104590425802557,Новости Дня,These ads ran without a disclaimer,≤100
547115755657303,ReThink Daylight,These ads ran without a disclaimer,≤100
109407832428137,Bauernnetzwerk,These ads ran without a disclaimer,≤100
115200218139402,О Главном,These ads ran without a disclaimer,≤100
105955335714645,Exsprout-store,These ads ran without a disclaimer,≤100
104532115888790,Bolter ego,These ads ran without a disclaimer,≤100
310213709080950,Jürgen Höller,These ads ran without a disclaimer,≤100
110601438611168,EU News,These ads ran without a disclaimer,≤100
191851397669230,VETO – Tierschutz,These ads ran without a disclaimer,≤100
107173698926440,Rindiendo en casa,These ads ran without a disclaimer,≤100
105528162248316,viev.mobilyaa,These ads ran without a disclaimer,≤100
198515713604505,Ludwig-Maximilians-Universität München,These ads ran without a disclaimer,≤100
111616771110534,Beyond Riches,These ads ran without a disclaimer,≤100
368757963825913,WasteFuel,These ads ran without a disclaimer,≤100
103399508522606,Kollyy,These ads ran without a disclaimer,≤100