﻿Page ID,Page name,Disclaimer,Amount spent (CHF)
533196430187039,KMU- und Gewerbeverband Kanton Zürich,KMU- und Gewerbeverband Kanton Zürich KGV,825
154212901272905,FDP.Die Liberalen Baselland,FDP.Die Liberalen Baselland,456
169510248558,Die Mitte - Le Centre,Die Mitte,334
113772441580575,JA zu Kies aus Birmenstorf,JA zu Kies aus Birmenstorf,138
921336971288655,Nagra,Nagra,108
245489546137580,Christoph Riner - bodenständige Politik,Christoph Riner - bodenständige Politik,≤100
210502125711731,FDP Bezirk Affoltern,FDP.Die Liberalen Knonaueramt,≤100
82752099000,Alternative Liste ZH,Alternative Liste Zürich,≤100
154976914534194,Save the Children Schweiz/Suisse,Save the Children Schweiz,≤100
105858378539790,FDP Wädenswil,FDP Wädenswil,≤100
289772074451810,FDP.Die Liberalen Aargau,FDP.Die Liberalen Aargau,≤100
111081131629685,Blackout stoppen,Volksinitiative «Jederzeit Strom für alle (Blackout stoppen)»,≤100
169752569742293,Schweizerischer Gewerbeverband sgv,Schweizerischer Gewerbeverband sgv,≤100
109742838576665,Sandro Gerber - FDP.Die Liberalen - Kantonsratskandidat ZH 2023,sandrogerber,≤100
212175019347952,SVP Horgen,SVP Horgen,≤100
100213996124067,Grünliberale Sektion Emmen-Hochdorf,Grünliberale Sektion Emmen-Hochdorf,≤100
1524859774444235,Koalition für Konzernverantwortung,Koalition für Konzernverantwortung,≤100
103369269163798,Mittendrin,Hanspeter Renggli,≤100
102578282597131,Kamylla Lisi-Brandino,Kamylla J. Lisi-Brandino,≤100
375845269120737,FDP. Die Liberalen Dietikon,FDP. Die Liberalen Dietikon,≤100
260591187302640,Parti socialiste genevois,Parti socialiste genevois,≤100
100369729335133,"Peter Grünenfelder, Regierungsratskandidat Zürich",Peter Grünenfelder c/o FDP Kanton Zürich,≤100
107515328348195,Michael Uebersax,Michael Stefan Uebersax,≤100
257497631736082,Gletscher-Initiative,Verein Klimaschutz Schweiz,≤100
106964611977537,Switlo,Switlo,≤100
102014399307738,Direkt,direkt,≤100
100732476262537,GLP Willisau,GLP Wahlkreis Willisau,≤100
97220294896,SP Schweiz,SP Schweiz,≤100
105262295297064,FDP.Die Liberalen Nürensdorf,FDP.Die Liberalen Nürensdorf,≤100
854141954663925,Isabel Garcia GLP,Isabel Garcia Brunisholz,≤100
206831926864378,SVP Gelterkinden und Umgebung,SVP Gelterkinden und Umgebung,≤100
101500332827222,SVP Wahlkreis Sursee,SVP Wahlkreis Sursee,≤100
259871484198551,Thomas Matter,Thomas Matter,≤100
2525584750795209,Nina Fehr Düsel,Nina Fehr Düsel,≤100
108392832120312,Perspektive Zürich,Perspektive Zürich,≤100
261452338060969,Domenik Lädi Ledergerber,Überparteiliches Unterstützungskomitee Domenik Ledergerber,≤100
107494077464434,Janine Vannaz,Janine Vannaz,≤100
107717738487757,Viviane Kägi GLP,Viviane Kägi,≤100
106264082355003,Sven Heinzelmann,Komitee «Sven Heinzelmann in den Kantonsrat»,≤100
784812424962943,Tele Z,TELE Z,≤100
200825306651250,Renato Pfeffer EVP,EVP Kanton Zürich,≤100
1607548886172610,Hans-Ulrich Bigler,Hans-Ulrich Bigler,≤100
488909884546537,GLP Winterthur Land,GLP Winterthur Land,≤100
100240749524401,Deborah Scharpf,Deborah Luzia Maryse Scharpf,≤100
102720675292205,Thomas Schneider,Thomas Schneider,≤100
125466200895962,Valentin Landmann,Sven Kunz,≤100
1700824713324064,SP Zürich 10,SP Zürich 10,≤100
170262515730,FDP.Die Liberalen Arlesheim,FDP.Die Liberalen Arlesheim,≤100
231086633606227,SVP Baselland,SVP Baselland,≤100
102531252603779,Stephan Jung,Stephan Jung,≤100
864604443735247,SVP Bezirk Dietikon,SVP Bezirk Dietikon,≤100
707321076049640,Monika Keller,Monika Keller,≤100
269029886456205,Giorgio Fonio,Giorgio Fonio,≤100
108608181846149,Umut Gökbas,Mehmet Umut Gökbas,≤100
112316138411623,NEIN zum erneut missratenen Jagdgesetz,These ads ran without a disclaimer,≤100
101767182105712,Grüne Bezirk Affoltern,GRÜNE Bezirk Affoltern,≤100
292711521138736,IPFO,International Photo Festival Olten,≤100
187828241245131,Grüne Baselland,Grüne Baselland,≤100
175849189128043,"Andreas Seiler, FDP, Einwohnerrat Pratteln",Andreas Stefan Seiler,≤100
809697199378485,Sandra Cellarius,Sandra Alice Cellarius,≤100
252652524823017,EVP Kanton Zürich,EVP Kanton Zürich,≤100
102281186098428,Sara Sangiacomo,Rosaria Sangiacomo,≤100
329092184156849,Die Mitte Adliswil,Die Mitte Adliswil,≤100
705478906236710,FDP.Die Liberalen Bezirk Uster,FDP.Die Liberalen Bezirk Uster,≤100
124924180944506,IHED-Islamischer Humanitärer Entwicklungsdienst,These ads ran without a disclaimer,≤100
1462022710772147,Hans Egli,Hans Egli,≤100
689505424449213,Jungfreisinnige Limmattal,Jungfreisinnige Limmattal,≤100
107911655043545,SVP Beromünster,SVP Beromünster,≤100
100980232576650,Muriel Langenberger,Muriel Langenberger,≤100
1764183190338571,SVP Kreis 3,Derek Richter,≤100
101791136062906,Notrechtsinitiative.ch,Notrechtsinitiative.ch,≤100
230522120377463,FDP Allschwil-Schönenbuch,FDP Allschwil-Schönenbuch,≤100
111516028427691,Die Mitte Oberes Baselbiet,Die Mitte Oberes Baselbiet,≤100
778855988853776,SP Allschwil-Schönenbuch,SP Allschwil Schönenbuch,≤100
245030556232364,Grünliberale Partei Basel-Landschaft,Grünliberale Partei Basel-Landschaft,≤100
114584561517154,Komitee für ein JA zum Basler Steuerpaket,Komitee JA! zum Basler Steuerpaket,≤100
335609400529370,FDP Horgen,FDP Horgen,≤100
1769803096579445,Grünliberale Bezirk Horgen,Grünliberale Bezirk Horgen,≤100
101417574776507,Ja zur direkten Demokratie,New Swiss Journal,≤100
113189798267288,Karl Heinz Meyer Wahlkampf 2023,Karl Heinz Meyer,≤100
111616771110534,Beyond Riches,These ads ran without a disclaimer,≤100
730158247033526,Readly,These ads ran without a disclaimer,≤100
264952450282664,JUSO Luzern,Jungsozialist*innen Luzern,≤100
104942962435489,Sarah Regez,Sarah Regez,≤100
756722317788172,FDP.Die Liberalen Stadt Luzern,FDP.Die Liberalen Stadt Luzern,≤100
109023033782956,Unisanté,Unisanté,≤100
1599925810096142,Kreis 6/10 mit glp in die Zukunft,Grünliberale Kreis 6 und 10,≤100
102833318045836,Nick Glättli,Nick Didier Glättli,≤100
627220684023668,GRÜNE Zürich,Grüne Kanton Zürich,≤100
1092252917594218,Initiative pour les glaciers,Association suisse pour la protection du climat,≤100
192244290829565,Anita Borer,Anita Borer,≤100
416743625125770,Grüne Zürichsee,GRÜNE Bezirk Meilen,≤100
113273198762176,FDP.Die Liberalen Pratteln,FDP.Die Liberalen Pratteln,≤100
442004945974231,IG Wild beim Wild,These ads ran without a disclaimer,≤100
103269145789541,Stop au blackout,Initiative populaire « De l’électricité pour tous en tout temps (Stop au blackout) »,≤100
1476717905682561,SP Zürich 6,SP Zürich 6,≤100
115200218139402,О Главном,These ads ran without a disclaimer,≤100
1587949341492441,Claudio Zihlmann,Claudio Zihlmann,≤100
123731471009473,Yvonne Bürgin,Yvonne Bürgin,≤100
103215392637344,Robin Kuhn,Robin Jonas Kuhn,≤100
69466809669,Alpen-Initiative,These ads ran without a disclaimer,≤100
117741198303856,FDP Kanton Zürich,FDP Kanton Zürich,≤100
108595330730708,Groupe lgbtiq+ du PS genevois,Groupe lgbtiq+ du PS genevois,≤100
651956578553145,"Marita Verbali, FDP",Marita Verbali,≤100
190133177759419,Giuseppe Cotti,Giuseppe Cotti,≤100
360151400680191,Die Mitte Stadt Luzern,Die Mitte Stadt Luzern,≤100
100345702834585,All Out Deutschland,All Out,≤100
169042736456594,All Out,All Out,≤100
305699609616768,Verdi Liberali Ticino,verdi liberali Ticino,≤100
291359247729208,PS Suisse,PS Suisse,≤100
108206818777404,Bezirksgewerbeverband Bülach,Bezirksgewerbeverband Bülach,≤100
103440272521713,Sarah Fuchs in den Kantonsrat,Sarah Fuchs,≤100
139890720097051,Die Mitte Muttenz,Die Mitte Muttenz,≤100
101120115685831,SVP Stäfa,Marco Andreas Vogt,≤100
100116156110843,Stop al blackout,Iniziativa popolare «Energia elettrica in ogni tempo per tutti (Stop al blackout)»,≤100
2034886056799460,Raphael Tobler,Raphael Tobler,≤100
285304141802550,FDP Niederhasli,FDP Niederhasli,≤100
105257442419923,Die Mitte Bezirk Bülach,Die Mitte Bezirk Bülach,≤100
103550668590403,Mieux vivre sa vie,Mieux Vivre Sa Vie,≤100
1903129656584980,SP Uster,SP Uster,≤100
355710291577008,Grüne Kreis 3/9,Grüne Kreis 3/9,≤100
600706570124933,Verkehrssanierungen JA,Verkehrssanierungen JA,≤100
113821883316185,Faktischversichert,These ads ran without a disclaimer,≤100
285821738704789,Nathalie Aeschbacher,Nathalie Anna Aeschbacher,≤100
103082059271118,SP Bezirk Hinwil,SP Wetzikon,≤100
471258816239362,Junge SVP Luzern,Junge SVP Luzern,≤100
110826091711924,viev.deutschland,These ads ran without a disclaimer,≤100
608260099589519,Dominic Täubert,EVP Kanton Zürich,≤100
109213507316253,SP Zürich 11,SP Zürich,≤100
108351771294208,Hubert Boog,Hubert Walter Boog,≤100
170449246402589,Grünliberale Stadt Zürich,Grünliberale Partei Stadt Zürich,≤100
105528162248316,viev.mobilyaa,These ads ran without a disclaimer,≤100
136341053227140,EVP Winterthur,EVP Kanton Zürich,≤100
429342907157034,Beat Habegger,Beat Michael Habegger,≤100
113326388690102,SP Zürich 1 und 2,SP Zürich 1+2,≤100
167983071434,SP Kriens,SP Kriens,≤100
117027101705789,FDP Stadt Zürich,FDP Stadt Zürich,≤100
469738339721305,SP Zürich 3,Sozialdemokratische Partei Zürich 3,≤100
131136176944674,FDP.Die Liberalen Bezirk Pfäffikon,FDP.Die Liberalen Bezirk Pfäffikon,≤100
104265952574760,EVP Kreuzlingen,Adrian Robin Ziörjen,≤100
1959919117421939,FDP.Die Liberalen Bezirk Bülach,FDP.Die Liberalen Bezirk Bülach,≤100
100432824661437,Bettina Balmer FDP,Bettina Balmer,≤100
567417573785872,RefLab,These ads ran without a disclaimer,≤100
388815591176119,SP Zürich 9,SP Zürich,≤100
610098352377102,Christian Pfaller,Komitee Christian Pfaller,≤100
450602808776880,Martin Neukom,Martin Neukom,≤100
105860035707190,photographing.journey,These ads ran without a disclaimer,≤100
324950845227,VerkehrsRundschau,These ads ran without a disclaimer,≤100
103093016017760,Info News,These ads ran without a disclaimer,≤100
111361091313,NICABM,These ads ran without a disclaimer,≤100
100846489215390,Cactus Cat,These ads ran without a disclaimer,≤100
100447972970702,Miconos,These ads ran without a disclaimer,≤100
198515713604505,Ludwig-Maximilians-Universität München,These ads ran without a disclaimer,≤100
108625789179165,Soi Dog Foundation,These ads ran without a disclaimer,≤100
113656864962740,Новости Дня.,These ads ran without a disclaimer,≤100
112749448851,Coca-Cola Europacific Partners,These ads ran without a disclaimer,≤100
117030171292542,Mercury,These ads ran without a disclaimer,≤100
112861661599616,militarylegacy,These ads ran without a disclaimer,≤100
139666286225597,Euranet Plus - Official,These ads ran without a disclaimer,≤100
102149205797976,IoT Insider,These ads ran without a disclaimer,≤100
103399508522606,Kollyy,These ads ran without a disclaimer,≤100
116941867957052,Rotonjo,These ads ran without a disclaimer,≤100
104532115888790,Bolter ego,These ads ran without a disclaimer,≤100
104590425802557,Новости Дня,These ads ran without a disclaimer,≤100
720206555013629,Laufen macht glücklich,These ads ran without a disclaimer,≤100
103439331518544,MH Michaela Huber,These ads ran without a disclaimer,≤100
101727068829380,Контекст Европа,These ads ran without a disclaimer,≤100
106620807391911,Roche,These ads ran without a disclaimer,≤100
37143846750,Delinat,These ads ran without a disclaimer,≤100
104546295740207,Aura of the world,These ads ran without a disclaimer,≤100
123698491019029,Lombard Odier Group,These ads ran without a disclaimer,≤100
1390745591150821,NRC - Norwegian Refugee Council,These ads ran without a disclaimer,≤100
310213709080950,Jürgen Höller,These ads ran without a disclaimer,≤100
102326342780397,Domenique Invezt,These ads ran without a disclaimer,≤100
191851397669230,VETO – Tierschutz,These ads ran without a disclaimer,≤100
107173698926440,Rindiendo en casa,These ads ran without a disclaimer,≤100
415342655194947,ISB International School Bangkok,These ads ran without a disclaimer,≤100
626421264125175,Saki Matsumoto illustration,These ads ran without a disclaimer,≤100
368757963825913,WasteFuel,These ads ran without a disclaimer,≤100
130722880311634,Junge Union Chemnitz,These ads ran without a disclaimer,≤100