﻿Page ID,Page name,Disclaimer,Amount spent (CHF)
245030556232364,Grünliberale Partei Basel-Landschaft,Grünliberale Partei Basel-Landschaft,2500
126256997433456,SP Baselland,SP Baselland,1980
154212901272905,FDP.Die Liberalen Baselland,FDP.Die Liberalen Baselland,1240
187828241245131,Grüne Baselland,Grüne Baselland,1065
106020715591381,"Thomi Jourdan - Regierungsratskandidat Baselland - ""fürs Baselbiet vo morn""",Thomi Jourdan in den Regierungsrat,527
102691421255810,PlanBasel,PlanBasel,441
231086633606227,SVP Baselland,SVP Baselland,358
778855988853776,SP Allschwil-Schönenbuch,SP Allschwil Schönenbuch,274
104942962435489,Sarah Regez,Sarah Regez,133
111516028427691,Die Mitte Oberes Baselbiet,Die Mitte Oberes Baselbiet,112
169510248558,Die Mitte - Le Centre,Die Mitte,110
265041068300,JUSO Baselland,JUSO Baselland,≤100
170262515730,FDP.Die Liberalen Arlesheim,FDP.Die Liberalen Arlesheim,≤100
105077090852878,Lucio Sansano,Lucio Carmelo Sansano,≤100
106254955524910,SVP Binningen,SVP Binningen,≤100
205235402844715,SP Binningen,SP Binningen,≤100
657830007560468,SP Aesch-Pfeffingen,SP Aesch-Pfeffingen,≤100
175849189128043,"Andreas Seiler, FDP, Einwohnerrat Pratteln",Andreas Stefan Seiler,≤100
105382355680021,Unterwägs uf Lieschtel,Unterwägs uf Lieschtel,≤100
101012679501703,Stephan Siegel in den Landrat,Stephan Siegel in den Landrat,≤100
114998068149733,Dr. Stefan Meyer,Stefan Jörg Meyer,≤100
108608181846149,Umut Gökbas,Mehmet Umut Gökbas,≤100
154976914534194,Save the Children Schweiz/Suisse,Save the Children Schweiz,≤100
139890720097051,Die Mitte Muttenz,Die Mitte Muttenz,≤100
206831926864378,SVP Gelterkinden und Umgebung,SVP Gelterkinden und Umgebung,≤100
100505278746845,Gesunde Finanzen,Organisation für gesunde Gemeindefinanzen,≤100
169752569742293,Schweizerischer Gewerbeverband sgv,Schweizerischer Gewerbeverband sgv,≤100
102531252603779,Stephan Jung,Stephan Jung,≤100
114584561517154,Komitee für ein JA zum Basler Steuerpaket,Komitee JA! zum Basler Steuerpaket,≤100
111081131629685,Blackout stoppen,Volksinitiative «Jederzeit Strom für alle (Blackout stoppen)»,≤100
257497631736082,Gletscher-Initiative,Verein Klimaschutz Schweiz,≤100
103369269163798,Mittendrin,Hanspeter Renggli,≤100
260591187302640,Parti socialiste genevois,Parti socialiste genevois,≤100
102014399307738,Direkt,direkt,≤100
113273198762176,FDP.Die Liberalen Pratteln,FDP.Die Liberalen Pratteln,≤100
104937837702194,SP EVP GRÜNE für Gelterkinden,SP EVP GRÜNE für Gelterkinden,≤100
230522120377463,FDP Allschwil-Schönenbuch,FDP Allschwil-Schönenbuch,≤100
97220294896,SP Schweiz,SP Schweiz,≤100
259871484198551,Thomas Matter,Thomas Matter,≤100
102691421255810,PlanBasel,These ads ran without a disclaimer,≤100
921336971288655,Nagra,Nagra,≤100
784812424962943,Tele Z,TELE Z,≤100
200825306651250,Renato Pfeffer EVP,EVP Kanton Zürich,≤100
1700824713324064,SP Zürich 10,SP Zürich 10,≤100
82752099000,Alternative Liste ZH,Alternative Liste Zürich,≤100
107494077464434,Janine Vannaz,Janine Vannaz,≤100
269029886456205,Giorgio Fonio,Giorgio Fonio,≤100
864604443735247,SVP Bezirk Dietikon,SVP Bezirk Dietikon,≤100
292711521138736,IPFO,International Photo Festival Olten,≤100
112316138411623,NEIN zum erneut missratenen Jagdgesetz,These ads ran without a disclaimer,≤100
124924180944506,IHED-Islamischer Humanitärer Entwicklungsdienst,These ads ran without a disclaimer,≤100
705478906236710,FDP.Die Liberalen Bezirk Uster,FDP.Die Liberalen Bezirk Uster,≤100
1599925810096142,Kreis 6/10 mit glp in die Zukunft,Grünliberale Kreis 6 und 10,≤100
125466200895962,Valentin Landmann,Sven Kunz,≤100
100980232576650,Muriel Langenberger,Muriel Langenberger,≤100
1092252917594218,Initiative pour les glaciers,Association suisse pour la protection du climat,≤100
101791136062906,Notrechtsinitiative.ch,Notrechtsinitiative.ch,≤100
1769803096579445,Grünliberale Bezirk Horgen,Grünliberale Bezirk Horgen,≤100
109023033782956,Unisanté,Unisanté,≤100
123731471009473,Yvonne Bürgin,Yvonne Bürgin,≤100
730158247033526,Readly,These ads ran without a disclaimer,≤100
103269145789541,Stop au blackout,Initiative populaire « De l’électricité pour tous en tout temps (Stop au blackout) »,≤100
305699609616768,Verdi Liberali Ticino,verdi liberali Ticino,≤100
264952450282664,JUSO Luzern,Jungsozialist*innen Luzern,≤100
1524859774444235,Koalition für Konzernverantwortung,Koalition für Konzernverantwortung,≤100
442004945974231,IG Wild beim Wild,These ads ran without a disclaimer,≤100
245489546137580,Christoph Riner - bodenständige Politik,Christoph Riner - bodenständige Politik,≤100
1476717905682561,SP Zürich 6,SP Zürich 6,≤100
101417574776507,Ja zur direkten Demokratie,New Swiss Journal,≤100
69466809669,Alpen-Initiative,These ads ran without a disclaimer,≤100
103082059271118,SP Bezirk Hinwil,SP Wetzikon,≤100
101120115685831,SVP Stäfa,Marco Andreas Vogt,≤100
651956578553145,"Marita Verbali, FDP",Marita Verbali,≤100
416743625125770,Grüne Zürichsee,GRÜNE Bezirk Meilen,≤100
100345702834585,All Out Deutschland,All Out,≤100
252652524823017,EVP Kanton Zürich,EVP Kanton Zürich,≤100
2525584750795209,Nina Fehr Düsel,Nina Fehr Düsel,≤100
191851397669230,VETO – Tierschutz,These ads ran without a disclaimer,≤100
103399508522606,Kollyy,These ads ran without a disclaimer,≤100
1587949341492441,Claudio Zihlmann,Claudio Zihlmann,≤100
627220684023668,GRÜNE Zürich,Grüne Kanton Zürich,≤100
190133177759419,Giuseppe Cotti,Giuseppe Cotti,≤100
103550668590403,Mieux vivre sa vie,Mieux Vivre Sa Vie,≤100
110826091711924,viev.deutschland,These ads ran without a disclaimer,≤100
105528162248316,viev.mobilyaa,These ads ran without a disclaimer,≤100
600706570124933,Verkehrssanierungen JA,Verkehrssanierungen JA,≤100
100116156110843,Stop al blackout,Iniziativa popolare «Energia elettrica in ogni tempo per tutti (Stop al blackout)»,≤100
291359247729208,PS Suisse,PS Suisse,≤100
100369729335133,"Peter Grünenfelder, Regierungsratskandidat Zürich",Peter Grünenfelder c/o FDP Kanton Zürich,≤100
113821883316185,Faktischversichert,These ads ran without a disclaimer,≤100
169042736456594,All Out,All Out,≤100
107173698926440,Rindiendo en casa,These ads ran without a disclaimer,≤100
108595330730708,Groupe lgbtiq+ du PS genevois,Groupe lgbtiq+ du PS genevois,≤100
212175019347952,SVP Horgen,SVP Horgen,≤100
261452338060969,Domenik Lädi Ledergerber,Überparteiliches Unterstützungskomitee Domenik Ledergerber,≤100
2034886056799460,Raphael Tobler,Raphael Tobler,≤100
108206818777404,Bezirksgewerbeverband Bülach,Bezirksgewerbeverband Bülach,≤100
108351771294208,Hubert Boog,Hubert Walter Boog,≤100
113189798267288,Karl Heinz Meyer Wahlkampf 2023,Karl Heinz Meyer,≤100
469738339721305,SP Zürich 3,Sozialdemokratische Partei Zürich 3,≤100
567417573785872,RefLab,These ads ran without a disclaimer,≤100
170449246402589,Grünliberale Stadt Zürich,Grünliberale Partei Stadt Zürich,≤100
355710291577008,Grüne Kreis 3/9,Grüne Kreis 3/9,≤100
105257442419923,Die Mitte Bezirk Bülach,Die Mitte Bezirk Bülach,≤100
104590425802557,Новости Дня,These ads ran without a disclaimer,≤100
105860035707190,photographing.journey,These ads ran without a disclaimer,≤100
106620807391911,Roche,These ads ran without a disclaimer,≤100
720206555013629,Laufen macht glücklich,These ads ran without a disclaimer,≤100
547115755657303,ReThink Daylight,These ads ran without a disclaimer,≤100
101727068829380,Контекст Европа,These ads ran without a disclaimer,≤100
115200218139402,О Главном,These ads ran without a disclaimer,≤100
111616771110534,Beyond Riches,These ads ran without a disclaimer,≤100
763722197034246,En Développement,These ads ran without a disclaimer,≤100
102326342780397,Domenique Invezt,These ads ran without a disclaimer,≤100
102036617851494,elina_brevnova,These ads ran without a disclaimer,≤100
415342655194947,ISB International School Bangkok,These ads ran without a disclaimer,≤100
108625789179165,Soi Dog Foundation,These ads ran without a disclaimer,≤100
310213709080950,Jürgen Höller,These ads ran without a disclaimer,≤100
116941867957052,Rotonjo,These ads ran without a disclaimer,≤100
198515713604505,Ludwig-Maximilians-Universität München,These ads ran without a disclaimer,≤100
1220981994590364,FT Partner Content,These ads ran without a disclaimer,≤100