﻿Page ID,Page name,Disclaimer,Amount spent (CHF)
154212901272905,FDP.Die Liberalen Baselland,FDP.Die Liberalen Baselland,≤100
103550668590403,Mieux vivre sa vie,Mieux Vivre Sa Vie,≤100
260591187302640,Parti socialiste genevois,Parti socialiste genevois,≤100
510352742440847,Coalition pour des multinationales responsables,Coalition pour des multinationales responsables,≤100
103269145789541,Stop au blackout,Initiative populaire « De l’électricité pour tous en tout temps (Stop au blackout) »,≤100
1092252917594218,Initiative pour les glaciers,Association suisse pour la protection du climat,≤100
169752569742293,Schweizerischer Gewerbeverband sgv,Schweizerischer Gewerbeverband sgv,≤100
169510248558,Die Mitte - Le Centre,Die Mitte,≤100
111081131629685,Blackout stoppen,Volksinitiative «Jederzeit Strom für alle (Blackout stoppen)»,≤100
291359247729208,PS Suisse,PS Suisse,≤100
200825306651250,Renato Pfeffer EVP,EVP Kanton Zürich,≤100
259871484198551,Thomas Matter,Thomas Matter,≤100
921336971288655,Nagra,Nagra,≤100
257497631736082,Gletscher-Initiative,Verein Klimaschutz Schweiz,≤100
102014399307738,Direkt,direkt,≤100
230522120377463,FDP Allschwil-Schönenbuch,FDP Allschwil-Schönenbuch,≤100
158820214312321,Citations Ron Hubbard,Mieux Vivre Sa Vie,≤100
292711521138736,IPFO,International Photo Festival Olten,≤100
864604443735247,SVP Bezirk Dietikon,SVP Bezirk Dietikon,≤100
154976914534194,Save the Children Schweiz/Suisse,Save the Children Schweiz,≤100
269029886456205,Giorgio Fonio,Giorgio Fonio,≤100
187828241245131,Grüne Baselland,Grüne Baselland,≤100
100980232576650,Muriel Langenberger,Muriel Langenberger,≤100
82752099000,Alternative Liste ZH,Alternative Liste Zürich,≤100
1769803096579445,Grünliberale Bezirk Horgen,Grünliberale Bezirk Horgen,≤100
218538701651843,Union suisse des arts et métiers usam,Schweizerischer Gewerbeverband sgv,≤100
705478906236710,FDP.Die Liberalen Bezirk Uster,FDP.Die Liberalen Bezirk Uster,≤100
101791136062906,Notrechtsinitiative.ch,Notrechtsinitiative.ch,≤100
1700824713324064,SP Zürich 10,SP Zürich 10,≤100
97220294896,SP Schweiz,SP Schweiz,≤100
112316138411623,NEIN zum erneut missratenen Jagdgesetz,These ads ran without a disclaimer,≤100
107494077464434,Janine Vannaz,Janine Vannaz,≤100
784812424962943,Tele Z,TELE Z,≤100
730158247033526,Readly,These ads ran without a disclaimer,≤100
600706570124933,Verkehrssanierungen JA,Verkehrssanierungen JA,≤100
103369269163798,Mittendrin,Hanspeter Renggli,≤100
231086633606227,SVP Baselland,SVP Baselland,≤100
1599925810096142,Kreis 6/10 mit glp in die Zukunft,Grünliberale Kreis 6 und 10,≤100
264952450282664,JUSO Luzern,Jungsozialist*innen Luzern,≤100
651956578553145,"Marita Verbali, FDP",Marita Verbali,≤100
139890720097051,Die Mitte Muttenz,Die Mitte Muttenz,≤100
108595330730708,Groupe lgbtiq+ du PS genevois,Groupe lgbtiq+ du PS genevois,≤100
442004945974231,IG Wild beim Wild,These ads ran without a disclaimer,≤100
778855988853776,SP Allschwil-Schönenbuch,SP Allschwil Schönenbuch,≤100
101120115685831,SVP Stäfa,Marco Andreas Vogt,≤100
2525584750795209,Nina Fehr Düsel,Nina Fehr Düsel,≤100
627220684023668,GRÜNE Zürich,Grüne Kanton Zürich,≤100
2034886056799460,Raphael Tobler,Raphael Tobler,≤100
170262515730,FDP.Die Liberalen Arlesheim,FDP.Die Liberalen Arlesheim,≤100
416743625125770,Grüne Zürichsee,GRÜNE Bezirk Meilen,≤100
100369729335133,"Peter Grünenfelder, Regierungsratskandidat Zürich",Peter Grünenfelder c/o FDP Kanton Zürich,≤100
567417573785872,RefLab,These ads ran without a disclaimer,≤100
105188432853984,Tribune de Genève,These ads ran without a disclaimer,≤100
109023033782956,Unisanté,Unisanté,≤100
124924180944506,IHED-Islamischer Humanitärer Entwicklungsdienst,These ads ran without a disclaimer,≤100
105860035707190,photographing.journey,These ads ran without a disclaimer,≤100
111361091313,NICABM,These ads ran without a disclaimer,≤100
105528162248316,viev.mobilyaa,These ads ran without a disclaimer,≤100
110826091711924,viev.deutschland,These ads ran without a disclaimer,≤100
415342655194947,ISB International School Bangkok,These ads ran without a disclaimer,≤100
763722197034246,En Développement,These ads ran without a disclaimer,≤100
111616771110534,Beyond Riches,These ads ran without a disclaimer,≤100
115200218139402,О Главном,These ads ran without a disclaimer,≤100
103399508522606,Kollyy,These ads ran without a disclaimer,≤100
108625789179165,Soi Dog Foundation,These ads ran without a disclaimer,≤100
104590425802557,Новости Дня,These ads ran without a disclaimer,≤100
547115755657303,ReThink Daylight,These ads ran without a disclaimer,≤100