﻿Page ID,Page name,Disclaimer,Amount spent (CHF)
533196430187039,KMU- und Gewerbeverband Kanton Zürich,KMU- und Gewerbeverband Kanton Zürich KGV,113
191136321464981,Die Mitte Stadt Winterthur,Die Mitte Stadt Winterthur,≤100
82752099000,Alternative Liste ZH,Alternative Liste Zürich,≤100
104265952574760,EVP Kreuzlingen,Adrian Robin Ziörjen,≤100
111081131629685,Blackout stoppen,Volksinitiative «Jederzeit Strom für alle (Blackout stoppen)»,≤100
154976914534194,Save the Children Schweiz/Suisse,Save the Children Schweiz,≤100
231320586878427,Hauseigentümerverband (HEV) Region Winterthur,Hauseigentümerverband Region Winterthur,≤100
106563052005929,SVP Kreuzlingen,SVP Kreuzlingen,≤100
105858378539790,FDP Wädenswil,FDP Wädenswil,≤100
169752569742293,Schweizerischer Gewerbeverband sgv,Schweizerischer Gewerbeverband sgv,≤100
650175488441328,Martin Farner,Farners GmbH,≤100
107717738487757,Viviane Kägi GLP,Viviane Kägi,≤100
107515328348195,Michael Uebersax,Michael Stefan Uebersax,≤100
252652524823017,EVP Kanton Zürich,EVP Kanton Zürich,≤100
488909884546537,GLP Winterthur Land,GLP Winterthur Land,≤100
196056317938049,Roger Martin - Stadtpräsident Romanshorn,Roger Martin,≤100
260591187302640,Parti socialiste genevois,Parti socialiste genevois,≤100
102014399307738,Direkt,direkt,≤100
257497631736082,Gletscher-Initiative,Verein Klimaschutz Schweiz,≤100
102578282597131,Kamylla Lisi-Brandino,Kamylla J. Lisi-Brandino,≤100
108692711660498,Urs Wegmann,Urs Wegmann,≤100
416870065122171,Jungfreisinnige Winterthur,Jungfreisinnige Winterthur,≤100
135939773133793,Grüne Winterthur,Grüne Winterthur,≤100
212175019347952,SVP Horgen,SVP Horgen,≤100
784812424962943,Tele Z,TELE Z,≤100
921336971288655,Nagra,Nagra,≤100
259871484198551,Thomas Matter,Thomas Matter,≤100
169510248558,Die Mitte - Le Centre,Die Mitte,≤100
155659847849677,Martin Huber in den Kantonsrat,Martin Huber in den Kantonsrat,≤100
97220294896,SP Schweiz,SP Schweiz,≤100
261452338060969,Domenik Lädi Ledergerber,Überparteiliches Unterstützungskomitee Domenik Ledergerber,≤100
1903129656584980,SP Uster,SP Uster,≤100
109742838576665,Sandro Gerber - FDP.Die Liberalen - Kantonsratskandidat ZH 2023,sandrogerber,≤100
200825306651250,Renato Pfeffer EVP,EVP Kanton Zürich,≤100
107494077464434,Janine Vannaz,Janine Vannaz,≤100
100489412910247,Nora Ernst - GLP,Nora Ernst - GLP,≤100
2525584750795209,Nina Fehr Düsel,Nina Fehr Düsel,≤100
1700824713324064,SP Zürich 10,SP Zürich 10,≤100
100240749524401,Deborah Scharpf,Deborah Luzia Maryse Scharpf,≤100
105262295297064,FDP.Die Liberalen Nürensdorf,FDP.Die Liberalen Nürensdorf,≤100
269029886456205,Giorgio Fonio,Giorgio Fonio,≤100
102720675292205,Thomas Schneider,Thomas Schneider,≤100
864604443735247,SVP Bezirk Dietikon,SVP Bezirk Dietikon,≤100
109469528675603,Philipp Egger,Philipp Egger,≤100
707321076049640,Monika Keller,Monika Keller,≤100
125466200895962,Valentin Landmann,Sven Kunz,≤100
705478906236710,FDP.Die Liberalen Bezirk Uster,FDP.Die Liberalen Bezirk Uster,≤100
292711521138736,IPFO,International Photo Festival Olten,≤100
100369729335133,"Peter Grünenfelder, Regierungsratskandidat Zürich",Peter Grünenfelder c/o FDP Kanton Zürich,≤100
112316138411623,NEIN zum erneut missratenen Jagdgesetz,These ads ran without a disclaimer,≤100
108392832120312,Perspektive Zürich,Perspektive Zürich,≤100
124924180944506,IHED-Islamischer Humanitärer Entwicklungsdienst,These ads ran without a disclaimer,≤100
101791136062906,Notrechtsinitiative.ch,Notrechtsinitiative.ch,≤100
123731471009473,Yvonne Bürgin,Yvonne Bürgin,≤100
1769803096579445,Grünliberale Bezirk Horgen,Grünliberale Bezirk Horgen,≤100
100980232576650,Muriel Langenberger,Muriel Langenberger,≤100
131136176944674,FDP.Die Liberalen Bezirk Pfäffikon,FDP.Die Liberalen Bezirk Pfäffikon,≤100
329092184156849,Die Mitte Adliswil,Die Mitte Adliswil,≤100
245030556232364,Grünliberale Partei Basel-Landschaft,Grünliberale Partei Basel-Landschaft,≤100
117741198303856,FDP Kanton Zürich,FDP Kanton Zürich,≤100
206817592664659,Junge Grünliberale Zürich - jglp ZH,Junge Grünliberale Zürich - jglp ZH,≤100
730158247033526,Readly,These ads ran without a disclaimer,≤100
264952450282664,JUSO Luzern,Jungsozialist*innen Luzern,≤100
1476717905682561,SP Zürich 6,SP Zürich 6,≤100
1599925810096142,Kreis 6/10 mit glp in die Zukunft,Grünliberale Kreis 6 und 10,≤100
2034886056799460,Raphael Tobler,Raphael Tobler,≤100
103269145789541,Stop au blackout,Initiative populaire « De l’électricité pour tous en tout temps (Stop au blackout) »,≤100
1587949341492441,Claudio Zihlmann,Claudio Zihlmann,≤100
627220684023668,GRÜNE Zürich,Grüne Kanton Zürich,≤100
111616771110534,Beyond Riches,These ads ran without a disclaimer,≤100
281675942494661,SVP Bezirk Pfäffikon ZH,SVP Bezirk Pfäffikon ZH,≤100
103571105961903,Marc-André Beck,Marc-André Beck,≤100
416743625125770,Grüne Zürichsee,GRÜNE Bezirk Meilen,≤100
103850865786634,Grünliberale Bezirk Hinwil,Grünliberale Bezirk Hinwil,≤100
109023033782956,Unisanté,Unisanté,≤100
101417574776507,Ja zur direkten Demokratie,New Swiss Journal,≤100
442004945974231,IG Wild beim Wild,These ads ran without a disclaimer,≤100
106105549469184,Der ROTE Stuhl,SP Weinfelden,≤100
231086633606227,SVP Baselland,SVP Baselland,≤100
651956578553145,"Marita Verbali, FDP",Marita Verbali,≤100
192244290829565,Anita Borer,Anita Borer,≤100
69466809669,Alpen-Initiative,These ads ran without a disclaimer,≤100
139890720097051,Die Mitte Muttenz,Die Mitte Muttenz,≤100
103550668590403,Mieux vivre sa vie,Mieux Vivre Sa Vie,≤100
1092252917594218,Initiative pour les glaciers,Association suisse pour la protection du climat,≤100
191851397669230,VETO – Tierschutz,These ads ran without a disclaimer,≤100
136341053227140,EVP Winterthur,EVP Kanton Zürich,≤100
100345702834585,All Out Deutschland,All Out,≤100
106563052005929,SVP Kreuzlingen,These ads ran without a disclaimer,≤100
108206818777404,Bezirksgewerbeverband Bülach,Bezirksgewerbeverband Bülach,≤100
100116156110843,Stop al blackout,Iniziativa popolare «Energia elettrica in ogni tempo per tutti (Stop al blackout)»,≤100
169042736456594,All Out,All Out,≤100
230522120377463,FDP Allschwil-Schönenbuch,FDP Allschwil-Schönenbuch,≤100
105528162248316,viev.mobilyaa,These ads ran without a disclaimer,≤100
101120115685831,SVP Stäfa,Marco Andreas Vogt,≤100
110826091711924,viev.deutschland,These ads ran without a disclaimer,≤100
103082059271118,SP Bezirk Hinwil,SP Wetzikon,≤100
105257442419923,Die Mitte Bezirk Bülach,Die Mitte Bezirk Bülach,≤100
108351771294208,Hubert Boog,Hubert Walter Boog,≤100
113189798267288,Karl Heinz Meyer Wahlkampf 2023,Karl Heinz Meyer,≤100
1959919117421939,FDP.Die Liberalen Bezirk Bülach,FDP.Die Liberalen Bezirk Bülach,≤100
167983071434,SP Kriens,SP Kriens,≤100
113821883316185,Faktischversichert,These ads ran without a disclaimer,≤100
103440272521713,Sarah Fuchs in den Kantonsrat,Sarah Fuchs,≤100
416870065122171,Jungfreisinnige Winterthur,These ads ran without a disclaimer,≤100
429342907157034,Beat Habegger,Beat Michael Habegger,≤100
355710291577008,Grüne Kreis 3/9,Grüne Kreis 3/9,≤100
117027101705789,FDP Stadt Zürich,FDP Stadt Zürich,≤100
109213507316253,SP Zürich 11,SP Zürich,≤100
1125155474201566,Mcg Carouge,Sandro Pistis,≤100
111361091313,NICABM,These ads ran without a disclaimer,≤100
101459416193400,Najświeższe wiadomości,These ads ran without a disclaimer,≤100
115200218139402,О Главном,These ads ran without a disclaimer,≤100
101727068829380,Контекст Европа,These ads ran without a disclaimer,≤100
108625789179165,Soi Dog Foundation,These ads ran without a disclaimer,≤100
198515713604505,Ludwig-Maximilians-Universität München,These ads ran without a disclaimer,≤100
104590425802557,Новости Дня,These ads ran without a disclaimer,≤100
105860035707190,photographing.journey,These ads ran without a disclaimer,≤100
103439331518544,MH Michaela Huber,These ads ran without a disclaimer,≤100
720206555013629,Laufen macht glücklich,These ads ran without a disclaimer,≤100
106620807391911,Roche,These ads ran without a disclaimer,≤100
107173698926440,Rindiendo en casa,These ads ran without a disclaimer,≤100
104546295740207,Aura of the world,These ads ran without a disclaimer,≤100
103399508522606,Kollyy,These ads ran without a disclaimer,≤100
102326342780397,Domenique Invezt,These ads ran without a disclaimer,≤100
415342655194947,ISB International School Bangkok,These ads ran without a disclaimer,≤100
368757963825913,WasteFuel,These ads ran without a disclaimer,≤100
103093016017760,Info News,These ads ran without a disclaimer,≤100