﻿Page ID,Page name,Disclaimer,Amount spent (CHF)
627220684023668,GRÜNE Zürich,Grüne Kanton Zürich,7866
533196430187039,KMU- und Gewerbeverband Kanton Zürich,KMU- und Gewerbeverband Kanton Zürich KGV,7528
131066326987,SP Kanton Zürich,SP Kanton Zürich,6938
252652524823017,EVP Kanton Zürich,EVP Kanton Zürich,5944
100369729335133,"Peter Grünenfelder, Regierungsratskandidat Zürich",Peter Grünenfelder c/o FDP Kanton Zürich,5826
202006389857644,Grünliberale Kanton Zürich,Grünliberale Partei Zürich,5140
970401509667271,Priska Seiler Graf - Nationalrätin,Priska Seiler Graf in den Regierungsrat,2434
1903129656584980,SP Uster,SP Uster,2323
170449246402589,Grünliberale Stadt Zürich,Grünliberale Partei Stadt Zürich,1890
610098352377102,Christian Pfaller,Komitee Christian Pfaller,1758
224581297586778,Gewerkschaftsbund des Kantons Zürich,Gewerkschaftsbund des Kantons Zürich,1601
82752099000,Alternative Liste ZH,Alternative Liste Zürich,1558
1959919117421939,FDP.Die Liberalen Bezirk Bülach,FDP.Die Liberalen Bezirk Bülach,1449
428690117258417,SVP des Kantons Zürich,SVP des Kantons Zürich,1403
108392832120312,Perspektive Zürich,Perspektive Zürich,1277
100195119489766,Benno Scherrer in den Regierungsrat,Benno Scherrer,1204
705478906236710,FDP.Die Liberalen Bezirk Uster,FDP.Die Liberalen Bezirk Uster,1200
583706025047684,Pierre Rappazzo in den Zürcher Kantonsrat,Pierre Rappazzo,1094
450602808776880,Martin Neukom,Martin Neukom,1076
106241572361769,Carmen Walker Späh FDP,Carmen Walker Späh,1001
161852057173460,SP Bezirk Affoltern,SP Bezirk Affoltern,899
117741198303856,FDP Kanton Zürich,FDP Kanton Zürich,887
324773857561365,Die Mitte Kanton Zürich,Die Mitte Kanton Zürich,868
317591871730585,SVP Bezirk Meilen,Marc Michel Wachter,803
169510248558,Die Mitte - Le Centre,Die Mitte,789
191136321464981,Die Mitte Stadt Winterthur,Die Mitte Stadt Winterthur,735
113326388690102,SP Zürich 1 und 2,SP Zürich 1+2,728
117027101705789,FDP Stadt Zürich,FDP Stadt Zürich,710
100489412910247,Nora Ernst - GLP,Nora Ernst - GLP,563
1722137767860098,Grüne Bülach,Grüne Bülach,538
388815591176119,SP Zürich 9,SP Zürich,523
469738339721305,SP Zürich 3,Sozialdemokratische Partei Zürich 3,512
113035494739725,Simon Vlk,Simon Vlk,505
119245155521044,Ylli Doko - Politiker - FDP Die.Liberalen,Ylli Doko,495
108351771294208,Hubert Boog,Hubert Walter Boog,467
355710291577008,Grüne Kreis 3/9,Grüne Kreis 3/9,464
105257442419923,Die Mitte Bezirk Bülach,Die Mitte Bezirk Bülach,455
110151814882388,Benjamin Gautschi,Benjamin Gautschi,436
156831187737967,JUSO Kanton Zürich,Jungsozialist*innen Kanton Zürich,427
103440272521713,Sarah Fuchs in den Kantonsrat,Sarah Fuchs,424
109123788743774,Benjamin Frei,Benjamin Rolf Frei,420
108206818777404,Bezirksgewerbeverband Bülach,Bezirksgewerbeverband Bülach,419
101669982579717,Die Mitte Bezirk Uster,Die Mitte Bezirk Uster,416
1769803096579445,Grünliberale Bezirk Horgen,Grünliberale Bezirk Horgen,413
207703323162140,"Doris Meier, Kantonsrätin und a. Gemeindepräsidentin von Bassersdorf",Doris Meier-Kobler,378
375845269120737,FDP. Die Liberalen Dietikon,FDP. Die Liberalen Dietikon,371
109213507316253,SP Zürich 11,SP Zürich,362
103082059271118,SP Bezirk Hinwil,SP Wetzikon,360
210502125711731,FDP Bezirk Affoltern,FDP.Die Liberalen Knonaueramt,359
155659847849677,Martin Huber in den Kantonsrat,Martin Huber in den Kantonsrat,359
131136176944674,FDP.Die Liberalen Bezirk Pfäffikon,FDP.Die Liberalen Bezirk Pfäffikon,348
112713445046863,Thomas Schlumpf,Thomas Schlumpf,331
1476717905682561,SP Zürich 6,SP Zürich 6,325
751036244998194,FDP Stadt Zürich Kreis 4&5,FDP Kreis 4&5,298
1582348792001263,SP 4&5 Zürich,SP Zürich 4 & 5,293
1556534881244272,Grünliberale Bezirk Uster,Grünliberale Bezirk Uster,279
1700824713324064,SP Zürich 10,SP Zürich 10,269
100247945907067,Züri wählt,züri wählt,267
1533854886905047,Elfenau Schweiz AG,Emanuel Georg Tschannen,262
476237372525131,Christa Isabelle Stünzi - glp ZH,Christa Isabelle Stünzi - glp ZH,260
105858378539790,FDP Wädenswil,FDP Wädenswil,256
113189798267288,Karl Heinz Meyer Wahlkampf 2023,Karl Heinz Meyer,251
1764183190338571,SVP Kreis 3,Derek Richter,250
106300899437929,Patrick Hässig,Patrick Hässig,244
231320586878427,Hauseigentümerverband (HEV) Region Winterthur,Hauseigentümerverband Region Winterthur,243
109742838576665,Sandro Gerber - FDP.Die Liberalen - Kantonsratskandidat ZH 2023,sandrogerber,240
110707875106219,SVP Bezirk Hinwil,SVP Bezirk Hinwil,237
534190816671421,Michael Wiget,Michael Peter Wiget,236
200825306651250,Renato Pfeffer EVP,EVP Kanton Zürich,235
106264082355003,Sven Heinzelmann,Komitee «Sven Heinzelmann in den Kantonsrat»,223
921336971288655,Nagra,Nagra,222
136341053227140,EVP Winterthur,EVP Kanton Zürich,222
488909884546537,GLP Winterthur Land,GLP Winterthur Land,209
1483343695307824,Campax,Campax,188
105268722430698,Philippe Guldin GLP,Grunliberale,188
1587949341492441,Claudio Zihlmann,Claudio Zihlmann,181
1607548886172610,Hans-Ulrich Bigler,Hans-Ulrich Bigler,181
360920524334417,Grünliberale Adliswil,Grünliberale Adliswil,179
993815333967102,Andreas Leupi,Andreas Patrick Leupi,176
145402065523845,Kanton Zürich,Kanton Zürich,173
164288990272811,FDP Region Winterthur in den Zürcher Kantonsrat,FDP Region Winterthur in den Zürcher Kantonsrat,170
108692711660498,Urs Wegmann,Urs Wegmann,169
354548604968651,Peter Metzinger in den Kantonsrat,Peter Alois Metzinger,168
100432824661437,Bettina Balmer FDP,Bettina Balmer,158
123731471009473,Yvonne Bürgin,Yvonne Bürgin,157
416743625125770,Grüne Zürichsee,GRÜNE Bezirk Meilen,155
2034886056799460,Raphael Tobler,Raphael Tobler,153
106463701741400,Die Mitte Zürich 3+9,Die Mitte Zürich Kreis 3+9,153
216444012216,EDU - UDF (Eidgenössisch-Demokratische Union),Eidgenössisch-Demokratische Union Schweiz,149
110409811924321,Urs Christian Eugster FDP,Urs Christian Eugster,143
261452338060969,Domenik Lädi Ledergerber,Überparteiliches Unterstützungskomitee Domenik Ledergerber,141
112662478341274,joelgretsch,Joel Gretsch,139
627220684023668,GRÜNE Zürich,Grüne Stadt Zürich,137
154976914534194,Save the Children Schweiz/Suisse,Save the Children Schweiz,135
169752569742293,Schweizerischer Gewerbeverband sgv,Schweizerischer Gewerbeverband sgv,135
103580977678645,Julian Croci,Julian Andrea Croci,129
102662476058956,Hans-Peter Amrein in den Regierungsrat,Hans-Peter Amrein in den Regierungsrat,129
281675942494661,SVP Bezirk Pfäffikon ZH,SVP Bezirk Pfäffikon ZH,117
105386249047369,Jakob Ehrensperger,Jakob Ehrensperger,117
103571105961903,Marc-André Beck,Marc-André Beck,116
103638965961747,Gabriel Mäder - Grünliberale,Gabriel Markus Mäder,116
854141954663925,Isabel Garcia GLP,Isabel Garcia Brunisholz,115
104203868811586,Martina Dürr,Martina Regula  Dürr,115
116063758043441,Facundo Zimmerli,Facundo Nahuel Zimmerli,105
589840718124415,Grünliberale Knonaueramt,Grünliberale Knonaueramt,≤100
135366813191979,Urs Waser Kantonsrat,Waser Urs,≤100
285821738704789,Nathalie Aeschbacher,Nathalie Anna Aeschbacher,≤100
301243053989575,Mario Senn,Mario Senn,≤100
355645665140771,Nicola Forster,Nicola Forster,≤100
1225312564279075,Karin Fehr Thoma,Karin Fehr Thoma,≤100
206817592664659,Junge Grünliberale Zürich - jglp ZH,Junge Grünliberale Zürich - jglp ZH,≤100
192244290829565,Anita Borer,Anita Borer,≤100
619051955163582,AWOB - Adrian Wegmann Oberrieden,Adrian Wegmann,≤100
608260099589519,Dominic Täubert,EVP Kanton Zürich,≤100
190285574861316,Grüne Uster,Grüne Bezirk Uster,≤100
135939773133793,Grüne Winterthur,Grüne Winterthur,≤100
429342907157034,Beat Habegger,Beat Michael Habegger,≤100
106856564074635,Hansjörg Germann FDP in den Kantonsrat,Hansjörg Beat Germann,≤100
110336161874621,Urban Husi in den Kantonsrat ZH,Urban Pius Matthäus Husi Fiechter,≤100
107515328348195,Michael Uebersax,Michael Stefan Uebersax,≤100
1984141558513511,Franziska Barmettler,Franziska Barmettler,≤100
650175488441328,Martin Farner,Farners GmbH,≤100
143714586302267,Urs Bänziger FDP,Urs Baenziger,≤100
106964611977537,Switlo,Switlo,≤100
1464489323856911,FDP Zürich 2,FDP Zürich 2,≤100
110448418161537,FDP Hinwil,FDP Hinwil,≤100
190435673212,Grünliberale Kreis 4&5,GLP 4&5 – Grünliberale Partei,≤100
105306632453966,Tobias Mäder,Tobias Mäder,≤100
260591187302640,Parti socialiste genevois,Parti socialiste genevois,≤100
111081131629685,Blackout stoppen,Volksinitiative «Jederzeit Strom für alle (Blackout stoppen)»,≤100
416870065122171,Jungfreisinnige Winterthur,Jungfreisinnige Winterthur,≤100
102578282597131,Kamylla Lisi-Brandino,Kamylla J. Lisi-Brandino,≤100
257497631736082,Gletscher-Initiative,Verein Klimaschutz Schweiz,≤100
864604443735247,SVP Bezirk Dietikon,SVP Bezirk Dietikon,≤100
101767182105712,Grüne Bezirk Affoltern,GRÜNE Bezirk Affoltern,≤100
101622582809771,lucaft,lucaft,≤100
103369269163798,Mittendrin,Hanspeter Renggli,≤100
591968957877984,Andrea Isler,Andrea Lara Isler,≤100
377292365618914,SVP Stadt Winterthur,SVP Winterthur,≤100
212175019347952,SVP Horgen,SVP Horgen,≤100
103850865786634,Grünliberale Bezirk Hinwil,Grünliberale Bezirk Hinwil,≤100
335609400529370,FDP Horgen,FDP Horgen,≤100
102014399307738,Direkt,direkt,≤100
107494077464434,Janine Vannaz,Janine Vannaz,≤100
205884466254019,Alexandra Pfister in der Politik,Alexandra Pfister-Nevrala,≤100
97220294896,SP Schweiz,SP Schweiz,≤100
105262295297064,FDP.Die Liberalen Nürensdorf,FDP.Die Liberalen Nürensdorf,≤100
743745965833626,Benjamin Stricker,Benjamin Stricker,≤100
102281186098428,Sara Sangiacomo,Rosaria Sangiacomo,≤100
285304141802550,FDP Niederhasli,FDP Niederhasli,≤100
689505424449213,Jungfreisinnige Limmattal,Jungfreisinnige Limmattal,≤100
2011626645562796,Andri Silberschmidt,Komitee Andri Silberschmidt,≤100
100240749524401,Deborah Scharpf,Deborah Luzia Maryse Scharpf,≤100
107717738487757,Viviane Kägi GLP,Viviane Kägi,≤100
100160498946252,Grüne Volketswil,Grüne Bezirk Uster,≤100
456093941086244,FDP.Die Liberalen Illnau-Effretikon,FDP. Die Liberalen Illnau-Effretikon,≤100
2525584750795209,Nina Fehr Düsel,Nina Fehr Düsel,≤100
1599925810096142,Kreis 6/10 mit glp in die Zukunft,Grünliberale Kreis 6 und 10,≤100
355257441326519,Fabian Müller,Fabian Francois Müller,≤100
154212901272905,FDP.Die Liberalen Baselland,FDP.Die Liberalen Baselland,≤100
109425352024980,Sebastian Hektor Vogel am 12. Februar 2023 in den Kantonsrat,DarkHorse,≤100
125466200895962,Valentin Landmann,Sven Kunz,≤100
580012422156679,Grüne Stadt Dübendorf,Grüne Stadt Dübendorf,≤100
107145438948044,Dominique Zygmont in den Kantonsrat,Dominique Daniel Zygmont,≤100
111500797368,SP Bezirk Winterthur,SP Bezirk Winterthur,≤100
904812763060757,Michael De Vita-Läubli,Michael De Vita-Läubli,≤100
707321076049640,Monika Keller,Monika Keller,≤100
1377010385681695,Dubravko Sinovcic,Dubravko Sinovcic,≤100
102833318045836,Nick Glättli,Nick Didier Glättli,≤100
259871484198551,Thomas Matter,Thomas Matter,≤100
1462022710772147,Hans Egli,Hans Egli,≤100
102720675292205,Thomas Schneider,Thomas Schneider,≤100
651956578553145,"Marita Verbali, FDP",Marita Verbali,≤100
1578229959077185,"Matthias Bickel, in den Kantonsrat für die FDP.Die Liberalen","Matthias Bickel, in den Kantonsrat für die FDP.Die Liberalen",≤100
1464661227009326,SVP Bezirk Uster,SVP Bezirk Uster,≤100
101759462695729,Seraina Billeter-Ihre Kandidatin,Seraina Sara Billeter,≤100
784812424962943,Tele Z,TELE Z,≤100
108843502117518,Andreas Baeckert,Andreas Peter Baeckert,≤100
103215392637344,Robin Kuhn,Robin Jonas Kuhn,≤100
292711521138736,IPFO,International Photo Festival Olten,≤100
269029886456205,Giorgio Fonio,Giorgio Fonio,≤100
100213996124067,Grünliberale Sektion Emmen-Hochdorf,Grünliberale Sektion Emmen-Hochdorf,≤100
1092252917594218,Initiative pour les glaciers,Association suisse pour la protection du climat,≤100
100116156110843,Stop al blackout,Iniziativa popolare «Energia elettrica in ogni tempo per tutti (Stop al blackout)»,≤100
245030556232364,Grünliberale Partei Basel-Landschaft,Grünliberale Partei Basel-Landschaft,≤100
124924180944506,IHED-Islamischer Humanitärer Entwicklungsdienst,These ads ran without a disclaimer,≤100
106591559016696,Guido Lehmann,Guido Lehmann,≤100
112316138411623,NEIN zum erneut missratenen Jagdgesetz,These ads ran without a disclaimer,≤100
329092184156849,Die Mitte Adliswil,Die Mitte Adliswil,≤100
101417574776507,Ja zur direkten Demokratie,New Swiss Journal,≤100
100980232576650,Muriel Langenberger,Muriel Langenberger,≤100
264952450282664,JUSO Luzern,Jungsozialist*innen Luzern,≤100
109811968658831,Die Mitte Züri 11,These ads ran without a disclaimer,≤100
109023033782956,Unisanté,Unisanté,≤100
730158247033526,Readly,These ads ran without a disclaimer,≤100
103269145789541,Stop au blackout,Initiative populaire « De l’électricité pour tous en tout temps (Stop au blackout) »,≤100
111616771110534,Beyond Riches,These ads ran without a disclaimer,≤100
107979051843705,sabinewiedenhofer,These ads ran without a disclaimer,≤100
305699609616768,Verdi Liberali Ticino,verdi liberali Ticino,≤100
231086633606227,SVP Baselland,SVP Baselland,≤100
101120115685831,SVP Stäfa,Marco Andreas Vogt,≤100
69466809669,Alpen-Initiative,These ads ran without a disclaimer,≤100
1220981994590364,FT Partner Content,These ads ran without a disclaimer,≤100
100979089548140,leobauer.official,These ads ran without a disclaimer,≤100
442004945974231,IG Wild beim Wild,These ads ran without a disclaimer,≤100
368757963825913,WasteFuel,These ads ran without a disclaimer,≤100
104590425802557,Новости Дня,These ads ran without a disclaimer,≤100
103399508522606,Kollyy,These ads ran without a disclaimer,≤100
111361091313,NICABM,These ads ran without a disclaimer,≤100
169042736456594,All Out,All Out,≤100
100345702834585,All Out Deutschland,All Out,≤100
139890720097051,Die Mitte Muttenz,Die Mitte Muttenz,≤100
190133177759419,Giuseppe Cotti,Giuseppe Cotti,≤100
101791136062906,Notrechtsinitiative.ch,Notrechtsinitiative.ch,≤100
108595330730708,Groupe lgbtiq+ du PS genevois,Groupe lgbtiq+ du PS genevois,≤100
291359247729208,PS Suisse,PS Suisse,≤100
103550668590403,Mieux vivre sa vie,Mieux Vivre Sa Vie,≤100
191851397669230,VETO – Tierschutz,These ads ran without a disclaimer,≤100
763722197034246,En Développement,These ads ran without a disclaimer,≤100
108843502117518,Andreas Baeckert,These ads ran without a disclaimer,≤100
107173698926440,Rindiendo en casa,These ads ran without a disclaimer,≤100
115200218139402,О Главном,These ads ran without a disclaimer,≤100
110826091711924,viev.deutschland,These ads ran without a disclaimer,≤100
113821883316185,Faktischversichert,These ads ran without a disclaimer,≤100
104546295740207,Aura of the world,These ads ran without a disclaimer,≤100
103093016017760,Info News,These ads ran without a disclaimer,≤100
245489546137580,Christoph Riner - bodenständige Politik,Christoph Riner - bodenständige Politik,≤100
720206555013629,Laufen macht glücklich,These ads ran without a disclaimer,≤100
206831926864378,SVP Gelterkinden und Umgebung,SVP Gelterkinden und Umgebung,≤100
105528162248316,viev.mobilyaa,These ads ran without a disclaimer,≤100
471258816239362,Junge SVP Luzern,Junge SVP Luzern,≤100
416870065122171,Jungfreisinnige Winterthur,These ads ran without a disclaimer,≤100
104265952574760,EVP Kreuzlingen,Adrian Robin Ziörjen,≤100
230522120377463,FDP Allschwil-Schönenbuch,FDP Allschwil-Schönenbuch,≤100
567417573785872,RefLab,These ads ran without a disclaimer,≤100
110601438611168,EU News,These ads ran without a disclaimer,≤100
102531252603779,Stephan Jung,Stephan Jung,≤100
1125155474201566,Mcg Carouge,Sandro Pistis,≤100
112524957892586,the.cartographist,These ads ran without a disclaimer,≤100
105430377893808,gvlticino,These ads ran without a disclaimer,≤100
167983071434,SP Kriens,SP Kriens,≤100
151409322217001,Berlin School of Business & Innovation - BSBI,These ads ran without a disclaimer,≤100
1798175947119500,Epishine,These ads ran without a disclaimer,≤100
108072251970144,Jasmina Spiritual and Mindset Coach,These ads ran without a disclaimer,≤100
116941867957052,Rotonjo,These ads ran without a disclaimer,≤100
102326342780397,Domenique Invezt,These ads ran without a disclaimer,≤100
547115755657303,ReThink Daylight,These ads ran without a disclaimer,≤100
101727068829380,Контекст Европа,These ads ran without a disclaimer,≤100
112749448851,Coca-Cola Europacific Partners,These ads ran without a disclaimer,≤100
108354147624545,natfarouz,These ads ran without a disclaimer,≤100
110333931764735,Smile Papers,These ads ran without a disclaimer,≤100
338707340769202,Falstaff International,These ads ran without a disclaimer,≤100
108625789179165,Soi Dog Foundation,These ads ran without a disclaimer,≤100
105860035707190,photographing.journey,These ads ran without a disclaimer,≤100
112861661599616,militarylegacy,These ads ran without a disclaimer,≤100
113656864962740,Новости Дня.,These ads ran without a disclaimer,≤100
1390745591150821,NRC - Norwegian Refugee Council,These ads ran without a disclaimer,≤100
100846489215390,Cactus Cat,These ads ran without a disclaimer,≤100
632228990183262,Chinesische Volkszeitung Online,These ads ran without a disclaimer,≤100
123698491019029,Lombard Odier Group,These ads ran without a disclaimer,≤100
103439331518544,MH Michaela Huber,These ads ran without a disclaimer,≤100
198515713604505,Ludwig-Maximilians-Universität München,These ads ran without a disclaimer,≤100
110368714164265,Maidline Aurie,These ads ran without a disclaimer,≤100
415342655194947,ISB International School Bangkok,These ads ran without a disclaimer,≤100
106449882358683,Новости Дня.,These ads ran without a disclaimer,≤100
105007748989954,Wasbishergeschah.at,These ads ran without a disclaimer,≤100
37143846750,Delinat,These ads ran without a disclaimer,≤100
310213709080950,Jürgen Höller,These ads ran without a disclaimer,≤100