﻿Page ID,Page name,Disclaimer,Amount spent (CHF)
191859734164694,Pro Infirmis,Pro Infirmis,≤100
97220294896,SP Schweiz,SP Schweiz,≤100
194790813901953,Grüne Schweiz,Grüne Schweiz,≤100
1524954517562834,Prominis,Prominis GmbH,≤100
1524859774444235,Koalition für Konzernverantwortung,Koalition für Konzernverantwortung,≤100
111081131629685,Blackout stoppen,Volksinitiative «Jederzeit Strom für alle (Blackout stoppen)»,≤100
162745750462776,Mieterinnen- und Mieterverband MV,Mieterinnen- und Mieterverband MV,≤100
100332749664541,Ja zum Klimaschutz-Gesetz,JA zum Klimaschutz,≤100
737971436234272,StrategieDialog21,StrategieDialog21,≤100
153100508070854,Junge SVP Schweiz,JSVP Schweiz / JUDC / GUDC,≤100
54779960819,United Nations,United Nations with Facebook Ad Credits,≤100
169510248558,Die Mitte - Le Centre,Die Mitte,≤100
1483343695307824,Campax,Campax,≤100
353685744720476,Jungfreisinnige Stadt Luzern,Jungfreisinnige Stadt Luzern,≤100
921336971288655,Nagra,Nagra,≤100
105890175750510,Luca Carbone  lucacarbone.ch,Luca Carbone,≤100
125466200895962,Valentin Landmann,Sven Kunz,≤100
398567686824626,GRÜNE Kanton St.Gallen,Grüne Kanton St. Gallen,≤100
169752569742293,Schweizerischer Gewerbeverband sgv,Schweizerischer Gewerbeverband sgv,≤100
154976914534194,Save the Children Schweiz/Suisse,Save the Children Schweiz,≤100
48980326364,Public Eye,Public Eye,≤100
100116156110843,Stop al blackout,Iniziativa popolare «Energia elettrica in ogni tempo per tutti (Stop al blackout)»,≤100
269029886456205,Giorgio Fonio,Giorgio Fonio,≤100
1429860470617358,Le Centre / Ville de Genève,Le Centre / Ville de Genève,≤100
102014399307738,Direkt,direkt,≤100
97721121385,Public Eye,Public Eye,≤100
103190662706168,NON à la Loi sur la Chasse.,Rolf Hugo Hilfiker,≤100
360151400680191,Die Mitte Stadt Luzern,Die Mitte Stadt Luzern,≤100
1054282644596776,GE-démocratie,GE-démocratie,≤100
2246378485612019,ASI - Associazione Svizzera Inquilini,ASI - Associazione Svizzera Inquilini,≤100
663896104043182,Kultur Luzern,Kultur Luzern,≤100
784812424962943,Tele Z,TELE Z,≤100
259871484198551,Thomas Matter,Thomas Matter,≤100
110533229026103,EVP / PEV,EVP Schweiz,≤100
117253641676210,SVP Stadtpartei Frauenfeld,These ads ran without a disclaimer,≤100
1492503634364441,Liste d'Union Populaire,Ensemble à Gauche-Genève,≤100
937567862935222,Luna Grey,These ads ran without a disclaimer,≤100
100844786282093,SÌ alla Legge clima,Sì alla legge clima,≤100
100980232576650,Muriel Langenberger,Muriel Langenberger,≤100
1836872279965837,Fabian Peter,fabianpeter.ch,≤100
80305304937,Grünliberale Partei Sursee,Grünliberale Partei Sursee,≤100
463645587339110,Piero Marchesi,Piero Marchesi,≤100
323542331710140,Adrian Nussbaum,Adrian Markus Nussbaum,≤100
108595330730708,Groupe lgbtiq+ du PS genevois,Groupe lgbtiq+ du PS genevois,≤100
384045782162585,JSVP Wahlkreis Entlebuch,Martin Hofstetter,≤100
232850240381469,Udc/svp Sezione Locarno,These ads ran without a disclaimer,≤100
453655411351244,Giovani UDC Ticino,Giovani UDC Ticino,≤100
227720898168117,Markus Estermann,Markus Estermann,≤100
191199475064849,Energie Club Schweiz,Energie Club Schweiz,≤100
129927347072527,Junge Grüne Luzern,Junge Grüne Kanton Luzern,≤100
144033559006728,Calanda Reisen,These ads ran without a disclaimer,≤100
116633374693937,christiantresoldi.ch,These ads ran without a disclaimer,≤100
225005760938801,FDP.Die Liberalen Emmen,FDP.Die Liberalen Emmen,≤100
100381452863244,Libertés et Justice sociale,Libertés et Justice sociale,≤100
1504706079628728,ASLOCA Suisse,ASLOCA Suisse,≤100
305314876752258,Thomas von Allmen,Thomas Von Allmen,≤100
429755047122487,Friedrich Reinhardt Verlag,These ads ran without a disclaimer,≤100
510352742440847,Coalition pour des multinationales responsables,Coalition pour des multinationales responsables,≤100
105885535599394,Coach Cecil,These ads ran without a disclaimer,≤100
106038505777460,,These ads ran without a disclaimer,≤100
114869031535335,42.bandicefkchicagolmao,These ads ran without a disclaimer,≤100
730158247033526,Readly,These ads ran without a disclaimer,≤100
103558749124919,asiazensus,These ads ran without a disclaimer,≤100