﻿Page ID,Page name,Disclaimer,Amount spent (CHF)
191859734164694,Pro Infirmis,Pro Infirmis,≤100
106321615725425,Oui à la Loi climat,Oui à la loi climat,≤100
291359247729208,PS Suisse,PS Suisse,≤100
103550668590403,Mieux vivre sa vie,Mieux Vivre Sa Vie,≤100
510352742440847,Coalition pour des multinationales responsables,Coalition pour des multinationales responsables,≤100
1504706079628728,ASLOCA Suisse,ASLOCA Suisse,≤100
97220294896,SP Schweiz,SP Schweiz,≤100
175478195846132,Les Vert·e·s suisses,Grüne Schweiz,≤100
103190662706168,NON à la Loi sur la Chasse.,Rolf Hugo Hilfiker,≤100
1429860470617358,Le Centre / Ville de Genève,Le Centre / Ville de Genève,≤100
218538701651843,Union suisse des arts et métiers usam,Schweizerischer Gewerbeverband sgv,≤100
111081131629685,Blackout stoppen,Volksinitiative «Jederzeit Strom für alle (Blackout stoppen)»,≤100
1524859774444235,Koalition für Konzernverantwortung,Koalition für Konzernverantwortung,≤100
169510248558,Die Mitte - Le Centre,Die Mitte,≤100
153100508070854,Junge SVP Schweiz,JSVP Schweiz / JUDC / GUDC,≤100
937567862935222,Luna Grey,These ads ran without a disclaimer,≤100
54779960819,United Nations,United Nations with Facebook Ad Credits,≤100
737971436234272,StrategieDialog21,StrategieDialog21,≤100
100332749664541,Ja zum Klimaschutz-Gesetz,JA zum Klimaschutz,≤100
353685744720476,Jungfreisinnige Stadt Luzern,Jungfreisinnige Stadt Luzern,≤100
921336971288655,Nagra,Nagra,≤100
162745750462776,Mieterinnen- und Mieterverband MV,Mieterinnen- und Mieterverband MV,≤100
103269145789541,Stop au blackout,Initiative populaire « De l’électricité pour tous en tout temps (Stop au blackout) »,≤100
48980326364,Public Eye,Public Eye,≤100
1483343695307824,Campax,Campax,≤100
269029886456205,Giorgio Fonio,Giorgio Fonio,≤100
194790813901953,Grüne Schweiz,Grüne Schweiz,≤100
102014399307738,Direkt,direkt,≤100
169752569742293,Schweizerischer Gewerbeverband sgv,Schweizerischer Gewerbeverband sgv,≤100
97721121385,Public Eye,Public Eye,≤100
120259183151131,Baptiste Hurni,Baptiste Hurni,≤100
105890175750510,Luca Carbone  lucacarbone.ch,Luca Carbone,≤100
1054282644596776,GE-démocratie,GE-démocratie,≤100
1524954517562834,Prominis,Prominis GmbH,≤100
1492503634364441,Liste d'Union Populaire,Ensemble à Gauche-Genève,≤100
663896104043182,Kultur Luzern,Kultur Luzern,≤100
102700334426254,Pierluigi Pasi,Pierluigi Pasi,≤100
108804628818873,Virna Conti,Virna Conti,≤100
158820214312321,Citations Ron Hubbard,Mieux Vivre Sa Vie,≤100
100844786282093,SÌ alla Legge clima,Sì alla legge clima,≤100
100980232576650,Muriel Langenberger,Muriel Langenberger,≤100
2246378485612019,ASI - Associazione Svizzera Inquilini,ASI - Associazione Svizzera Inquilini,≤100
100267076206781,Ensemble à Gauche solidaritéS-Parti du Travail-DAL,Ensemble à Gauche,≤100
259871484198551,Thomas Matter,Thomas Matter,≤100
784812424962943,Tele Z,TELE Z,≤100
360151400680191,Die Mitte Stadt Luzern,Die Mitte Stadt Luzern,≤100
323542331710140,Adrian Nussbaum,Adrian Markus Nussbaum,≤100
110533229026103,EVP / PEV,EVP Schweiz,≤100
104868102257388,Spring Basel,These ads ran without a disclaimer,≤100
232850240381469,Udc/svp Sezione Locarno,These ads ran without a disclaimer,≤100
122849551077569,Democrats Abroad Switzerland,Democrats Abroad,≤100
154976914534194,Save the Children Schweiz/Suisse,Save the Children Schweiz,≤100
80305304937,Grünliberale Partei Sursee,Grünliberale Partei Sursee,≤100
225005760938801,FDP.Die Liberalen Emmen,FDP.Die Liberalen Emmen,≤100
384045782162585,JSVP Wahlkreis Entlebuch,Martin Hofstetter,≤100
109554428727136,Erik Pinchetti 7-77,Erik Pinchetti,≤100
463645587339110,Piero Marchesi,Piero Marchesi,≤100
191199475064849,Energie Club Schweiz,Energie Club Schweiz,≤100
429755047122487,Friedrich Reinhardt Verlag,These ads ran without a disclaimer,≤100
100381452863244,Libertés et Justice sociale,Libertés et Justice sociale,≤100
103040452628569,vavariousartists,These ads ran without a disclaimer,≤100
453655411351244,Giovani UDC Ticino,Giovani UDC Ticino,≤100
1836872279965837,Fabian Peter,fabianpeter.ch,≤100
108595330730708,Groupe lgbtiq+ du PS genevois,Groupe lgbtiq+ du PS genevois,≤100
116633374693937,christiantresoldi.ch,These ads ran without a disclaimer,≤100
269029886456205,Giorgio Fonio,These ads ran without a disclaimer,≤100
129927347072527,Junge Grüne Luzern,Junge Grüne Kanton Luzern,≤100
144033559006728,Calanda Reisen,These ads ran without a disclaimer,≤100
104549855835454,avestaevent,These ads ran without a disclaimer,≤100
200905173303222,"SCI Switzerland (Schweiz, Suisse, Svizzera)","SCI Switzerland (Schweiz, Suisse, Svizzera)",≤100
1462022710772147,Hans Egli,Hans Egli,≤100
781457841988868,E-CHANGER,These ads ran without a disclaimer,≤100
1125155474201566,Mcg Carouge,Sandro Pistis,≤100
10150100771335484,24 heures,These ads ran without a disclaimer,≤100
467503303605894,PLR Castel San Pietro,PLR Castel San Pietro,≤100
84150672409,SP Stadt Zürich,SP Stadt Zürich,≤100
305314876752258,Thomas von Allmen,Thomas Von Allmen,≤100
668272339979128,Sindacato VPOD Ticino,These ads ran without a disclaimer,≤100
100116156110843,Stop al blackout,Iniziativa popolare «Energia elettrica in ogni tempo per tutti (Stop al blackout)»,≤100
101243061481457,Bruno Schiavuzzi,These ads ran without a disclaimer,≤100
146221668771106,wbg Wissen verbindet,These ads ran without a disclaimer,≤100
1390745591150821,NRC - Norwegian Refugee Council,These ads ran without a disclaimer,≤100
101493829022149,The Swiss Times,These ads ran without a disclaimer,≤100
730158247033526,Readly,These ads ran without a disclaimer,≤100
104914962284234,Arthur.Zero,These ads ran without a disclaimer,≤100
105885535599394,Coach Cecil,These ads ran without a disclaimer,≤100
345764772110243,Sentido Hotels,These ads ran without a disclaimer,≤100
207360136376916,Bundesliga,These ads ran without a disclaimer,≤100
113629868312383,Marketing Generous,These ads ran without a disclaimer,≤100
106569706154975,Modern Expo,These ads ran without a disclaimer,≤100
763722197034246,En Développement,These ads ran without a disclaimer,≤100
294285073455,OLYMP,These ads ran without a disclaimer,≤100
114869031535335,42.bandicefkchicagolmao,These ads ran without a disclaimer,≤100
175889425769412,BAR-TEK Motorsport,These ads ran without a disclaimer,≤100
144242707386755,MeisterNote: Collaborative Documentation for Teams,These ads ran without a disclaimer,≤100