﻿Page ID,Page name,Disclaimer,Amount spent (CHF)
191859734164694,Pro Infirmis,Pro Infirmis,≤100
97220294896,SP Schweiz,SP Schweiz,≤100
1524859774444235,Koalition für Konzernverantwortung,Koalition für Konzernverantwortung,≤100
101243061481457,Bruno Schiavuzzi,These ads ran without a disclaimer,≤100
100332749664541,Ja zum Klimaschutz-Gesetz,JA zum Klimaschutz,≤100
108804628818873,Virna Conti,Virna Conti,≤100
116633374693937,christiantresoldi.ch,These ads ran without a disclaimer,≤100
162745750462776,Mieterinnen- und Mieterverband MV,Mieterinnen- und Mieterverband MV,≤100
106321615725425,Oui à la Loi climat,Oui à la loi climat,≤100
153100508070854,Junge SVP Schweiz,JSVP Schweiz / JUDC / GUDC,≤100
291359247729208,PS Suisse,PS Suisse,≤100
737971436234272,StrategieDialog21,StrategieDialog21,≤100
269029886456205,Giorgio Fonio,Giorgio Fonio,≤100
1504706079628728,ASLOCA Suisse,ASLOCA Suisse,≤100
384045782162585,JSVP Wahlkreis Entlebuch,Martin Hofstetter,≤100
103040452628569,vavariousartists,These ads ran without a disclaimer,≤100
111081131629685,Blackout stoppen,Volksinitiative «Jederzeit Strom für alle (Blackout stoppen)»,≤100
510352742440847,Coalition pour des multinationales responsables,Coalition pour des multinationales responsables,≤100
154976914534194,Save the Children Schweiz/Suisse,Save the Children Schweiz,≤100
921336971288655,Nagra,Nagra,≤100
169510248558,Die Mitte - Le Centre,Die Mitte,≤100
100844786282093,SÌ alla Legge clima,Sì alla legge clima,≤100
1054282644596776,GE-démocratie,GE-démocratie,≤100
100381452863244,Libertés et Justice sociale,Libertés et Justice sociale,≤100
100980232576650,Muriel Langenberger,Muriel Langenberger,≤100
102014399307738,Direkt,direkt,≤100
48980326364,Public Eye,Public Eye,≤100
937567862935222,Luna Grey,These ads ran without a disclaimer,≤100
54779960819,United Nations,United Nations with Facebook Ad Credits,≤100