﻿Page ID,Page name,Disclaimer,Amount spent (CHF)
1526697364280066,Partito Socialista Ticino,Partito Socialista Ticino,2275
176998335660824,PLRT,PLRT,1741
463645587339110,Piero Marchesi,Piero Marchesi,451
190133177759419,Giuseppe Cotti,Giuseppe Cotti,444
191859734164694,Pro Infirmis,Pro Infirmis,370
676306169090037,Remzi Durmishi,Remzi Durmishi,341
859017794123127,Gioventù Socialista Ticino,Gioventù Socialista Ticino,316
1439209716323593,UDC Ticino,UDC Ticino,275
305699609616768,Verdi Liberali Ticino,verdi liberali Ticino,272
269029886456205,Giorgio Fonio,Giorgio Fonio,267
291504744242501,Lega dei Ticinesi - sezione Chiasso,Stefano Tonini,226
100844786282093,SÌ alla Legge clima,Sì alla legge clima,224
253562484727500,Partito Socialista Lugano,PS Lugano,169
101122865395791,Matteo Buzzi,Matteo Buzzi,167
2246378485612019,ASI - Associazione Svizzera Inquilini,ASI - Associazione Svizzera Inquilini,163
194790813901953,Grüne Schweiz,Grüne Schweiz,161
353969997649,Partito Comunista - Svizzera,Partito Comunista,158
119653091058565,Arik Fallet,Arik Patrik Fallet,155
104436099264189,Chiappini Giorgio,Giorgio Chiappini,138
100717802928635,Alessandro Ambrosoli,Studio Daulte,116
512160575468385,Rodolfo Pulino,Rodolfo Pulino,115
283357338846138,Alain Bühler - UDC,Alain Bühler - UDC,106
105182149185389,Andrea Saporito PLR,Andrea Saporito,104
160010804210071,Diego Baratti - UDC,Diego Baratti,102
112609440480783,Marko Antunović,Marko Antunović,≤100
553101375069991,Jacopo Scacchi,Jacopo Scacchi,≤100
111539168454051,Avanti,Avanti,≤100
396161737064848,Il Centro - Gordola,Il Centro - Gordola,≤100
104426225059688,Daniele Piccaluga,Daniele Piccaluga,≤100
100491002143945,Valentina Aricò-Respini - candidata PLR in Gran Consiglio 2023,Valentina Aricò-Respini - candidata PLR in Gran Consiglio 2023,≤100
370079583583452,Edoardo Cappelletti,Edoardo Cappelletti,≤100
390928554334317,Il Centro Mendrisio,Il Centro Mendrisio,≤100
110733265209110,Il Centro Locarno,Giuseppe Abbatiello,≤100
105890175750510,Luca Carbone  lucacarbone.ch,Luca Carbone,≤100
97220294896,SP Schweiz,SP Schweiz,≤100
100799119620947,Mirco De Savelli,Mirco De Savelli,≤100
103267436042382,Elezioni TI,Repubblica e Cantone Ticino,≤100
1429860470617358,Le Centre / Ville de Genève,Le Centre / Ville de Genève,≤100
1483343695307824,Campax,Campax,≤100
398606970310571,Massimo Mobiglia,Massimo Mobiglia,≤100
843066965772572,Adriano Venuti,Adriano Venuti,≤100
618990544877607,Natalia Ferrara,Natalia Ferrara,≤100
102700334426254,Pierluigi Pasi,Pierluigi Pasi,≤100
102269201722239,TV Riviera 24,Tv Riviera 24,≤100
54779960819,United Nations,United Nations with Facebook Ad Credits,≤100
1517895374903759,Il Centro - Distretto Mendrisiotto,Il Centro - Distretto Mendrisiotto,≤100
109404355423487,tomromers,These ads ran without a disclaimer,≤100
100332749664541,Ja zum Klimaschutz-Gesetz,JA zum Klimaschutz,≤100
105091890833799,Cristina Zanini Barzaghi,Cristina Zanini Barzaghi,≤100
921336971288655,Nagra,Nagra,≤100
106321615725425,Oui à la Loi climat,Oui à la loi climat,≤100
1524859774444235,Koalition für Konzernverantwortung,Koalition für Konzernverantwortung,≤100
111081131629685,Blackout stoppen,Volksinitiative «Jederzeit Strom für alle (Blackout stoppen)»,≤100
162745750462776,Mieterinnen- und Mieterverband MV,Mieterinnen- und Mieterverband MV,≤100
153100508070854,Junge SVP Schweiz,JSVP Schweiz / JUDC / GUDC,≤100
453655411351244,Giovani UDC Ticino,Giovani UDC Ticino,≤100
1636440209972703,Alberto Togni,Alberto Togni,≤100
103121756024593,Emanuele Mobiglia,giovani Verdi Liberali Ticino,≤100
109554428727136,Erik Pinchetti 7-77,Erik Pinchetti,≤100
737971436234272,StrategieDialog21,StrategieDialog21,≤100
232850240381469,Udc/svp Sezione Locarno,These ads ran without a disclaimer,≤100
510352742440847,Coalition pour des multinationales responsables,Coalition pour des multinationales responsables,≤100
100116156110843,Stop al blackout,Iniziativa popolare «Energia elettrica in ogni tempo per tutti (Stop al blackout)»,≤100
116633374693937,christiantresoldi.ch,These ads ran without a disclaimer,≤100
48980326364,Public Eye,Public Eye,≤100
1504706079628728,ASLOCA Suisse,ASLOCA Suisse,≤100
169752569742293,Schweizerischer Gewerbeverband sgv,Schweizerischer Gewerbeverband sgv,≤100
291359247729208,PS Suisse,PS Suisse,≤100
353685744720476,Jungfreisinnige Stadt Luzern,Jungfreisinnige Stadt Luzern,≤100
1054282644596776,GE-démocratie,GE-démocratie,≤100
937567862935222,Luna Grey,These ads ran without a disclaimer,≤100
100980232576650,Muriel Langenberger,Muriel Langenberger,≤100
102014399307738,Direkt,direkt,≤100
1565933506957347,Marina Carobbio,Marina Carobbio,≤100
668272339979128,Sindacato VPOD Ticino,These ads ran without a disclaimer,≤100
97721121385,Public Eye,Public Eye,≤100
108804628818873,Virna Conti,Virna Conti,≤100
169510248558,Die Mitte - Le Centre,Die Mitte,≤100
1524954517562834,Prominis,Prominis GmbH,≤100
154976914534194,Save the Children Schweiz/Suisse,Save the Children Schweiz,≤100
101243061481457,Bruno Schiavuzzi,These ads ran without a disclaimer,≤100
663896104043182,Kultur Luzern,Kultur Luzern,≤100
1033932949973658,Sara Demir,Sara Demir,≤100
111539168454051,Avanti,These ads ran without a disclaimer,≤100
467503303605894,PLR Castel San Pietro,PLR Castel San Pietro,≤100
103190662706168,NON à la Loi sur la Chasse.,Rolf Hugo Hilfiker,≤100
207360136376916,Bundesliga,These ads ran without a disclaimer,≤100
175478195846132,Les Vert·e·s suisses,Grüne Schweiz,≤100
269029886456205,Giorgio Fonio,These ads ran without a disclaimer,≤100
259871484198551,Thomas Matter,Thomas Matter,≤100
1492503634364441,Liste d'Union Populaire,Ensemble à Gauche-Genève,≤100
218538701651843,Union suisse des arts et métiers usam,Schweizerischer Gewerbeverband sgv,≤100
110533229026103,EVP / PEV,EVP Schweiz,≤100
146221668771106,wbg Wissen verbindet,These ads ran without a disclaimer,≤100
101493829022149,The Swiss Times,These ads ran without a disclaimer,≤100
114869031535335,42.bandicefkchicagolmao,These ads ran without a disclaimer,≤100
1836872279965837,Fabian Peter,fabianpeter.ch,≤100
108595330730708,Groupe lgbtiq+ du PS genevois,Groupe lgbtiq+ du PS genevois,≤100
103040452628569,vavariousartists,These ads ran without a disclaimer,≤100
323542331710140,Adrian Nussbaum,Adrian Markus Nussbaum,≤100
1462022710772147,Hans Egli,Hans Egli,≤100
784812424962943,Tele Z,TELE Z,≤100
384045782162585,JSVP Wahlkreis Entlebuch,Martin Hofstetter,≤100
100267076206781,Ensemble à Gauche solidaritéS-Parti du Travail-DAL,Ensemble à Gauche,≤100
103269145789541,Stop au blackout,Initiative populaire « De l’électricité pour tous en tout temps (Stop au blackout) »,≤100
122849551077569,Democrats Abroad Switzerland,Democrats Abroad,≤100
360151400680191,Die Mitte Stadt Luzern,Die Mitte Stadt Luzern,≤100
129927347072527,Junge Grüne Luzern,Junge Grüne Kanton Luzern,≤100
225005760938801,FDP.Die Liberalen Emmen,FDP.Die Liberalen Emmen,≤100
200905173303222,"SCI Switzerland (Schweiz, Suisse, Svizzera)","SCI Switzerland (Schweiz, Suisse, Svizzera)",≤100
253315588150917,Giovani Verdi Ticino,These ads ran without a disclaimer,≤100
305314876752258,Thomas von Allmen,Thomas Von Allmen,≤100
100381452863244,Libertés et Justice sociale,Libertés et Justice sociale,≤100
191199475064849,Energie Club Schweiz,Energie Club Schweiz,≤100
104549855835454,avestaevent,These ads ran without a disclaimer,≤100
730158247033526,Readly,These ads ran without a disclaimer,≤100
110815557721500,Frano Dragun,These ads ran without a disclaimer,≤100
107040575646313,Renata Marina,These ads ran without a disclaimer,≤100
80305304937,Grünliberale Partei Sursee,Grünliberale Partei Sursee,≤100
1860782777346343,Astons Russia,These ads ran without a disclaimer,≤100
84150672409,SP Stadt Zürich,SP Stadt Zürich,≤100
429755047122487,Friedrich Reinhardt Verlag,These ads ran without a disclaimer,≤100
108956878785904,Saiseisocks,These ads ran without a disclaimer,≤100
10150100771335484,24 heures,These ads ran without a disclaimer,≤100
285831198097799,Kloster Mariazell Wurmsbach,These ads ran without a disclaimer,≤100
107757638921612,benispsursee,These ads ran without a disclaimer,≤100
1125155474201566,Mcg Carouge,Sandro Pistis,≤100
113059061701822,MarketCamp 26,These ads ran without a disclaimer,≤100
103558749124919,asiazensus,These ads ran without a disclaimer,≤100
106185439068777,Cowboybay,These ads ran without a disclaimer,≤100
544839015887197,OCHSNER Wärmepumpen GmbH,These ads ran without a disclaimer,≤100
104475419118580,Еurо News,These ads ran without a disclaimer,≤100
158714780827513,UNFPA,These ads ran without a disclaimer,≤100
106776559007113,Новости дня,These ads ran without a disclaimer,≤100
730128206999668,Miel de Botton,These ads ran without a disclaimer,≤100
113629868312383,Marketing Generous,These ads ran without a disclaimer,≤100
537872126249267,Червоний Хрест України,These ads ran without a disclaimer,≤100
144242707386755,MeisterNote: Collaborative Documentation for Teams,These ads ran without a disclaimer,≤100
112375905102575,Wiadomości z Europy,These ads ran without a disclaimer,≤100
322277311634083,First Ascent,These ads ran without a disclaimer,≤100
294285073455,OLYMP,These ads ran without a disclaimer,≤100
1390745591150821,NRC - Norwegian Refugee Council,These ads ran without a disclaimer,≤100
345764772110243,Sentido Hotels,These ads ran without a disclaimer,≤100
106569706154975,Modern Expo,These ads ran without a disclaimer,≤100
344705733141,Love The Love,These ads ran without a disclaimer,≤100
121722894199689,,These ads ran without a disclaimer,≤100
413224988797093,Beekeeper,These ads ran without a disclaimer,≤100
105885535599394,Coach Cecil,These ads ran without a disclaimer,≤100
2279299582130473,Bonjour Ben,These ads ran without a disclaimer,≤100
763722197034246,En Développement,These ads ran without a disclaimer,≤100
103067531986181,Bucaral De,These ads ran without a disclaimer,≤100
106038505777460,,These ads ran without a disclaimer,≤100
71814915695,MindMeister: Online Mind Mapping Tool,These ads ran without a disclaimer,≤100
101236935303293,Trivia.com - Trivia,These ads ran without a disclaimer,≤100
101152096022679,Reilly Todd,These ads ran without a disclaimer,≤100
104914962284234,Arthur.Zero,These ads ran without a disclaimer,≤100
116675168040476,Wiadomości ze świata,These ads ran without a disclaimer,≤100