﻿Page ID,Page name,Disclaimer,Amount spent (CHF)
103915262545181,KMU geprüft,KMU geprüft,22173
103361322680851,Armin Hartmann,Hartmann2023,1695
97220294896,SP Schweiz,SP Schweiz,542
120371314332042,,FDP.Die Liberalen Luzern,540
140334276690,Grüne Luzern,GRÜNE Luzern,522
112233721686095,Ylfete Fanaj in den Regierungsrat,Ylfete Fanaj in den Regierungsrat,457
194790813901953,Grüne Schweiz,Grüne Schweiz,303
756722317788172,FDP.Die Liberalen Stadt Luzern,FDP.Die Liberalen Stadt Luzern,293
445748655573590,Bernhard Steiner wieder in den Kantonsrat,Bernhard Franz Steiner,292
185972504782621,FDP.Die Liberalen Luzern,FDP.Die Liberalen Luzern,292
1526151274353450,FDP.Die Liberalen Horw,FDP.Die Liberalen Horw,277
106311266104289,Die Mitte Kanton Luzern,Die Mitte Kanton Luzern,273
227720898168117,Markus Estermann,Markus Estermann,259
298155064222389,SVP Wahlkreis Entlebuch,SVP Wahlkreis Entlebuch,231
191859734164694,Pro Infirmis,Pro Infirmis,208
102149056050165,Simon Leu,Simon Leu,192
1924477997807060,Grüne Sursee,Grüne Sursee,177
360151400680191,Die Mitte Stadt Luzern,Die Mitte Stadt Luzern,172
222196101148136,Grünliberale Partei Kanton Luzern,Grünliberale Partei Kanton Luzern,163
112920455046707,Mega gärn of Lozärn,Eva Forster,142
351389042353975,Claudio Spescha in den Luzerner Kantonsrat,Claudio Spescha in den Luzerner Kantonsrat,140
809697199378485,Sandra Cellarius,These ads ran without a disclaimer,129
100213996124067,Grünliberale Sektion Emmen-Hochdorf,Grünliberale Sektion Emmen-Hochdorf,125
372803770225965,Mario Cozzio - GLP,Mario Cozzio - GLP,117
117701274586282,Sascha Eigenmann in den Kantonsrat,Sascha Eigenmann,106
206766506736201,Verein Alleinerziehende Mütter und Väter Luzern,Verein alleinerziehende Mütter und Väter Luzern,101
100756302940852,Raimund Wenger - Kantonsratswahlen 2023,Raimund Wenger,≤100
1524859774444235,Koalition für Konzernverantwortung,Koalition für Konzernverantwortung,≤100
104009029660183,Die Junge Mitte Kanton Luzern,Die Junge Mitte Kanton Luzern,≤100
201477916570389,Die Mitte Emmen,Die Mitte Emmen,≤100
809697199378485,Sandra Cellarius,Sandra Alice Cellarius,≤100
112333848418556,Roman Grisiger,Roman Grisiger,≤100
100332749664541,Ja zum Klimaschutz-Gesetz,JA zum Klimaschutz,≤100
162745750462776,Mieterinnen- und Mieterverband MV,Mieterinnen- und Mieterverband MV,≤100
983775695036102,Gianluca Pardini,Gianluca Pardini,≤100
110862028592472,Christian Galliker,Christian Galliker,≤100
2114553392189767,David Roth,David Roth,≤100
105590639145209,Andri Hummel in den Kantonsrat,Andri Mario Hummel,≤100
353685744720476,Jungfreisinnige Stadt Luzern,Jungfreisinnige Stadt Luzern,≤100
305314876752258,Thomas von Allmen,Thomas Von Allmen,≤100
645967625528662,Stefan Dahinden,Stefan Dahinden,≤100
107126168963330,Pascal Mueller-Born,Pascal Alois Müller Born,≤100
471258816239362,Junge SVP Luzern,Junge SVP Luzern,≤100
54779960819,United Nations,United Nations with Facebook Ad Credits,≤100
192306360802833,Grünliberale Luzern Land,Grünliberale Luzern Land,≤100
1524954517562834,Prominis,Prominis GmbH,≤100
663896104043182,Kultur Luzern,Kultur Luzern,≤100
101500332827222,SVP Wahlkreis Sursee,SVP Wahlkreis Sursee,≤100
101986432797310,Anna-Sophia Spieler,Anna-Sophia Spieler,≤100
444782879416384,Claudia Huser in den Regierungsrat,Claudia Huser,≤100
169510248558,Die Mitte - Le Centre,Die Mitte,≤100
100732476262537,GLP Willisau,GLP Wahlkreis Willisau,≤100
290544665132087,Jasmin Ursprung,Jasmin Ursprung,≤100
489729308256098,Marcel Budmiger,Marcel Stefan Budmiger,≤100
264952450282664,JUSO Luzern,JUSO Luzern,≤100
106152765729668,Luca Boog,Luca Boog,≤100
80305304937,Grünliberale Partei Sursee,Grünliberale Partei Sursee,≤100
1809601932701449,Michael Töngi,Michael Töngi,≤100
1836872279965837,Fabian Peter,fabianpeter.ch,≤100
153100508070854,Junge SVP Schweiz,JSVP Schweiz / JUDC / GUDC,≤100
129927347072527,Junge Grüne Luzern,Junge Grüne Kanton Luzern,≤100
2352152991729492,Marco Baumann,Marco Baumann,≤100
111081131629685,Blackout stoppen,Volksinitiative «Jederzeit Strom für alle (Blackout stoppen)»,≤100
114231361547107,SVP Wahlkreis Hochdorf LU,SVP - Wahlkreis Hochdorf LU,≤100
715040485291724,Charly Freitag,Carl Otto Freitag,≤100
1836872279965837,Fabian Peter,green leaf GmbH,≤100
167983071434,SP Kriens,SP Kriens,≤100
110844634996793,"Thiam Lütolf - GLP Willisau, Kantonsrat LU",Thiam Lütolf,≤100
287354064948926,Wermelinger AG Flühli,Wermelinger AG Flühli,≤100
2075832665775532,FDP Hochdorf,FDP.Die Liberalen Hochdorf,≤100
737971436234272,StrategieDialog21,StrategieDialog21,≤100
921336971288655,Nagra,Nagra,≤100
225005760938801,FDP.Die Liberalen Emmen,FDP.Die Liberalen Emmen,≤100
169752569742293,Schweizerischer Gewerbeverband sgv,Schweizerischer Gewerbeverband sgv,≤100
154976914534194,Save the Children Schweiz/Suisse,Save the Children Schweiz,≤100
1429860470617358,Le Centre / Ville de Genève,Le Centre / Ville de Genève,≤100
106321615725425,Oui à la Loi climat,Oui à la loi climat,≤100
125466200895962,Valentin Landmann,Sven Kunz,≤100
2246378485612019,ASI - Associazione Svizzera Inquilini,ASI - Associazione Svizzera Inquilini,≤100
102014399307738,Direkt,direkt,≤100
259871484198551,Thomas Matter,Thomas Matter,≤100
103420552709684,,Benjamin Böhler,≤100
269029886456205,Giorgio Fonio,Giorgio Fonio,≤100
105890175750510,Luca Carbone  lucacarbone.ch,Luca Carbone,≤100
100844786282093,SÌ alla Legge clima,Sì alla legge clima,≤100
784812424962943,Tele Z,TELE Z,≤100
190133177759419,Giuseppe Cotti,Giuseppe Cotti,≤100
211855755511954,Jungfreisinnige Kanton Luzern,Jungfreisinnige Kanton Luzern,≤100
1073858446007122,FDP. Die Liberalen Meggen,FDP. Die Liberalen Meggen,≤100
445013152316995,Die Mitte Kriens,Die Mitte Kriens,≤100
384045782162585,JSVP Wahlkreis Entlebuch,Martin Hofstetter,≤100
1500106483561398,FDP. Die Liberalen Risch Rotkreuz,FDP Risch Rotkreuz,≤100
937567862935222,Luna Grey,These ads ran without a disclaimer,≤100
48980326364,Public Eye,Public Eye,≤100
1054282644596776,GE-démocratie,GE-démocratie,≤100
105885535599394,Coach Cecil,These ads ran without a disclaimer,≤100
110533229026103,EVP / PEV,EVP Schweiz,≤100
1483343695307824,Campax,Campax,≤100
510352742440847,Coalition pour des multinationales responsables,Coalition pour des multinationales responsables,≤100
108804628818873,Virna Conti,Virna Conti,≤100
1462022710772147,Hans Egli,Hans Egli,≤100
97721121385,Public Eye,Public Eye,≤100
109554428727136,Erik Pinchetti 7-77,Erik Pinchetti,≤100
106038505777460,,These ads ran without a disclaimer,≤100
100980232576650,Muriel Langenberger,Muriel Langenberger,≤100
103190662706168,NON à la Loi sur la Chasse.,Rolf Hugo Hilfiker,≤100
114869031535335,42.bandicefkchicagolmao,These ads ran without a disclaimer,≤100
291359247729208,PS Suisse,PS Suisse,≤100
453655411351244,Giovani UDC Ticino,Giovani UDC Ticino,≤100
102700334426254,Pierluigi Pasi,Pierluigi Pasi,≤100
1504706079628728,ASLOCA Suisse,ASLOCA Suisse,≤100
232850240381469,Udc/svp Sezione Locarno,These ads ran without a disclaimer,≤100
113059061701822,MarketCamp 26,These ads ran without a disclaimer,≤100
1492503634364441,Liste d'Union Populaire,Ensemble à Gauche-Genève,≤100
116633374693937,christiantresoldi.ch,These ads ran without a disclaimer,≤100
103040452628569,vavariousartists,These ads ran without a disclaimer,≤100
122849551077569,Democrats Abroad Switzerland,Democrats Abroad,≤100
463645587339110,Piero Marchesi,Piero Marchesi,≤100
84150672409,SP Stadt Zürich,SP Stadt Zürich,≤100
175478195846132,Les Vert·e·s suisses,Grüne Schweiz,≤100
323542331710140,Adrian Nussbaum,Adrian Markus Nussbaum,≤100
429755047122487,Friedrich Reinhardt Verlag,These ads ran without a disclaimer,≤100
218538701651843,Union suisse des arts et métiers usam,Schweizerischer Gewerbeverband sgv,≤100
107757638921612,benispsursee,These ads ran without a disclaimer,≤100
104868102257388,Spring Basel,These ads ran without a disclaimer,≤100
100116156110843,Stop al blackout,Iniziativa popolare «Energia elettrica in ogni tempo per tutti (Stop al blackout)»,≤100
104549855835454,avestaevent,These ads ran without a disclaimer,≤100
144033559006728,Calanda Reisen,These ads ran without a disclaimer,≤100
101243061481457,Bruno Schiavuzzi,These ads ran without a disclaimer,≤100
467503303605894,PLR Castel San Pietro,PLR Castel San Pietro,≤100
146221668771106,wbg Wissen verbindet,These ads ran without a disclaimer,≤100
269029886456205,Giorgio Fonio,These ads ran without a disclaimer,≤100
108956878785904,Saiseisocks,These ads ran without a disclaimer,≤100
730158247033526,Readly,These ads ran without a disclaimer,≤100
100381452863244,Libertés et Justice sociale,Libertés et Justice sociale,≤100
285831198097799,Kloster Mariazell Wurmsbach,These ads ran without a disclaimer,≤100
1439209716323593,UDC Ticino,UDC Ticino,≤100
111539168454051,Avanti,These ads ran without a disclaimer,≤100
100267076206781,Ensemble à Gauche solidaritéS-Parti du Travail-DAL,Ensemble à Gauche,≤100
200905173303222,"SCI Switzerland (Schweiz, Suisse, Svizzera)","SCI Switzerland (Schweiz, Suisse, Svizzera)",≤100
103269145789541,Stop au blackout,Initiative populaire « De l’électricité pour tous en tout temps (Stop au blackout) »,≤100
104475419118580,Еurо News,These ads ran without a disclaimer,≤100
106776559007113,Новости дня,These ads ran without a disclaimer,≤100
245489546137580,Christoph Riner - bodenständige Politik,Christoph Riner - bodenständige Politik,≤100
101152096022679,Reilly Todd,These ads ran without a disclaimer,≤100
108595330730708,Groupe lgbtiq+ du PS genevois,Groupe lgbtiq+ du PS genevois,≤100
668272339979128,Sindacato VPOD Ticino,These ads ran without a disclaimer,≤100
191199475064849,Energie Club Schweiz,Energie Club Schweiz,≤100
1565933506957347,Marina Carobbio,Marina Carobbio,≤100
1579272705641700,Gabriela Suter,Gabriela Suter,≤100
107040575646313,Renata Marina,These ads ran without a disclaimer,≤100
110815557721500,Frano Dragun,These ads ran without a disclaimer,≤100
144242707386755,MeisterNote: Collaborative Documentation for Teams,These ads ran without a disclaimer,≤100
106185439068777,Cowboybay,These ads ran without a disclaimer,≤100
112375905102575,Wiadomości z Europy,These ads ran without a disclaimer,≤100
544839015887197,OCHSNER Wärmepumpen GmbH,These ads ran without a disclaimer,≤100
101493829022149,The Swiss Times,These ads ran without a disclaimer,≤100
322277311634083,First Ascent,These ads ran without a disclaimer,≤100
104914962284234,Arthur.Zero,These ads ran without a disclaimer,≤100
537872126249267,Червоний Хрест України,These ads ran without a disclaimer,≤100
612984478813856,Henry Harvin Education,These ads ran without a disclaimer,≤100
103067531986181,Bucaral De,These ads ran without a disclaimer,≤100
113629868312383,Marketing Generous,These ads ran without a disclaimer,≤100
207360136376916,Bundesliga,These ads ran without a disclaimer,≤100
119964878130835,Avrupa Diş Ağız ve Diş Sağlığı Merkezi,These ads ran without a disclaimer,≤100
103558749124919,asiazensus,These ads ran without a disclaimer,≤100
109986351868062,ridvan_bade,These ads ran without a disclaimer,≤100
294285073455,OLYMP,These ads ran without a disclaimer,≤100
763722197034246,En Développement,These ads ran without a disclaimer,≤100
175889425769412,BAR-TEK Motorsport,These ads ran without a disclaimer,≤100
322599777438,BBD,These ads ran without a disclaimer,≤100
101866116198810,Globаl News,These ads ran without a disclaimer,≤100
852370551453606,GARP,These ads ran without a disclaimer,≤100
113335433357256,Ecosystems2030,These ads ran without a disclaimer,≤100
730128206999668,Miel de Botton,These ads ran without a disclaimer,≤100
121071210928713,Наши в Европе,These ads ran without a disclaimer,≤100
2279299582130473,Bonjour Ben,These ads ran without a disclaimer,≤100
116675168040476,Wiadomości ze świata,These ads ran without a disclaimer,≤100
108091988358295,Travels All Abroad,These ads ran without a disclaimer,≤100
1390745591150821,NRC - Norwegian Refugee Council,These ads ran without a disclaimer,≤100
1860782777346343,Astons Russia,These ads ran without a disclaimer,≤100
769095856453652,Axel Arigato,These ads ran without a disclaimer,≤100