﻿Page ID,Page name,Disclaimer,Amount spent (CHF)
119724661100167,Josef Ender i Nationalrat,Josef Ender i Nationalrat,164
295886637766842,Othmar Reichmuth,Othmar Reichmuth,158
178775348914227,FDP.Die Liberalen Kanton Schwyz,FDP Kanton Schwyz,≤100
194790813901953,Grüne Schweiz,Grüne Schweiz,≤100
15733998334,FDP,FDP,≤100
126289610761942,Grünliberale,Grünliberale,≤100
921336971288655,Nagra,Nagra,≤100
255506388731408,Biodiversitätsinitiative,Biodiversitätsinitiative,≤100
144907625542050,Die Mitte Schwyz,Die Mitte Schwyz,≤100
8142847754,Jungfreisinnige Schweiz,Jungfreisinnige Schweiz,≤100
114803848589834,DIE ZEIT,These ads ran without a disclaimer,≤100
259871484198551,Thomas Matter,Thomas Matter,≤100
1524859774444235,Koalition für Konzernverantwortung,Koalition für Konzernverantwortung,≤100
1017458318384189,Sympany,These ads ran without a disclaimer,≤100
169510248558,Die Mitte - Le Centre,Die Mitte,≤100
154976914534194,Save the Children Schweiz/Suisse,Save the Children Schweiz,≤100
18087904183,PLR,PLR,≤100
111081131629685,Blackout stoppen,Volksinitiative «Jederzeit Strom für alle (Blackout stoppen)»,≤100
51415837765,Greenpeace Switzerland,Greenpeace Switzerland,≤100
478040605021,Junge Grüne Schweiz,Junge Grüne Schweiz,≤100
101986432797310,Anna-Sophia Spieler,Anna-Sophia Spieler,≤100
102014399307738,Direkt,direkt,≤100
102104005601597,42hacks,42hacks.com,≤100
109923167202864,Grünliberale Linth,Grünliberale Linth,≤100
169752569742293,Schweizerischer Gewerbeverband sgv,Schweizerischer Gewerbeverband sgv,≤100
376640739090595,Baloise.CH,These ads ran without a disclaimer,≤100
1585806105023846,Heinz Theiler in den Nationalrat,Heinz Theiler in den Nationalrat,≤100
97220294896,SP Schweiz,SP Schweiz,≤100
1989388664637991,Salon Public,These ads ran without a disclaimer,≤100
930378267027747,Treuhand- und Revisionsgesellschaft Mattig-Suter und Partner,These ads ran without a disclaimer,≤100
101432554786737,Verein Stadtgrün,Verein Stadtgrün,≤100
238711029872717,Die Mitte Sarganserland - Für ein starkes Sarganserland,Die Mitte Sarganserland - Für ein starkes Sarganserland,≤100
115134174862244,perspectivesuisse.ch,IG Wirtschaftsverbände,≤100
110981058712788,Iniziativa biodiversità,Iniziativa biodiversità,≤100
117741198303856,FDP Kanton Zürich,FDP Kanton Zürich,≤100
202907189862969,Verdi Liberali,Parti vert'libéral Suisse,≤100
48980326364,Public Eye,Public Eye,≤100
510352742440847,Coalition pour des multinationales responsables,Coalition pour des multinationales responsables,≤100
335609400529370,FDP Horgen,FDP Horgen,≤100
179829952053386,Vert'libéraux,Parti vert'libéral Suisse,≤100
820391221400929,Unser Stadtrat Florin Scherrer,Unser Stadtrat Florin Scherrer,≤100
265041068300,JUSO Baselland,JUSO Baselland,≤100
101023239974455,Europäische Bewegung Schweiz - Mouvement européen Suisse,European Movement Switzerland,≤100
97721121385,Public Eye,Public Eye,≤100
117834861190392,__klartext,These ads ran without a disclaimer,≤100
267353906619818,Mr. Gugu & Miss Go,These ads ran without a disclaimer,≤100
109554945523780,Initiative biodiversité,Initiative biodiversité,≤100
349450293419,Schweizerische Energie-Stiftung SES,Schweizerische Energie-Stiftung SES,≤100
113035494739725,Simon Vlk,Simon Vlk,≤100
908815155861056,Samuel Krähenbühl,Samuel Krähenbühl,≤100
107494077464434,Janine Vannaz,Janine Vannaz,≤100
1405195019770383,Svájci Magyar Rendezvények,These ads ran without a disclaimer,≤100
106300899437929,Patrick Hässig,Patrick Hässig,≤100
1464661227009326,SVP Bezirk Uster,fuerschi GmbH,≤100
36735923253,umverkehR,umverkehR,≤100
100649012962611,Direct,Direct,≤100
193388757364033,Solidar Suisse,Solidar Suisse,≤100
330071323785229,FDP. Die Liberalen Frauen Basel-Stadt,FDP. Die Liberalen Frauen Basel-Stadt,≤100
2525584750795209,Nina Fehr Düsel,Nina Fehr Düsel,≤100
755554214495636,Parti Socialiste Neuchâtelois,Parti socialiste neuchâtelois,≤100
123731471009473,Yvonne Bürgin,Yvonne Bürgin,≤100
105527252338650,perspektiveschweiz.ch,IG Wirtschaftsverbände,≤100
289772074451810,FDP.Die Liberalen Aargau,FDP.Die Liberalen Aargau,≤100
102718129475079,Ambil Sandy,Bezirksrichterwahl,≤100
108103318693563,"Heidi Weiss, Bauma, EVP","Heidi Weiss, Bauma, EVP",≤100
101016155153638,Sarah Constantin,Sarah Constantin,≤100
154738781313603,Simone Gianini,Simone Gianini,≤100
218538701651843,Union suisse des arts et métiers usam,Schweizerischer Gewerbeverband sgv,≤100
112701670136769,CH+ Games for Democracy,PROJEKT CH+,≤100
1493576784283618,Mini-Schwiz,Mini-Schwiz,≤100
291359247729208,PS Suisse,PS Suisse,≤100
2205274923057144,Helmut Bauer,These ads ran without a disclaimer,≤100
100513788093677,Les Vert-e-s Ville de Genève,Les Vert-e-s Ville de Genève,≤100
167983071434,SP Kriens,SP Kriens,≤100
100470215962193,Sunrise starzone,These ads ran without a disclaimer,≤100
100960685986242,FDP Zürich 7+8,FDP Kreis 7+8,≤100
2114553392189767,David Roth,David Roth,≤100
238711029872717,Die Mitte Sarganserland - Für ein starkes Sarganserland,These ads ran without a disclaimer,≤100
890524711033887,Personio,These ads ran without a disclaimer,≤100
107032318943312,Revoltrain Academy,These ads ran without a disclaimer,≤100
22893372268,BMW,These ads ran without a disclaimer,≤100
108625789179165,Soi Dog Foundation,These ads ran without a disclaimer,≤100
802107323183602,Uwe Damm Trainingheads with quality Hair,These ads ran without a disclaimer,≤100
19746387261,Humane Society International,These ads ran without a disclaimer,≤100
103564366367787,MSC - Nachhaltige Fischerei,These ads ran without a disclaimer,≤100
110053874785893,villagegreen.studio,These ads ran without a disclaimer,≤100
110327595461977,die.schwere.der.stille,These ads ran without a disclaimer,≤100