﻿Page ID,Page name,Disclaimer,Amount spent (CHF)
101253266185327,Krisnachbern,Kris Vietze,280
106166125878847,Michèle Strähl,Wahlkomitee Michèle Strähl,263
463109137176918,Hansjörg Brunner,Hansjörg Brunner in den Nationalrat,194
15733998334,FDP,FDP,≤100
140726925997098,Jungfreisinnige Thurgau,Jungfreisinnige Thurgau,≤100
126289610761942,Grünliberale,Grünliberale,≤100
255506388731408,Biodiversitätsinitiative,Biodiversitätsinitiative,≤100
921336971288655,Nagra,Nagra,≤100
106563052005929,SVP Kreuzlingen,SVP Kreuzlingen,≤100
105527252338650,perspektiveschweiz.ch,IG Wirtschaftsverbände,≤100
101911349589866,Leo Marti,Jungfreisinnige Thurgau,≤100
1612166269046129,Ueli Fisch politisch,Ueli Fisch politisch,≤100
8142847754,Jungfreisinnige Schweiz,Jungfreisinnige Schweiz,≤100
114803848589834,DIE ZEIT,These ads ran without a disclaimer,≤100
135044913214042,Grüne Thurgau,Grüne Thurgau,≤100
321346565242196,judith_ricklin,judith_ricklin,≤100
101636572545136,Enrique Castelar,Jungfreisinnige Thurgau,≤100
108201788952555,Rick Näf,Jungfreisinnige Thurgau,≤100
105398739142969,Nina Schläfli,Nina Schläfli,≤100
117857694640069,Janis Basler,Jungfreisinnige Thurgau,≤100
124266620968132,FDP.Die Liberalen Kanton Thurgau,FDP Thurgau,≤100
259871484198551,Thomas Matter,Thomas Matter,≤100
1524859774444235,Koalition für Konzernverantwortung,Koalition für Konzernverantwortung,≤100
1017458318384189,Sympany,These ads ran without a disclaimer,≤100
169510248558,Die Mitte - Le Centre,Die Mitte,≤100
154976914534194,Save the Children Schweiz/Suisse,Save the Children Schweiz,≤100
2131937020430093,Marc Rüdisüli,Marc Rüdisüli,≤100
102104005601597,42hacks,42hacks.com,≤100
111081131629685,Blackout stoppen,Volksinitiative «Jederzeit Strom für alle (Blackout stoppen)»,≤100
194790813901953,Grüne Schweiz,Grüne Schweiz,≤100
478040605021,Junge Grüne Schweiz,Junge Grüne Schweiz,≤100
18087904183,PLR,PLR,≤100
51415837765,Greenpeace Switzerland,Greenpeace Switzerland,≤100
102014399307738,Direkt,direkt,≤100
101986432797310,Anna-Sophia Spieler,Anna-Sophia Spieler,≤100
376640739090595,Baloise.CH,These ads ran without a disclaimer,≤100
169752569742293,Schweizerischer Gewerbeverband sgv,Schweizerischer Gewerbeverband sgv,≤100
238711029872717,Die Mitte Sarganserland - Für ein starkes Sarganserland,Die Mitte Sarganserland - Für ein starkes Sarganserland,≤100
101432554786737,Verein Stadtgrün,Verein Stadtgrün,≤100
1989388664637991,Salon Public,These ads ran without a disclaimer,≤100
97220294896,SP Schweiz,SP Schweiz,≤100
115134174862244,perspectivesuisse.ch,IG Wirtschaftsverbände,≤100
110981058712788,Iniziativa biodiversità,Iniziativa biodiversità,≤100
117741198303856,FDP Kanton Zürich,FDP Kanton Zürich,≤100
48980326364,Public Eye,Public Eye,≤100
510352742440847,Coalition pour des multinationales responsables,Coalition pour des multinationales responsables,≤100
106300899437929,Patrick Hässig,Patrick Hässig,≤100
179829952053386,Vert'libéraux,Parti vert'libéral Suisse,≤100
202907189862969,Verdi Liberali,Parti vert'libéral Suisse,≤100
97721121385,Public Eye,Public Eye,≤100
1547077958856705,"Nicolo Paganini, St.Galler Nationalrat","Nicolo Paganini, St.Galler Nationalrat",≤100
265041068300,JUSO Baselland,JUSO Baselland,≤100
1405195019770383,Svájci Magyar Rendezvények,These ads ran without a disclaimer,≤100
109554945523780,Initiative biodiversité,Initiative biodiversité,≤100
101023239974455,Europäische Bewegung Schweiz - Mouvement européen Suisse,European Movement Switzerland,≤100
820391221400929,Unser Stadtrat Florin Scherrer,Unser Stadtrat Florin Scherrer,≤100
267353906619818,Mr. Gugu & Miss Go,These ads ran without a disclaimer,≤100
117834861190392,__klartext,These ads ran without a disclaimer,≤100
908815155861056,Samuel Krähenbühl,Samuel Krähenbühl,≤100
349450293419,Schweizerische Energie-Stiftung SES,Schweizerische Energie-Stiftung SES,≤100
113035494739725,Simon Vlk,Simon Vlk,≤100
107494077464434,Janine Vannaz,Janine Vannaz,≤100
36735923253,umverkehR,umverkehR,≤100
193388757364033,Solidar Suisse,Solidar Suisse,≤100
377292365618914,SVP Stadt Winterthur,SVP Winterthur,≤100
335609400529370,FDP Horgen,FDP Horgen,≤100
100649012962611,Direct,Direct,≤100
2525584750795209,Nina Fehr Düsel,Nina Fehr Düsel,≤100
154738781313603,Simone Gianini,Simone Gianini,≤100
330071323785229,FDP. Die Liberalen Frauen Basel-Stadt,FDP. Die Liberalen Frauen Basel-Stadt,≤100
108103318693563,"Heidi Weiss, Bauma, EVP","Heidi Weiss, Bauma, EVP",≤100
755554214495636,Parti Socialiste Neuchâtelois,Parti socialiste neuchâtelois,≤100
218538701651843,Union suisse des arts et métiers usam,Schweizerischer Gewerbeverband sgv,≤100
1493576784283618,Mini-Schwiz,Mini-Schwiz,≤100
101016155153638,Sarah Constantin,Sarah Constantin,≤100
123731471009473,Yvonne Bürgin,Yvonne Bürgin,≤100
291359247729208,PS Suisse,PS Suisse,≤100
7783116506,Animals Asia,These ads ran without a disclaimer,≤100
112701670136769,CH+ Games for Democracy,PROJEKT CH+,≤100
2205274923057144,Helmut Bauer,These ads ran without a disclaimer,≤100
1240731822752891,Roger Bachmann,Roger Bachmann,≤100
100513788093677,Les Vert-e-s Ville de Genève,Les Vert-e-s Ville de Genève,≤100
651914428165177,PS Sion,PS Sion,≤100
100470215962193,Sunrise starzone,These ads ran without a disclaimer,≤100
398567686824626,GRÜNE Kanton St.Gallen,Grüne Kanton St. Gallen,≤100
109242778901363,Rutz fuer Zueri,Rutz fuer Zueri,≤100
2114553392189767,David Roth,David Roth,≤100
110327595461977,die.schwere.der.stille,These ads ran without a disclaimer,≤100
107032318943312,Revoltrain Academy,These ads ran without a disclaimer,≤100
109966852161945,Evergreen Speed Networking,These ads ran without a disclaimer,≤100
110053874785893,villagegreen.studio,These ads ran without a disclaimer,≤100
114025938452734,FactFusion,These ads ran without a disclaimer,≤100
109818832140776,Funimals,These ads ran without a disclaimer,≤100
22893372268,BMW,These ads ran without a disclaimer,≤100
108625789179165,Soi Dog Foundation,These ads ran without a disclaimer,≤100
802107323183602,Uwe Damm Trainingheads with quality Hair,These ads ran without a disclaimer,≤100
108045785721503,Aktualności 24/7,These ads ran without a disclaimer,≤100
103564366367787,MSC - Nachhaltige Fischerei,These ads ran without a disclaimer,≤100
113287678435662,Majoritas Academy,These ads ran without a disclaimer,≤100
890524711033887,Personio,These ads ran without a disclaimer,≤100
122095484306010983,Notizen aus der Pathologie,These ads ran without a disclaimer,≤100
105994201980331,Wording Stories,These ads ran without a disclaimer,≤100
101097015461816,JReady,These ads ran without a disclaimer,≤100
19746387261,Humane Society International,These ads ran without a disclaimer,≤100
106325695626132,LushReads,These ads ran without a disclaimer,≤100
103377568914127,Wording Reading,These ads ran without a disclaimer,≤100