﻿Page ID,Page name,Disclaimer,Amount spent (CHF)
231086633606227,SVP Baselland,SVP Baselland,587
255506388731408,Biodiversitätsinitiative,Biodiversitätsinitiative,126
265041068300,JUSO Baselland,JUSO Baselland,≤100
15733998334,FDP,FDP,≤100
900898629982366,Florence Brenzikofer - Nationalrätin,Florence Brenzikofer - Nationalrätin,≤100
110963352037179,Pfeffinger Forum,Pfeffinger Forum,≤100
126289610761942,Grünliberale,Grünliberale,≤100
921336971288655,Nagra,Nagra,≤100
105527252338650,perspektiveschweiz.ch,IG Wirtschaftsverbände,≤100
126256997433456,SP Baselland,SP Baselland,≤100
8142847754,Jungfreisinnige Schweiz,Jungfreisinnige Schweiz,≤100
114803848589834,DIE ZEIT,These ads ran without a disclaimer,≤100
1656080817985087,Pro-Sissach,Pro-Sissach,≤100
259871484198551,Thomas Matter,Thomas Matter,≤100
1017458318384189,Sympany,These ads ran without a disclaimer,≤100
154976914534194,Save the Children Schweiz/Suisse,Save the Children Schweiz,≤100
1524859774444235,Koalition für Konzernverantwortung,Koalition für Konzernverantwortung,≤100
194790813901953,Grüne Schweiz,Grüne Schweiz,≤100
169510248558,Die Mitte - Le Centre,Die Mitte,≤100
111081131629685,Blackout stoppen,Volksinitiative «Jederzeit Strom für alle (Blackout stoppen)»,≤100
102104005601597,42hacks,42hacks.com,≤100
51415837765,Greenpeace Switzerland,Greenpeace Switzerland,≤100
478040605021,Junge Grüne Schweiz,Junge Grüne Schweiz,≤100
18087904183,PLR,PLR,≤100
109554945523780,Initiative biodiversité,Initiative biodiversité,≤100
110981058712788,Iniziativa biodiversità,Iniziativa biodiversità,≤100
102014399307738,Direkt,direkt,≤100
97220294896,SP Schweiz,SP Schweiz,≤100
101986432797310,Anna-Sophia Spieler,Anna-Sophia Spieler,≤100
376640739090595,Baloise.CH,These ads ran without a disclaimer,≤100
169752569742293,Schweizerischer Gewerbeverband sgv,Schweizerischer Gewerbeverband sgv,≤100
1148594755342436,Saskia Schenker - Nationalratskandidatin,FDP Sissach und Umgebung c/o Saskia Schenker,≤100
1989388664637991,Salon Public,These ads ran without a disclaimer,≤100
115134174862244,perspectivesuisse.ch,IG Wirtschaftsverbände,≤100
101432554786737,Verein Stadtgrün,Verein Stadtgrün,≤100
101023239974455,Europäische Bewegung Schweiz - Mouvement européen Suisse,European Movement Switzerland,≤100
179829952053386,Vert'libéraux,Parti vert'libéral Suisse,≤100
195132674206840,Grüne Region Olten,Grüne Region Olten,≤100
48980326364,Public Eye,Public Eye,≤100
289772074451810,FDP.Die Liberalen Aargau,FDP.Die Liberalen Aargau,≤100
97721121385,Public Eye,Public Eye,≤100
510352742440847,Coalition pour des multinationales responsables,Coalition pour des multinationales responsables,≤100
202907189862969,Verdi Liberali,Parti vert'libéral Suisse,≤100
102718129475079,Ambil Sandy,Bezirksrichterwahl,≤100
820391221400929,Unser Stadtrat Florin Scherrer,Unser Stadtrat Florin Scherrer,≤100
193388757364033,Solidar Suisse,Solidar Suisse,≤100
116026458226576,Barbara Portmann,Barbara Portmann,≤100
908815155861056,Samuel Krähenbühl,Samuel Krähenbühl,≤100
117834861190392,__klartext,These ads ran without a disclaimer,≤100
349450293419,Schweizerische Energie-Stiftung SES,Schweizerische Energie-Stiftung SES,≤100
107494077464434,Janine Vannaz,Janine Vannaz,≤100
100649012962611,Direct,Direct,≤100
1405195019770383,Svájci Magyar Rendezvények,These ads ran without a disclaimer,≤100
267353906619818,Mr. Gugu & Miss Go,These ads ran without a disclaimer,≤100
218538701651843,Union suisse des arts et métiers usam,Schweizerischer Gewerbeverband sgv,≤100
36735923253,umverkehR,umverkehR,≤100
19746387261,Humane Society International,These ads ran without a disclaimer,≤100
113035494739725,Simon Vlk,Simon Vlk,≤100
108103318693563,"Heidi Weiss, Bauma, EVP","Heidi Weiss, Bauma, EVP",≤100
330071323785229,FDP. Die Liberalen Frauen Basel-Stadt,FDP. Die Liberalen Frauen Basel-Stadt,≤100
1493576784283618,Mini-Schwiz,Mini-Schwiz,≤100
101016155153638,Sarah Constantin,Sarah Constantin,≤100
245489546137580,Christoph Riner - bodenständige Politik,Christoph Riner - bodenständige Politik,≤100
154738781313603,Simone Gianini,Simone Gianini,≤100
123731471009473,Yvonne Bürgin,Yvonne Bürgin,≤100
755554214495636,Parti Socialiste Neuchâtelois,Parti socialiste neuchâtelois,≤100
291359247729208,PS Suisse,PS Suisse,≤100
2205274923057144,Helmut Bauer,These ads ran without a disclaimer,≤100
112701670136769,CH+ Games for Democracy,PROJEKT CH+,≤100
890524711033887,Personio,These ads ran without a disclaimer,≤100
114991241616639,Jan Köbeli,Jan Köbeli,≤100
651914428165177,PS Sion,PS Sion,≤100
100513788093677,Les Vert-e-s Ville de Genève,Les Vert-e-s Ville de Genève,≤100
1073858446007122,FDP. Die Liberalen Meggen,These ads ran without a disclaimer,≤100
429727144111769,FDP.Die Liberalen  Oberaargau,FDP.Die Liberalen Oberaargau,≤100
103564366367787,MSC - Nachhaltige Fischerei,These ads ran without a disclaimer,≤100
110053874785893,villagegreen.studio,These ads ran without a disclaimer,≤100
802107323183602,Uwe Damm Trainingheads with quality Hair,These ads ran without a disclaimer,≤100
122095484306010983,Notizen aus der Pathologie,These ads ran without a disclaimer,≤100
107139425820538,Bear Leader,These ads ran without a disclaimer,≤100
112230245122615,Big Global Travel Media,These ads ran without a disclaimer,≤100
105994201980331,Wording Stories,These ads ran without a disclaimer,≤100
108625789179165,Soi Dog Foundation,These ads ran without a disclaimer,≤100
113287678435662,Majoritas Academy,These ads ran without a disclaimer,≤100