﻿Page ID,Page name,Disclaimer,Amount spent (CHF)
110981058712788,Iniziativa biodiversità,Iniziativa biodiversità,207
115010674866173,prospettivasvizzera.ch,IG Wirtschaftsverbände,204
18087904183,PLR,PLR,113
921336971288655,Nagra,Nagra,107
255506388731408,Biodiversitätsinitiative,Biodiversitätsinitiative,≤100
154738781313603,Simone Gianini,Simone Gianini,≤100
15733998334,FDP,FDP,≤100
126289610761942,Grünliberale,Grünliberale,≤100
105527252338650,perspektiveschweiz.ch,IG Wirtschaftsverbände,≤100
202907189862969,Verdi Liberali,Parti vert'libéral Suisse,≤100
122102782382006918,Felice Dafond,Felice Dafond,≤100
100170686510827,Evelyne Battaglia Richi,Evelyne Battaglia Richi,≤100
109554945523780,Initiative biodiversité,Initiative biodiversité,≤100
169752569742293,Schweizerischer Gewerbeverband sgv,Schweizerischer Gewerbeverband sgv,≤100
2138224952918986,Casa della letteratura per la Svizzera italiana,These ads ran without a disclaimer,≤100
353969997649,Partito Comunista - Svizzera,Partito Comunista,≤100
1017458318384189,Sympany,These ads ran without a disclaimer,≤100
101432554786737,Verein Stadtgrün,Verein Stadtgrün,≤100
111081131629685,Blackout stoppen,Volksinitiative «Jederzeit Strom für alle (Blackout stoppen)»,≤100
101986432797310,Anna-Sophia Spieler,Anna-Sophia Spieler,≤100
115134174862244,perspectivesuisse.ch,IG Wirtschaftsverbände,≤100
114803848589834,DIE ZEIT,These ads ran without a disclaimer,≤100
176998335660824,PLRT,PLRT,≤100
97721121385,Public Eye,Public Eye,≤100
101023239974455,Europäische Bewegung Schweiz - Mouvement européen Suisse,European Movement Switzerland,≤100
102014399307738,Direkt,direkt,≤100
108920582308529,PLR Muralto,studio daulte,≤100
179829952053386,Vert'libéraux,Parti vert'libéral Suisse,≤100
51415837765,Greenpeace Switzerland,Greenpeace Switzerland,≤100
1524859774444235,Koalition für Konzernverantwortung,Koalition für Konzernverantwortung,≤100
259871484198551,Thomas Matter,Thomas Matter,≤100
820391221400929,Unser Stadtrat Florin Scherrer,Unser Stadtrat Florin Scherrer,≤100
169510248558,Die Mitte - Le Centre,Die Mitte,≤100
265041068300,JUSO Baselland,JUSO Baselland,≤100
510352742440847,Coalition pour des multinationales responsables,Coalition pour des multinationales responsables,≤100
154976914534194,Save the Children Schweiz/Suisse,Save the Children Schweiz,≤100
190133177759419,Giuseppe Cotti,Giuseppe Cotti,≤100
100649012962611,Direct,Direct,≤100
1989388664637991,Salon Public,These ads ran without a disclaimer,≤100
349450293419,Schweizerische Energie-Stiftung SES,Schweizerische Energie-Stiftung SES,≤100
755554214495636,Parti Socialiste Neuchâtelois,Parti socialiste neuchâtelois,≤100
101016155153638,Sarah Constantin,Sarah Constantin,≤100
108103318693563,"Heidi Weiss, Bauma, EVP","Heidi Weiss, Bauma, EVP",≤100
218538701651843,Union suisse des arts et métiers usam,Schweizerischer Gewerbeverband sgv,≤100
107494077464434,Janine Vannaz,Janine Vannaz,≤100
97220294896,SP Schweiz,SP Schweiz,≤100
330071323785229,FDP. Die Liberalen Frauen Basel-Stadt,FDP. Die Liberalen Frauen Basel-Stadt,≤100
376640739090595,Baloise.CH,These ads ran without a disclaimer,≤100
112701670136769,CH+ Games for Democracy,PROJEKT CH+,≤100
123731471009473,Yvonne Bürgin,Yvonne Bürgin,≤100
291359247729208,PS Suisse,PS Suisse,≤100
19746387261,Humane Society International,These ads ran without a disclaimer,≤100
36735923253,umverkehR,umverkehR,≤100
48980326364,Public Eye,Public Eye,≤100
267353906619818,Mr. Gugu & Miss Go,These ads ran without a disclaimer,≤100
113035494739725,Simon Vlk,Simon Vlk,≤100
463645587339110,Piero Marchesi,These ads ran without a disclaimer,≤100
193388757364033,Solidar Suisse,Solidar Suisse,≤100
117834861190392,__klartext,These ads ran without a disclaimer,≤100
108625789179165,Soi Dog Foundation,These ads ran without a disclaimer,≤100
908815155861056,Samuel Krähenbühl,Samuel Krähenbühl,≤100
890524711033887,Personio,These ads ran without a disclaimer,≤100
100513788093677,Les Vert-e-s Ville de Genève,Les Vert-e-s Ville de Genève,≤100
194790813901953,Grüne Schweiz,Grüne Schweiz,≤100
651914428165177,PS Sion,PS Sion,≤100
478040605021,Junge Grüne Schweiz,Junge Grüne Schweiz,≤100
1493576784283618,Mini-Schwiz,Mini-Schwiz,≤100
1317000255036258,Mouvement européen suisse - section Genève,Mouvement européen suisse - section Genève,≤100
2205274923057144,Helmut Bauer,These ads ran without a disclaimer,≤100
103269689517115,Curandero Mayor,These ads ran without a disclaimer,≤100
802107323183602,Uwe Damm Trainingheads with quality Hair,These ads ran without a disclaimer,≤100
2068625050104664,Jeunes Vert•e•x•s Suisse,Junge Grüne Schweiz,≤100
1405195019770383,Svájci Magyar Rendezvények,These ads ran without a disclaimer,≤100
2114553392189767,David Roth,David Roth,≤100
645738972165960,IRU,These ads ran without a disclaimer,≤100
109605484115257,Delphine Klopfenstein Broggini,Delphine Klopfenstein Broggini,≤100
100960685986242,FDP Zürich 7+8,FDP Kreis 7+8,≤100
113433751755357,Solarluck shop,These ads ran without a disclaimer,≤100
112230245122615,Big Global Travel Media,These ads ran without a disclaimer,≤100
22893372268,BMW,These ads ran without a disclaimer,≤100
108980408902756,Kiebay-CH,These ads ran without a disclaimer,≤100
105994201980331,Wording Stories,These ads ran without a disclaimer,≤100
135866271987200,แอปโซลูทบิวตี้คลินิก - Absolute Beauty Clinic,These ads ran without a disclaimer,≤100
103564366367787,MSC - Nachhaltige Fischerei,These ads ran without a disclaimer,≤100
108045785721503,Aktualności 24/7,These ads ran without a disclaimer,≤100
113287678435662,Majoritas Academy,These ads ran without a disclaimer,≤100
1431748916854797,E-Residency,These ads ran without a disclaimer,≤100
107032318943312,Revoltrain Academy,These ads ran without a disclaimer,≤100