﻿Page ID,Page name,Disclaimer,Amount spent (CHF)
533196430187039,KMU- und Gewerbeverband Kanton Zürich,KMU- und Gewerbeverband Kanton Zürich,2721
194790813901953,Grüne Schweiz,Grüne Schweiz,844
141626852595827,Philipp Kutter,Philipp Kutter,842
110533229026103,EVP / PEV,EVP Schweiz,799
255506388731408,Biodiversitätsinitiative,Biodiversitätsinitiative,730
113292715120155,Matthias Müller,Matthias Müller,481
15733998334,FDP,FDP,442
126289610761942,Grünliberale,Grünliberale,441
921336971288655,Nagra,Nagra,427
180501591989950,Jungfreisinnige Kanton Zürich,Jungfreisinnige Kanton Zürich,353
114803848589834,DIE ZEIT,These ads ran without a disclaimer,331
8142847754,Jungfreisinnige Schweiz,Jungfreisinnige Schweiz,279
464961997209800,Daniel Leupi,Daniel Leupi,266
451151132108215,Tiana Moser,Grünliberale Kanton Zürich,254
36735923253,umverkehR,umverkehR,215
109242778901363,Rutz fuer Zueri,Rutz fuer Zueri,199
82752099000,Alternative Liste ZH,Alternative Liste Zürich,196
97220294896,SP Schweiz,SP Schweiz,171
105527252338650,perspektiveschweiz.ch,IG Wirtschaftsverbände,150
100960685986242,FDP Zürich 7+8,FDP Kreis 7+8,148
106300899437929,Patrick Hässig,Patrick Hässig,141
169510248558,Die Mitte - Le Centre,Die Mitte,141
607076092768471,Bastien Girod,Bastien Girod,115
1524859774444235,Koalition für Konzernverantwortung,Koalition für Konzernverantwortung,112
154976914534194,Save the Children Schweiz/Suisse,Save the Children Schweiz,104
1017458318384189,Sympany,These ads ran without a disclaimer,104
102104005601597,42hacks,42hacks.com,≤100
110981058712788,Iniziativa biodiversità,Iniziativa biodiversità,≤100
117741198303856,FDP Kanton Zürich,FDP Kanton Zürich,≤100
18087904183,PLR,PLR,≤100
102014399307738,Direkt,direkt,≤100
259871484198551,Thomas Matter,Thomas Matter,≤100
170449246402589,Grünliberale Stadt Zürich,Grünliberale Partei Stadt Zürich,≤100
109554945523780,Initiative biodiversité,Initiative biodiversité,≤100
101470852404108,Grüne Opfikon,Grüne Opfikon,≤100
1587949341492441,Claudio Zihlmann,Claudio Zihlmann,≤100
1240731822752891,Roger Bachmann,Roger Bachmann,≤100
51415837765,Greenpeace Switzerland,Greenpeace Switzerland,≤100
111081131629685,Blackout stoppen,Volksinitiative «Jederzeit Strom für alle (Blackout stoppen)»,≤100
478040605021,Junge Grüne Schweiz,Junge Grüne Schweiz,≤100
101363464745836,"Anny Klawa-Morf I Stiftung, Fondation, Fondazione",These ads ran without a disclaimer,≤100
106964611977537,Switlo,Switlo,≤100
101986432797310,Anna-Sophia Spieler,Anna-Sophia Spieler,≤100
358536457645537,SVP Uster,SVP Uster,≤100
169752569742293,Schweizerischer Gewerbeverband sgv,Schweizerischer Gewerbeverband sgv,≤100
179829952053386,Vert'libéraux,Parti vert'libéral Suisse,≤100
105373170818382,Romaine Rogenmoser,Romaine Rogenmoser,≤100
376640739090595,Baloise.CH,These ads ran without a disclaimer,≤100
101539059714425,Sibylle Marti SP Zürich - Nationalratskandidatin,Sibylle Marti,≤100
115134174862244,perspectivesuisse.ch,IG Wirtschaftsverbände,≤100
101432554786737,Verein Stadtgrün,Verein Stadtgrün,≤100
1989388664637991,Salon Public,These ads ran without a disclaimer,≤100
377292365618914,SVP Stadt Winterthur,SVP Winterthur,≤100
202907189862969,Verdi Liberali,Parti vert'libéral Suisse,≤100
1464661227009326,SVP Bezirk Uster,fuerschi GmbH,≤100
108204507991414,Zukunft sichern,Zukunft sichern,≤100
101023239974455,Europäische Bewegung Schweiz - Mouvement européen Suisse,European Movement Switzerland,≤100
335609400529370,FDP Horgen,FDP Horgen,≤100
48980326364,Public Eye,Public Eye,≤100
510352742440847,Coalition pour des multinationales responsables,Coalition pour des multinationales responsables,≤100
265041068300,JUSO Baselland,JUSO Baselland,≤100
289772074451810,FDP.Die Liberalen Aargau,FDP.Die Liberalen Aargau,≤100
930378267027747,Treuhand- und Revisionsgesellschaft Mattig-Suter und Partner,These ads ran without a disclaimer,≤100
116026458226576,Barbara Portmann,Barbara Portmann,≤100
110548925469468,Constantin Kokkinos,Constantin Kokkinos,≤100
2525584750795209,Nina Fehr Düsel,Nina Fehr Düsel,≤100
113035494739725,Simon Vlk,Simon Vlk,≤100
97721121385,Public Eye,Public Eye,≤100
117834861190392,__klartext,These ads ran without a disclaimer,≤100
820391221400929,Unser Stadtrat Florin Scherrer,Unser Stadtrat Florin Scherrer,≤100
193388757364033,Solidar Suisse,Solidar Suisse,≤100
123731471009473,Yvonne Bürgin,Yvonne Bürgin,≤100
100649012962611,Direct,Direct,≤100
267353906619818,Mr. Gugu & Miss Go,These ads ran without a disclaimer,≤100
102718129475079,Ambil Sandy,Bezirksrichterwahl,≤100
238711029872717,Die Mitte Sarganserland - Für ein starkes Sarganserland,Die Mitte Sarganserland - Für ein starkes Sarganserland,≤100
908815155861056,Samuel Krähenbühl,Samuel Krähenbühl,≤100
1405195019770383,Svájci Magyar Rendezvények,These ads ran without a disclaimer,≤100
218538701651843,Union suisse des arts et métiers usam,Schweizerischer Gewerbeverband sgv,≤100
349450293419,Schweizerische Energie-Stiftung SES,Schweizerische Energie-Stiftung SES,≤100
755554214495636,Parti Socialiste Neuchâtelois,Parti socialiste neuchâtelois,≤100
462422884156866,Matthias Betsche,Matthias Betsche,≤100
107494077464434,Janine Vannaz,Janine Vannaz,≤100
154738781313603,Simone Gianini,Simone Gianini,≤100
330071323785229,FDP. Die Liberalen Frauen Basel-Stadt,FDP. Die Liberalen Frauen Basel-Stadt,≤100
109966852161945,Evergreen Speed Networking,These ads ran without a disclaimer,≤100
101103429022118,Grüne Schlieren,Grüne Partei Schlieren,≤100
291359247729208,PS Suisse,PS Suisse,≤100
108103318693563,"Heidi Weiss, Bauma, EVP","Heidi Weiss, Bauma, EVP",≤100
19746387261,Humane Society International,These ads ran without a disclaimer,≤100
101016155153638,Sarah Constantin,Sarah Constantin,≤100
1493576784283618,Mini-Schwiz,Mini-Schwiz,≤100
103564366367787,MSC - Nachhaltige Fischerei,These ads ran without a disclaimer,≤100
111572431777901,Simon Michel in den Nationalrat,Simon Michel in den Nationalrat,≤100
108625789179165,Soi Dog Foundation,These ads ran without a disclaimer,≤100
429727144111769,FDP.Die Liberalen  Oberaargau,FDP.Die Liberalen Oberaargau,≤100
105994201980331,Wording Stories,These ads ran without a disclaimer,≤100
112701670136769,CH+ Games for Democracy,PROJEKT CH+,≤100
245489546137580,Christoph Riner - bodenständige Politik,Christoph Riner - bodenständige Politik,≤100
195132674206840,Grüne Region Olten,Grüne Region Olten,≤100
2205274923057144,Helmut Bauer,These ads ran without a disclaimer,≤100
114991241616639,Jan Köbeli,Jan Köbeli,≤100
107139425820538,Bear Leader,These ads ran without a disclaimer,≤100
100513788093677,Les Vert-e-s Ville de Genève,Les Vert-e-s Ville de Genève,≤100
463109137176918,Hansjörg Brunner,Hansjörg Brunner in den Nationalrat,≤100
651914428165177,PS Sion,PS Sion,≤100
113287678435662,Majoritas Academy,These ads ran without a disclaimer,≤100
2068625050104664,Jeunes Vert•e•x•s Suisse,Junge Grüne Schweiz,≤100
100470215962193,Sunrise starzone,These ads ran without a disclaimer,≤100
7783116506,Animals Asia,These ads ran without a disclaimer,≤100
2114553392189767,David Roth,David Roth,≤100
122095484306010983,Notizen aus der Pathologie,These ads ran without a disclaimer,≤100
109923167202864,Grünliberale Linth,Grünliberale Linth,≤100
1317000255036258,Mouvement européen suisse - section Genève,Mouvement européen suisse - section Genève,≤100
1073858446007122,FDP. Die Liberalen Meggen,These ads ran without a disclaimer,≤100
1075149342575487,Ignatius-ounde,Ignatius-ounde,≤100
398567686824626,GRÜNE Kanton St.Gallen,Grüne Kanton St. Gallen,≤100
104851342313586,The Lead Nepal,These ads ran without a disclaimer,≤100
107032318943312,Revoltrain Academy,These ads ran without a disclaimer,≤100
802107323183602,Uwe Damm Trainingheads with quality Hair,These ads ran without a disclaimer,≤100
101488552496485,Ok Stories,These ads ran without a disclaimer,≤100
106348682400630,Nova - AI Chatbot,These ads ran without a disclaimer,≤100
108045785721503,Aktualności 24/7,These ads ran without a disclaimer,≤100
890524711033887,Personio,These ads ran without a disclaimer,≤100
101097015461816,JReady,These ads ran without a disclaimer,≤100
22893372268,BMW,These ads ran without a disclaimer,≤100
1431748916854797,E-Residency,These ads ran without a disclaimer,≤100
105709861188836,The Daily Drivepedia,These ads ran without a disclaimer,≤100
120054347740046,From the Archives,These ads ran without a disclaimer,≤100
1625323564383293,Elsevier Etudiants en soins infirmiers,These ads ran without a disclaimer,≤100
649581478987260,1초영화,These ads ran without a disclaimer,≤100
114025938452734,FactFusion,These ads ran without a disclaimer,≤100
110053874785893,villagegreen.studio,These ads ran without a disclaimer,≤100
110327595461977,die.schwere.der.stille,These ads ran without a disclaimer,≤100
109818832140776,Funimals,These ads ran without a disclaimer,≤100
135866271987200,แอปโซลูทบิวตี้คลินิก - Absolute Beauty Clinic,These ads ran without a disclaimer,≤100
105742399146149,Rising Phoenix,These ads ran without a disclaimer,≤100
111506485284252,brissli_pics,These ads ran without a disclaimer,≤100
106325695626132,LushReads,These ads ran without a disclaimer,≤100
103377568914127,Wording Reading,These ads ran without a disclaimer,≤100
112230245122615,Big Global Travel Media,These ads ran without a disclaimer,≤100