﻿Page ID,Page name,Disclaimer,Amount spent (CHF),Number of ads in Library
600706570124933,Verkehrssanierungen JA,Komitee Verkehrssanierungen JA,1915,53
288659088239530,MCG Officiel,Mouvement Citoyens Genevois,1727,47
110547838607111,NON IN 179,FER Genève - Fédération des Entreprises Romandes Genève,1556,25
112750821712602,Ruedi Hug als Bezirksrichter,Rudolf Hug,1515,10
100381452863244,Libertés et Justice sociale,Libertés et Justice sociale,1444,32
103915262545181,KMU geprüft,KMU geprüft,1302,167
618765881570878,EKS,Elektrizitätswerk des Kantons Schaffhausen AG,1203,2
104068392569671,Nein zum Stadtparlament Rapperswil-Jona,"Komitee «NEIN zur neuen Gemeindeordnung, NEIN zum Stadtparlament»",1144,15
154976914534194,Save the Children Schweiz/Suisse,Save the Children Schweiz,1090,5
105527252338650,perspektiveschweiz.ch,IG Wirtschaftsverbände,1063,28
1492503634364441,Liste d'Union Populaire,Ensemble à Gauche-Genève,1040,14
260591187302640,Parti socialiste genevois,Parti socialiste genevois,928,14
103816695962630,Non à l'initiative «Zéro Pub»,Comité référendaire NON à Zéro Pub,722,11
1562216347422974,Esther Friedli,Esther Friedli,650,15
1534982756793690,Foodvisor,These ads ran without a disclaimer,648,6
103550668590403,Mieux vivre sa vie,Mieux Vivre Sa Vie,577,34
169752569742293,Schweizerischer Gewerbeverband sgv,Schweizerischer Gewerbeverband sgv,405,6
75338704887,Fondation Franz Weber,Fondation Franz Weber,387,1
104265952574760,EVP Kreuzlingen,Adrian Robin Ziörjen,350,1
36735923253,umverkehR,umverkehR,346,3
106252468372887,Isabelle Chassot,Isabelle Chassot,328,9
600706570124933,Verkehrssanierungen JA,Verkehrssanierungen JA,328,8
108843502117518,Andreas Baeckert,Andreas Peter Baeckert,328,7
109889895328694,Megastrassen 2 x NEIN,Komitee gegen Megastrassen,310,6
178775348914227,FDP.Die Liberalen Kanton Schwyz,FDP Kanton Schwyz,308,11
335404453537186,Die Mitte Binningen-Bottmingen,Die Mitte Binningen-Bottmingen,307,2
463645587339110,Piero Marchesi,Piero Marchesi,266,7
269029886456205,Giorgio Fonio,Giorgio Fonio,261,3
592045444309191,DIRECT NEWS by Michel Robadin,Michel François Robadin,261,3
100341315500438,Kirchensteuern sei Dank - St.Gallen,Katholischer Kofessionsteil des Kantons St.Gallen,256,2
107761668882945,Schluss mit Parteipäckli,Überparteiliches Abstimmungskomitee «Schluss mit Parteipäckli – Ja zum Gegenvorschlag» (Die Mitte Schwyz),251,2
1524859774444235,Koalition für Konzernverantwortung,Koalition für Konzernverantwortung,229,8
510352742440847,Coalition pour des multinationales responsables,Coalition pour des multinationales responsables,208,10
169510248558,Die Mitte - Le Centre,Die Mitte,206,6
108839758430779,Association des habitants du quartier de la Bourgogne,Association des habitants du quartier de Bourgogne,181,9
888626258006362,"Barbara Gysi, Nationalrätin SP",Barbara Gysi,176,5
1524954517562834,Prominis,Prominis GmbH,169,4
375986103269875,Nationalrätin Franziska Ryser,GRÜNE SG,169,7
251838211585945,SP Basel-Stadt,SP Basel-Stadt,165,9
109851415363558,Energiezukunft Chur,Überparteiliches Komitee für eine eigenständige und nachhaltige Energiezukunft Chur,165,7
122819208305170,Sauvegarde Genève,Sauvegarde Genève,158,6
102014399307738,Direkt,direkt,156,3
105890175750510,Luca Carbone  lucacarbone.ch,Luca Carbone,150,4
103190662706168,NON à la Loi sur la Chasse.,Rolf Hugo Hilfiker,147,8
101384276204469,Ja zur Wiesli-Initiative am 12. März,"Initiativkomitee ""Ja zur Wiesli-Initiative""",144,3
113671758293671,JA zum Stadtparlament,Komitee JA zum Stadtparlament Rapperswil-Jona,140,18
111081131629685,Blackout stoppen,Volksinitiative «Jederzeit Strom für alle (Blackout stoppen)»,138,13
113772441580575,JA zu Kies aus Birmenstorf,JA zu Kies aus Birmenstorf,136,8
105380182425137,Michael Jäger,Hans Michael Jäger,127,2
809697199378485,Sandra Cellarius,Sandra Alice Cellarius,114,11
106254955524910,SVP Binningen,SVP Binningen,105,1
921336971288655,Nagra,Nagra,105,6
190133177759419,Giuseppe Cotti,Giuseppe Cotti,104,7
116890591678651,Vert'libéraux - Genève,Parti vert'libéral genevois,102,2
1673559236288902,Pro Senectute Genève,Pro Senectute Genève,≤100,1
1439209716323593,UDC Ticino,UDC Ticino,≤100,6
305699609616768,Verdi Liberali Ticino,verdi liberali Ticino,≤100,1
533593610474670,Susanne Vincenz-Stauffacher,Susanne Vincenz-Stauffacher,≤100,1
107411260903386,Emyze. All in for less.,These ads ran without a disclaimer,≤100,7
103237956032492,Willy Portmann,Willy Portmann,≤100,4
106591559016696,Guido Lehmann,Guido Lehmann,≤100,4
206766506736201,Verein Alleinerziehende Mütter und Väter Luzern,Verein alleinerziehende Mütter und Väter Luzern,≤100,2
106829796092871,Mieterinnen- & Mieterverband Kanton Bern,Mieterinnen- und Mieterverband Kanton Bern,≤100,1
101664679500421,Uni·es par nos convictions · Engagé·es pour Genève,Uni·es par nos convictions · Engagé·es pour Genève,≤100,1
756722317788172,FDP.Die Liberalen Stadt Luzern,FDP.Die Liberalen Stadt Luzern,≤100,5
147910405223980,Grünliberale Bezirk Kreuzlingen,Grünliberale Partei Bezirk Kreuzlingen,≤100,38
238982909481105,Les Vert·e·s Genevois·es,Les Vert-e-s genevois-es,≤100,7
1103899826316713,Vert-e-s de Nyon,Les Vert·e·s de la Côte,≤100,3
108204507991414,Zukunft sichern,Allianz für ein JA zur OECD-Mindeststeuer,≤100,3
111539168454051,Avanti,Avanti,≤100,10
259871484198551,Thomas Matter,Thomas Matter,≤100,1
194790813901953,Grüne Schweiz,Grüne Schweiz,≤100,1
1769803096579445,Grünliberale Bezirk Horgen,Grünliberale Bezirk Horgen,≤100,1
100732476262537,GLP Willisau,GLP Wahlkreis Willisau,≤100,3
106563052005929,SVP Kreuzlingen,SVP Kreuzlingen,≤100,3
100345919659743,Andrea Bögli ins Obergerichtspräsidium Obwalden,Andrea Barbara Bögli,≤100,1
101417574776507,Ja zur direkten Demokratie,New Swiss Journal,≤100,1
1613234358893730,Die Mitte Emmental,Die Mitte Emmental,≤100,5
106105549469184,Der ROTE Stuhl,SP Weinfelden,≤100,2
353685744720476,Jungfreisinnige Stadt Luzern,Jungfreisinnige Stadt Luzern,≤100,2
353969997649,Partito Comunista - Svizzera,Partito Comunista,≤100,4
1004669426211864,Parti socialiste Prilly,Parti socialiste de Prilly,≤100,2
1924477997807060,Grüne Sursee,Grüne Sursee,≤100,1
721730891185276,Alternative - die Grünen Kanton Zug,Alternative - die Grünen Zug,≤100,1
120307884715130,Les Vert•e•s Valais - Grüne Wallis,Les Vert•e•s Valais - Grüne Wallis,≤100,2
110677511523288,Die Mitte Klosters,Die Mitte Klosters,≤100,1
453655411351244,Giovani UDC Ticino,Giovani UDC Ticino,≤100,4
444782879416384,Claudia Huser in den Regierungsrat,Claudia Huser,≤100,1
471258816239362,Junge SVP Luzern,Junge SVP Luzern,≤100,3
100756302940852,Raimund Wenger - Kantonsratswahlen 2023,Raimund Wenger,≤100,1
193388757364033,Solidar Suisse,Solidar Suisse,≤100,1
100980232576650,Muriel Langenberger,Muriel Langenberger,≤100,1
119392439892983,Sauvegarde Grand-Pré et Orangerie,Xavier Singy,≤100,5
1483343695307824,Campax,Campax,≤100,1
417562728611395,PLR Epalinges,PLR.Les Libéraux-Radicaux d'Epalinges,≤100,6
100513788093677,Les Vert-e-s Ville de Genève,Les Vert-e-s Ville de Genève,≤100,4
114584561517154,Komitee für ein JA zum Basler Steuerpaket,Komitee JA! zum Basler Steuerpaket,≤100,4
512160575468385,Rodolfo Pulino,Rodolfo Pulino,≤100,1
102269201722239,TV Riviera 24,Tv Riviera 24,≤100,3
80305304937,Grünliberale Partei Sursee,Grünliberale Partei Sursee,≤100,4
108625789179165,Soi Dog Foundation,These ads ran without a disclaimer,≤100,9
1521655228075451,solidaritéS Genève,solidaritéS Genève,≤100,1
124881880957569,SP Stadt St.Gallen,SP Stadt St.Gallen,≤100,3
140334276690,Grüne Luzern,GRÜNE Luzern,≤100,1
167983071434,SP Kriens,SP Kriens,≤100,2
1100444546752110,Rémy Oudin,Rémy Oudin,≤100,2
2015601845405680,SP Frauenfeld,SP Frauenfeld,≤100,3
100213996124067,Grünliberale Sektion Emmen-Hochdorf,Grünliberale Sektion Emmen-Hochdorf,≤100,3
264952450282664,JUSO Luzern,JUSO Luzern,≤100,4
203499872999296,Die Mitte Weinfelden,Die Mitte Weinfelden,≤100,2
125466200895962,Valentin Landmann,Sven Kunz,≤100,1
265786100439644,Grüne Freie Liste Stadt Bern,Grüne Freie Liste Bern,≤100,2
105091890833799,Cristina Zanini Barzaghi,Cristina Zanini Barzaghi,≤100,1
122849551077569,Democrats Abroad Switzerland,Democrats Abroad,≤100,4
1125155474201566,Mcg Carouge,Sandro Pistis,≤100,3
103269145789541,Stop au blackout,Initiative populaire « De l’électricité pour tous en tout temps (Stop au blackout) »,≤100,6
101991077971229,PS Monthey,PS Monthey,≤100,2
117741198303856,FDP Kanton Zürich,FDP Kanton Zürich,≤100,1
467929373784855,COA - Coalition animaliste,Coalition animaliste (COA),≤100,1
103865108846573,FDP.Die Liberalen Herzogenbuchsee,FDP Herzogenbuchsee,≤100,1
617580594962611,Grünliberale Kanton Bern,Grünliberale Partei des Kantons Bern,≤100,1
101122865395791,Matteo Buzzi,Matteo Buzzi,≤100,2
1435425713453929,PS Gros de Vaud,PS Gros-de-Vaud,≤100,1
110647840532680,Merge Mayor,These ads ran without a disclaimer,≤100,4
223727604375090,EVP Frauenfeld,EVP Frauenfeld,≤100,1
182090205138056,jung & aktiv,jung & aktiv,≤100,2
192244290829565,Anita Borer,Anita Borer,≤100,1
110018348077504,Stefan Klauer,Stefan Klauer,≤100,1
100160498946252,Grüne Volketswil,Grüne Bezirk Uster,≤100,1
164505246934484,"Gianluca Padlina, il Centro",Gianluca Padlina,≤100,1
100116156110843,Stop al blackout,Iniziativa popolare «Energia elettrica in ogni tempo per tutti (Stop al blackout)»,≤100,12
581045078625669,Sweettatt Balm,These ads ran without a disclaimer,≤100,5
54635177985,FIFDH Genève,FIFDH Genève,≤100,2
81806132468,Bilan Magazine,These ads ran without a disclaimer,≤100,1
1225941144216341,Swiss Food Academy,These ads ran without a disclaimer,≤100,1
144333642290202,Savio Michellod - Par amour de la Veveyse,Savio Herve Michellod,≤100,1
1033932949973658,Sara Demir,Sara Demir,≤100,3
192359074149124,Welt der Tiere,These ads ran without a disclaimer,≤100,1
100360518736993,Jungfreisinnige Obwalden,Jungfreisinnige Obwalden,≤100,3
105188432853984,Tribune de Genève,These ads ran without a disclaimer,≤100,1
1092252917594218,Initiative pour les glaciers,Association suisse pour la protection du climat,≤100,1
160010804210071,Diego Baratti - UDC,Diego Baratti,≤100,1
106342144370236,Human Rights Watch Switzerland,Human Rights Watch Inc.,≤100,1
100267076206781,Ensemble à Gauche solidaritéS-Parti du Travail-DAL,Ensemble à Gauche,≤100,1
161124604350140,Olten jetzt,Olten Jetzt!,≤100,1
763722197034246,En Développement,These ads ran without a disclaimer,≤100,1
158820214312321,Citations Ron Hubbard,Mieux Vivre Sa Vie,≤100,2
567417573785872,RefLab,These ads ran without a disclaimer,≤100,1
445013152316995,Die Mitte Kriens,Die Mitte Kriens,≤100,2
372803770225965,Mario Cozzio - GLP,Mario Cozzio - GLP,≤100,1
117275531631620,Le Centre Fribourg-Ville / Die Mitte Stadt Freiburg,Le Centre Fribourg-Ville / Die Mitte Stadt Freiburg,≤100,2
112564955077010,News,These ads ran without a disclaimer,≤100,1
967064213489328,Grossmünster Zürich,These ads ran without a disclaimer,≤100,1
113821883316185,Faktischversichert,These ads ran without a disclaimer,≤100,1
100799119620947,Mirco De Savelli,Mirco De Savelli,≤100,1
101229465433881,ENTR de,These ads ran without a disclaimer,≤100,1
141122182573017,World Vision Österreich,These ads ran without a disclaimer,≤100,1
196056317938049,Roger Martin - Stadtpräsident Romanshorn,Roger Martin,≤100,1
461741233923788,CASA DE CAMBIO EUROPA,These ads ran without a disclaimer,≤100,8
608650595820049,The Conqueror Challenges,These ads ran without a disclaimer,≤100,4
1576421042651882,Peppermint Group,These ads ran without a disclaimer,≤100,2
198750386922784,Valeria Basurco,These ads ran without a disclaimer,≤100,5
104172084853592,juliette.com,These ads ran without a disclaimer,≤100,1
111733031626317,Nagualep,These ads ran without a disclaimer,≤100,3
104321354402815,Non à la décharge de type A à Bellevue,These ads ran without a disclaimer,≤100,1
1950252401964513,wil24.ch,These ads ran without a disclaimer,≤100,1
6115848166,Nature Portfolio,These ads ran without a disclaimer,≤100,6
1714684652149184,Ledvance Professional DACH,These ads ran without a disclaimer,≤100,1
437819542924787,Catherine Lupis -Thomas  Artiste Page,These ads ran without a disclaimer,≤100,1
456668207859222,Enlaps,These ads ran without a disclaimer,≤100,1
110463704610731,Cute Kiwi,These ads ran without a disclaimer,≤100,1
100756302940852,Raimund Wenger - Kantonsratswahlen 2023,These ads ran without a disclaimer,≤100,1
103190662706168,NON à la Loi sur la Chasse.,These ads ran without a disclaimer,≤100,1
190884157598305,Forum Schweizer Geschichte Schwyz - Schweizerisches Nationalmuseum,These ads ran without a disclaimer,≤100,1
111190855227233,EU 24,These ads ran without a disclaimer,≤100,2
112274361383738,Agonisten,These ads ran without a disclaimer,≤100,1
439417059491292,Alexander Boldachev,These ads ran without a disclaimer,≤100,1
400646766650321,Blinkist,These ads ran without a disclaimer,≤100,3
263794555575,The Offenders,These ads ran without a disclaimer,≤100,1
151699234157,Sirba octet,These ads ran without a disclaimer,≤100,1
10150100771335484,24 heures,These ads ran without a disclaimer,≤100,5
108291922141516,Lawk Kuncryni,These ads ran without a disclaimer,≤100,1
153456588126464,Tierfreunde Ukraine e.V.,These ads ran without a disclaimer,≤100,1
245475966266736,LEMBOR TRAVEL,These ads ran without a disclaimer,≤100,1
113664791341291,Occasionalm,These ads ran without a disclaimer,≤100,1
111927464708110,Bulletist.shop,These ads ran without a disclaimer,≤100,1
104601724958955,Vert'liberaux Epalinges,These ads ran without a disclaimer,≤100,1
115604398121201,Dеutschе Wеllе,These ads ran without a disclaimer,≤100,1
100484402983873,teacher__light,These ads ran without a disclaimer,≤100,2
725505594135727,Adventure Escape,These ads ran without a disclaimer,≤100,1
100702719073227,Good GM NTY,These ads ran without a disclaimer,≤100,1
462478407118689,Marjan Farsad,These ads ran without a disclaimer,≤100,11
54635177985,FIFDH Genève,These ads ran without a disclaimer,≤100,1
107444342282249,Dog Rescue Foundation,These ads ran without a disclaimer,≤100,1
499307776928661,Mylène Kroon / Electronic Philosophic Music,These ads ran without a disclaimer,≤100,4
105930505349839,jede7te,These ads ran without a disclaimer,≤100,1
101432295648433,The Cosmic Dolphins,These ads ran without a disclaimer,≤100,1
103350329209411,hestiia,These ads ran without a disclaimer,≤100,1
119964878130835,Avrupa Diş Ağız ve Diş Sağlığı Merkezi,These ads ran without a disclaimer,≤100,1
60516116431,Člověk v tísni,These ads ran without a disclaimer,≤100,2
110319640757764,Leadvent Group,These ads ran without a disclaimer,≤100,1
103597027708447,SuperPlanet Games,These ads ran without a disclaimer,≤100,1
106524471796756,Dance style,These ads ran without a disclaimer,≤100,1
109102388764959,Luca Moretti,These ads ran without a disclaimer,≤100,1
104547428650650,giuliano_tosi,These ads ran without a disclaimer,≤100,1
107552952619935,WWF Schweiz,WWF Schweiz,≤100,2
100932707927740,Stron,These ads ran without a disclaimer,≤100,1
112831185055172,transparency.lab,These ads ran without a disclaimer,≤100,1
102423229267734,ikizlerletekbasina,These ads ran without a disclaimer,≤100,1
723513077749386,Frankskleinergarten.de,These ads ran without a disclaimer,≤100,1
167327710092323,Mollaei Law,These ads ran without a disclaimer,≤100,1
299227550122220,Radio Cina Internazionale,These ads ran without a disclaimer,≤100,2
325242907600207,CRI Srpski,These ads ran without a disclaimer,≤100,1
285530825204,Klitschko,These ads ran without a disclaimer,≤100,1
159655254060987,zChocolat.com,These ads ran without a disclaimer,≤100,1
106455984412080,Douie Hamburg,These ads ran without a disclaimer,≤100,1
154087694129,Causeur.fr,These ads ran without a disclaimer,≤100,3
347614259651377,Carter Five,These ads ran without a disclaimer,≤100,2
104993792511414,DailyWolf,These ads ran without a disclaimer,≤100,2
110480758638237,Lines of future,These ads ran without a disclaimer,≤100,1
107443581752203,Get In Gear,These ads ran without a disclaimer,≤100,2
264371327023950,INACT Festival des arts mutants,These ads ran without a disclaimer,≤100,1
724693277719823,Drivepedia,These ads ran without a disclaimer,≤100,1
105011619191583,See You On pl TV,These ads ran without a disclaimer,≤100,1
1791615064431145,Lovedele,These ads ran without a disclaimer,≤100,1
105372992487859,Podcast PL,These ads ran without a disclaimer,≤100,1
1826983680878901,Hussain Sajwani,These ads ran without a disclaimer,≤100,1
34630957028,Saint Mary's School,These ads ran without a disclaimer,≤100,1
48034275355,EPP - European People's Party,These ads ran without a disclaimer,≤100,1
10750083165,The Africa Report,These ads ran without a disclaimer,≤100,3
101715608808670,Judgment Day: Angel of God,These ads ran without a disclaimer,≤100,1
106708708228342,School of Humanity,These ads ran without a disclaimer,≤100,1
102497746096944,WiN FUND,These ads ran without a disclaimer,≤100,1
470023986364609,Archipanic,These ads ran without a disclaimer,≤100,1
243972812353181,Соціологічна група Рейтинг,These ads ran without a disclaimer,≤100,1
104893368263434,Ali Çiçek,These ads ran without a disclaimer,≤100,1
459236951079140,Lab of tomorrow,These ads ran without a disclaimer,≤100,1
121134828035788,Golden Gate Sports,These ads ran without a disclaimer,≤100,1
791628370904125,Iremmo - Institut de Recherche et d'Études Méditerranée Moyen-Orient,These ads ran without a disclaimer,≤100,1
180035590021,PICTURE ORGANIC CLOTHING,These ads ran without a disclaimer,≤100,1
103438711696898,Angelo Caltagirone - Meridiano Music,These ads ran without a disclaimer,≤100,2
101360239394219,reimagineyourcity,These ads ran without a disclaimer,≤100,1
202196693162175,Le Nouvelliste,These ads ran without a disclaimer,≤100,1
126208427481291,World Ocean Initiative,These ads ran without a disclaimer,≤100,1
113640768294556,akopovteam_,These ads ran without a disclaimer,≤100,1
108797425476464,ZDF hеute,These ads ran without a disclaimer,≤100,1
1104491362932606,Conteúdo Evolutivo Comunicação Integral,These ads ran without a disclaimer,≤100,1
100946406054938,Poole Padilla,These ads ran without a disclaimer,≤100,1
116965184334608,Campaigns for Humanity,These ads ran without a disclaimer,≤100,1
100997395395778,CoinsPaid Media,These ads ran without a disclaimer,≤100,1
15713980389,MTV UK,These ads ran without a disclaimer,≤100,2
1210034445780962,Міжнародне радіо Китаю,These ads ran without a disclaimer,≤100,1
107079421233040,Jacqueline S Chinwe,These ads ran without a disclaimer,≤100,1
101304435646725,Элитная недвижимость в Москве,These ads ran without a disclaimer,≤100,1
110388535169611,Energieportalschweiz.ch,These ads ran without a disclaimer,≤100,1
126044970804032,Heilsarmee Jugend,These ads ran without a disclaimer,≤100,1
6045482289,Roberto Cacciapaglia,These ads ran without a disclaimer,≤100,1
107961755224601,Crazy Hospital,These ads ran without a disclaimer,≤100,1
64982236830,Alumni Association of the University of Michigan,These ads ran without a disclaimer,≤100,1
101684119381451,Trend Worthy,These ads ran without a disclaimer,≤100,1
191193637612148,bitpiloten,These ads ran without a disclaimer,≤100,1
105699708610413,The Kyiv Independent,These ads ran without a disclaimer,≤100,1
108831895470451,Your Story Next,These ads ran without a disclaimer,≤100,1
1762894757117588,Idiomus,These ads ran without a disclaimer,≤100,1
216311481960,Bill Gates,These ads ran without a disclaimer,≤100,11
323163344709286,KOROLOVA,These ads ran without a disclaimer,≤100,1
239295866437866,Eagle Natural Resources,These ads ran without a disclaimer,≤100,2
2624693567603786,Far So Close,These ads ran without a disclaimer,≤100,1
1631535970192299,Душевный марафон Яны Котовой,These ads ran without a disclaimer,≤100,1
102500518635499,ENTR en,These ads ran without a disclaimer,≤100,1
109412654823493,Rhamnous Websites and Applications,These ads ran without a disclaimer,≤100,1
109188088409564,more_ing.art,These ads ran without a disclaimer,≤100,1
100480782712459,Anolis Lighting,These ads ran without a disclaimer,≤100,2
164889460226684,Sophie#1234567+,These ads ran without a disclaimer,≤100,4
1834313933459789,BBC StoryWorks,These ads ran without a disclaimer,≤100,1
108677198363140,blacklivesfromgeneration,These ads ran without a disclaimer,≤100,1
107022615181794,des_marka,These ads ran without a disclaimer,≤100,1
110842371375639,travel.withmichael,These ads ran without a disclaimer,≤100,1
105735065616245,SOFAR,These ads ran without a disclaimer,≤100,1
2236871059963655,العين فارسى AlAin Persian,These ads ran without a disclaimer,≤100,1
176023125783888,Pulpe de Vie,These ads ran without a disclaimer,≤100,1
340577086006224,CRI German,These ads ran without a disclaimer,≤100,1
105646628242035,Money Sense,These ads ran without a disclaimer,≤100,1
751425078204940,Edition NoName,These ads ran without a disclaimer,≤100,1
103172615751312,Switch2Zero,These ads ran without a disclaimer,≤100,3
387062522084757,The Dressing Blog,These ads ran without a disclaimer,≤100,2
100617599250020,XuQinduo,These ads ran without a disclaimer,≤100,1