﻿Page ID,Page name,Disclaimer,Amount spent (CHF)
599025353636034,B Lab Switzerland,B LAB (SWITZERLAND),≤100
111081131629685,Blackout stoppen,Volksinitiative «Jederzeit Strom für alle (Blackout stoppen)»,≤100
48980326364,Public Eye,Public Eye,≤100
478040605021,Junge Grüne Schweiz,Junge Grüne Schweiz,≤100
1524954517562834,Prominis,Prominis GmbH,≤100
169510248558,Die Mitte - Le Centre,Die Mitte,≤100
125466200895962,Valentin Landmann,Sven Kunz,≤100
1524859774444235,Koalition für Konzernverantwortung,Koalition für Konzernverantwortung,≤100
102014399307738,Direkt,direkt,≤100
2068625050104664,Jeunes Vert•e•x•s Suisse,Junge Grüne Schweiz,≤100
169752569742293,Schweizerischer Gewerbeverband sgv,Schweizerischer Gewerbeverband sgv,≤100
100116156110843,Stop al blackout,Iniziativa popolare «Energia elettrica in ogni tempo per tutti (Stop al blackout)»,≤100
51415837765,Greenpeace Switzerland,Greenpeace Switzerland,≤100
97220294896,SP Schweiz,SP Schweiz,≤100
154976914534194,Save the Children Schweiz/Suisse,Save the Children Schweiz,≤100
1569688113329878,Evony - The King's Return,These ads ran without a disclaimer,≤100
921336971288655,Nagra,Nagra,≤100
1951249848443600,Protect Our Winters Switzerland,Protect Our Winters Switzerland,≤100
8142847754,Jungfreisinnige Schweiz,Jungfreisinnige Schweiz,≤100
97721121385,Public Eye,Public Eye,≤100
106964611977537,Switlo,Switlo,≤100
115134174862244,perspectivesuisse.ch,IG Wirtschaftsverbände,≤100
2011626645562796,Andri Silberschmidt,These ads ran without a disclaimer,≤100
1027844850652657,Boomerang Ideas,Boomerang Ideas AG,≤100
105885535599394,Coach Cecil,These ads ran without a disclaimer,≤100
839249709578255,CrowdFarming,These ads ran without a disclaimer,≤100
537872126249267,Червоний Хрест України,These ads ran without a disclaimer,≤100