﻿Page ID,Page name,Disclaimer,Amount spent (CHF)
599025353636034,B Lab Switzerland,B LAB (SWITZERLAND),≤100
111081131629685,Blackout stoppen,Volksinitiative «Jederzeit Strom für alle (Blackout stoppen)»,≤100
105527252338650,perspektiveschweiz.ch,IG Wirtschaftsverbände,≤100
1524859774444235,Koalition für Konzernverantwortung,Koalition für Konzernverantwortung,≤100
48980326364,Public Eye,Public Eye,≤100
102014399307738,Direkt,direkt,≤100
169752569742293,Schweizerischer Gewerbeverband sgv,Schweizerischer Gewerbeverband sgv,≤100
154976914534194,Save the Children Schweiz/Suisse,Save the Children Schweiz,≤100
478040605021,Junge Grüne Schweiz,Junge Grüne Schweiz,≤100
1524954517562834,Prominis,Prominis GmbH,≤100
97220294896,SP Schweiz,SP Schweiz,≤100
169510248558,Die Mitte - Le Centre,Die Mitte,≤100
125466200895962,Valentin Landmann,Sven Kunz,≤100
2068625050104664,Jeunes Vert•e•x•s Suisse,Junge Grüne Schweiz,≤100
1027844850652657,Boomerang Ideas,Boomerang Ideas AG,≤100
115134174862244,perspectivesuisse.ch,IG Wirtschaftsverbände,≤100
921336971288655,Nagra,Nagra,≤100
8142847754,Jungfreisinnige Schweiz,Jungfreisinnige Schweiz,≤100
97721121385,Public Eye,Public Eye,≤100
51415837765,Greenpeace Switzerland,Greenpeace Switzerland,≤100
106964611977537,Switlo,Switlo,≤100
1569688113329878,Evony - The King's Return,These ads ran without a disclaimer,≤100
1951249848443600,Protect Our Winters Switzerland,Protect Our Winters Switzerland,≤100
510352742440847,Coalition pour des multinationales responsables,Coalition pour des multinationales responsables,≤100
7783116506,Animals Asia,These ads ran without a disclaimer,≤100
245489546137580,Christoph Riner - bodenständige Politik,Christoph Riner - bodenständige Politik,≤100
100116156110843,Stop al blackout,Iniziativa popolare «Energia elettrica in ogni tempo per tutti (Stop al blackout)»,≤100
105885535599394,Coach Cecil,These ads ran without a disclaimer,≤100
291504744242501,Lega dei Ticinesi - sezione Chiasso,Stefano Tonini,≤100
103269145789541,Stop au blackout,Initiative populaire « De l’électricité pour tous en tout temps (Stop au blackout) »,≤100
106305221949785,Grünliberale Kanton Zug,Tabea Estermann,≤100
291359247729208,PS Suisse,PS Suisse,≤100
537872126249267,Червоний Хрест України,These ads ran without a disclaimer,≤100
2011626645562796,Andri Silberschmidt,These ads ran without a disclaimer,≤100
103734298991910,Hisar Arşimed Saç Ekimi,These ads ran without a disclaimer,≤100
1798578616828336,"Indus Development Foundation, Canada",These ads ran without a disclaimer,≤100
201545746545669,Solidar Suisse,Solidar Suisse,≤100
100381452863244,Libertés et Justice sociale,Libertés et Justice sociale,≤100
322968734909106,Prime News,These ads ran without a disclaimer,≤100
265786100439644,Grüne Freie Liste Stadt Bern,Grüne Freie Liste Bern,≤100
963289257083354,Lega Monteceneri,These ads ran without a disclaimer,≤100
108293222212918,Rachel Da Silva,These ads ran without a disclaimer,≤100
103497027790225,Fonos,These ads ran without a disclaimer,≤100
839249709578255,CrowdFarming,These ads ran without a disclaimer,≤100
385116835531,"Trans Info - transport, trucking & logistics news",These ads ran without a disclaimer,≤100
104914962284234,Arthur.Zero,These ads ran without a disclaimer,≤100
414645712302029,The Diplomatic Affairs,These ads ran without a disclaimer,≤100
170216493022440,Ça ira Verlag,These ads ran without a disclaimer,≤100
100211985747396,Klimaform,These ads ran without a disclaimer,≤100
101276259161394,SWEED,These ads ran without a disclaimer,≤100
116885691311231,Globаl News,These ads ran without a disclaimer,≤100
730158247033526,Readly,These ads ran without a disclaimer,≤100
100835252397892,Grünland Podcast,These ads ran without a disclaimer,≤100