﻿Page ID,Page name,Disclaimer,Amount spent (CHF)
105527252338650,perspektiveschweiz.ch,IG Wirtschaftsverbände,≤100
169510248558,Die Mitte - Le Centre,Die Mitte,≤100
269029886456205,Giorgio Fonio,Giorgio Fonio,≤100
169752569742293,Schweizerischer Gewerbeverband sgv,Schweizerischer Gewerbeverband sgv,≤100
113821883316185,Faktischversichert,These ads ran without a disclaimer,≤100
1225941144216341,Swiss Food Academy,These ads ran without a disclaimer,≤100
193388757364033,Solidar Suisse,Solidar Suisse,≤100
203499872999296,Die Mitte Weinfelden,Die Mitte Weinfelden,≤100
190133177759419,Giuseppe Cotti,Giuseppe Cotti,≤100
1483343695307824,Campax,Campax,≤100
921336971288655,Nagra,Nagra,≤100