﻿Page ID,Page name,Disclaimer,Amount spent (CHF)
154976914534194,Save the Children Schweiz/Suisse,Save the Children Schweiz,≤100
105527252338650,perspektiveschweiz.ch,IG Wirtschaftsverbände,≤100
169752569742293,Schweizerischer Gewerbeverband sgv,Schweizerischer Gewerbeverband sgv,≤100
533593610474670,Susanne Vincenz-Stauffacher,Susanne Vincenz-Stauffacher,≤100
1524954517562834,Prominis,Prominis GmbH,≤100
888626258006362,"Barbara Gysi, Nationalrätin SP",Barbara Gysi,≤100
169510248558,Die Mitte - Le Centre,Die Mitte,≤100
102014399307738,Direkt,direkt,≤100
111081131629685,Blackout stoppen,Volksinitiative «Jederzeit Strom für alle (Blackout stoppen)»,≤100
105890175750510,Luca Carbone  lucacarbone.ch,Luca Carbone,≤100
259871484198551,Thomas Matter,Thomas Matter,≤100
193388757364033,Solidar Suisse,Solidar Suisse,≤100
100980232576650,Muriel Langenberger,Muriel Langenberger,≤100
1521655228075451,solidaritéS Genève,solidaritéS Genève,≤100
203499872999296,Die Mitte Weinfelden,Die Mitte Weinfelden,≤100
581045078625669,Sweettatt Balm,These ads ran without a disclaimer,≤100
114584561517154,Komitee für ein JA zum Basler Steuerpaket,Komitee JA! zum Basler Steuerpaket,≤100
102269201722239,TV Riviera 24,Tv Riviera 24,≤100
1483343695307824,Campax,Campax,≤100
113821883316185,Faktischversichert,These ads ran without a disclaimer,≤100
921336971288655,Nagra,Nagra,≤100
104265952574760,EVP Kreuzlingen,Adrian Robin Ziörjen,≤100
101417574776507,Ja zur direkten Demokratie,New Swiss Journal,≤100
1004669426211864,Parti socialiste Prilly,Parti socialiste de Prilly,≤100
100732476262537,GLP Willisau,GLP Wahlkreis Willisau,≤100
112564955077010,News,These ads ran without a disclaimer,≤100
194790813901953,Grüne Schweiz,Grüne Schweiz,≤100
81806132468,Bilan Magazine,These ads ran without a disclaimer,≤100
269029886456205,Giorgio Fonio,Giorgio Fonio,≤100
1125155474201566,Mcg Carouge,Sandro Pistis,≤100
125466200895962,Valentin Landmann,Sven Kunz,≤100
567417573785872,RefLab,These ads ran without a disclaimer,≤100
122849551077569,Democrats Abroad Switzerland,Democrats Abroad,≤100
1225941144216341,Swiss Food Academy,These ads ran without a disclaimer,≤100
108625789179165,Soi Dog Foundation,These ads ran without a disclaimer,≤100
100946406054938,Poole Padilla,These ads ran without a disclaimer,≤100
111733031626317,Nagualep,These ads ran without a disclaimer,≤100
263794555575,The Offenders,These ads ran without a disclaimer,≤100
100484402983873,teacher__light,These ads ran without a disclaimer,≤100
461741233923788,CASA DE CAMBIO EUROPA,These ads ran without a disclaimer,≤100
1714684652149184,Ledvance Professional DACH,These ads ran without a disclaimer,≤100
192359074149124,Welt der Tiere,These ads ran without a disclaimer,≤100
198750386922784,Valeria Basurco,These ads ran without a disclaimer,≤100
141122182573017,World Vision Österreich,These ads ran without a disclaimer,≤100