﻿Page ID,Page name,Disclaimer,Amount spent (CHF)
154976914534194,Save the Children Schweiz/Suisse,Save the Children Schweiz,≤100
169752569742293,Schweizerischer Gewerbeverband sgv,Schweizerischer Gewerbeverband sgv,≤100
105527252338650,perspektiveschweiz.ch,IG Wirtschaftsverbände,≤100
1524954517562834,Prominis,Prominis GmbH,≤100
102014399307738,Direkt,direkt,≤100
259871484198551,Thomas Matter,Thomas Matter,≤100
169510248558,Die Mitte - Le Centre,Die Mitte,≤100
101417574776507,Ja zur direkten Demokratie,New Swiss Journal,≤100
125466200895962,Valentin Landmann,Sven Kunz,≤100
100980232576650,Muriel Langenberger,Muriel Langenberger,≤100
105890175750510,Luca Carbone  lucacarbone.ch,Luca Carbone,≤100
921336971288655,Nagra,Nagra,≤100
111081131629685,Blackout stoppen,Volksinitiative «Jederzeit Strom für alle (Blackout stoppen)»,≤100
102269201722239,TV Riviera 24,Tv Riviera 24,≤100
108625789179165,Soi Dog Foundation,These ads ran without a disclaimer,≤100
581045078625669,Sweettatt Balm,These ads ran without a disclaimer,≤100
114584561517154,Komitee für ein JA zum Basler Steuerpaket,Komitee JA! zum Basler Steuerpaket,≤100
113821883316185,Faktischversichert,These ads ran without a disclaimer,≤100
193388757364033,Solidar Suisse,Solidar Suisse,≤100
1483343695307824,Campax,Campax,≤100
103190662706168,NON à la Loi sur la Chasse.,Rolf Hugo Hilfiker,≤100
203499872999296,Die Mitte Weinfelden,Die Mitte Weinfelden,≤100
251838211585945,SP Basel-Stadt,SP Basel-Stadt,≤100
1521655228075451,solidaritéS Genève,solidaritéS Genève,≤100
1004669426211864,Parti socialiste Prilly,Parti socialiste de Prilly,≤100
100732476262537,GLP Willisau,GLP Wahlkreis Willisau,≤100
112750821712602,Ruedi Hug als Bezirksrichter,Rudolf Hug,≤100
1125155474201566,Mcg Carouge,Sandro Pistis,≤100
1225941144216341,Swiss Food Academy,These ads ran without a disclaimer,≤100
108291922141516,Lawk Kuncryni,These ads ran without a disclaimer,≤100
113671758293671,JA zum Stadtparlament,Komitee JA zum Stadtparlament Rapperswil-Jona,≤100
269029886456205,Giorgio Fonio,Giorgio Fonio,≤100
153456588126464,Tierfreunde Ukraine e.V.,These ads ran without a disclaimer,≤100
141122182573017,World Vision Österreich,These ads ran without a disclaimer,≤100
608650595820049,The Conqueror Challenges,These ads ran without a disclaimer,≤100
263794555575,The Offenders,These ads ran without a disclaimer,≤100
461741233923788,CASA DE CAMBIO EUROPA,These ads ran without a disclaimer,≤100
192359074149124,Welt der Tiere,These ads ran without a disclaimer,≤100
198750386922784,Valeria Basurco,These ads ran without a disclaimer,≤100
112564955077010,News,These ads ran without a disclaimer,≤100