﻿Page ID,Page name,Disclaimer,Amount spent (CHF)
106252468372887,Isabelle Chassot,Isabelle Chassot,328
600706570124933,Verkehrssanierungen JA,Komitee Verkehrssanierungen JA,263
103550668590403,Mieux vivre sa vie,Mieux Vivre Sa Vie,≤100
108204507991414,Zukunft sichern,Allianz für ein JA zur OECD-Mindeststeuer,≤100
105527252338650,perspektiveschweiz.ch,IG Wirtschaftsverbände,≤100
510352742440847,Coalition pour des multinationales responsables,Coalition pour des multinationales responsables,≤100
600706570124933,Verkehrssanierungen JA,Verkehrssanierungen JA,≤100
154976914534194,Save the Children Schweiz/Suisse,Save the Children Schweiz,≤100
169752569742293,Schweizerischer Gewerbeverband sgv,Schweizerischer Gewerbeverband sgv,≤100
169510248558,Die Mitte - Le Centre,Die Mitte,≤100
144333642290202,Savio Michellod - Par amour de la Veveyse,Savio Herve Michellod,≤100
117275531631620,Le Centre Fribourg-Ville / Die Mitte Stadt Freiburg,Le Centre Fribourg-Ville / Die Mitte Stadt Freiburg,≤100
103190662706168,NON à la Loi sur la Chasse.,Rolf Hugo Hilfiker,≤100
111081131629685,Blackout stoppen,Volksinitiative «Jederzeit Strom für alle (Blackout stoppen)»,≤100
105890175750510,Luca Carbone  lucacarbone.ch,Luca Carbone,≤100
1524954517562834,Prominis,Prominis GmbH,≤100
158820214312321,Citations Ron Hubbard,Mieux Vivre Sa Vie,≤100
106829796092871,Mieterinnen- & Mieterverband Kanton Bern,Mieterinnen- und Mieterverband Kanton Bern,≤100
103269145789541,Stop au blackout,Initiative populaire « De l’électricité pour tous en tout temps (Stop au blackout) »,≤100
1483343695307824,Campax,Campax,≤100
100980232576650,Muriel Langenberger,Muriel Langenberger,≤100
102014399307738,Direkt,direkt,≤100
54635177985,FIFDH Genève,FIFDH Genève,≤100
259871484198551,Thomas Matter,Thomas Matter,≤100
193388757364033,Solidar Suisse,Solidar Suisse,≤100
101417574776507,Ja zur direkten Demokratie,New Swiss Journal,≤100
1521655228075451,solidaritéS Genève,solidaritéS Genève,≤100
265786100439644,Grüne Freie Liste Stadt Bern,Grüne Freie Liste Bern,≤100
1092252917594218,Initiative pour les glaciers,Association suisse pour la protection du climat,≤100
763722197034246,En Développement,These ads ran without a disclaimer,≤100
581045078625669,Sweettatt Balm,These ads ran without a disclaimer,≤100
203499872999296,Die Mitte Weinfelden,Die Mitte Weinfelden,≤100
1004669426211864,Parti socialiste Prilly,Parti socialiste de Prilly,≤100
921336971288655,Nagra,Nagra,≤100
100732476262537,GLP Willisau,GLP Wahlkreis Willisau,≤100
102269201722239,TV Riviera 24,Tv Riviera 24,≤100
100381452863244,Libertés et Justice sociale,Libertés et Justice sociale,≤100
1225941144216341,Swiss Food Academy,These ads ran without a disclaimer,≤100
190133177759419,Giuseppe Cotti,Giuseppe Cotti,≤100
1125155474201566,Mcg Carouge,Sandro Pistis,≤100
108625789179165,Soi Dog Foundation,These ads ran without a disclaimer,≤100
106342144370236,Human Rights Watch Switzerland,Human Rights Watch Inc.,≤100
81806132468,Bilan Magazine,These ads ran without a disclaimer,≤100
112564955077010,News,These ads ran without a disclaimer,≤100
100116156110843,Stop al blackout,Iniziativa popolare «Energia elettrica in ogni tempo per tutti (Stop al blackout)»,≤100
461741233923788,CASA DE CAMBIO EUROPA,These ads ran without a disclaimer,≤100
100267076206781,Ensemble à Gauche solidaritéS-Parti du Travail-DAL,Ensemble à Gauche,≤100
269029886456205,Giorgio Fonio,Giorgio Fonio,≤100
567417573785872,RefLab,These ads ran without a disclaimer,≤100
141122182573017,World Vision Österreich,These ads ran without a disclaimer,≤100
113821883316185,Faktischversichert,These ads ran without a disclaimer,≤100
1435425713453929,PS Gros de Vaud,PS Gros-de-Vaud,≤100
122849551077569,Democrats Abroad Switzerland,Democrats Abroad,≤100
1714684652149184,Ledvance Professional DACH,These ads ran without a disclaimer,≤100
125466200895962,Valentin Landmann,Sven Kunz,≤100
10150100771335484,24 heures,These ads ran without a disclaimer,≤100
114584561517154,Komitee für ein JA zum Basler Steuerpaket,Komitee JA! zum Basler Steuerpaket,≤100
809697199378485,Sandra Cellarius,Sandra Alice Cellarius,≤100
439417059491292,Alexander Boldachev,These ads ran without a disclaimer,≤100
108291922141516,Lawk Kuncryni,These ads ran without a disclaimer,≤100
245475966266736,LEMBOR TRAVEL,These ads ran without a disclaimer,≤100
111190855227233,EU 24,These ads ran without a disclaimer,≤100
103350329209411,hestiia,These ads ran without a disclaimer,≤100
180035590021,PICTURE ORGANIC CLOTHING,These ads ran without a disclaimer,≤100
462478407118689,Marjan Farsad,These ads ran without a disclaimer,≤100
111733031626317,Nagualep,These ads ran without a disclaimer,≤100
198750386922784,Valeria Basurco,These ads ran without a disclaimer,≤100
113664791341291,Occasionalm,These ads ran without a disclaimer,≤100
340577086006224,CRI German,These ads ran without a disclaimer,≤100
164889460226684,Sophie#1234567+,These ads ran without a disclaimer,≤100
119964878130835,Avrupa Diş Ağız ve Diş Sağlığı Merkezi,These ads ran without a disclaimer,≤100
263794555575,The Offenders,These ads ran without a disclaimer,≤100
104172084853592,juliette.com,These ads ran without a disclaimer,≤100
192359074149124,Welt der Tiere,These ads ran without a disclaimer,≤100
6115848166,Nature Portfolio,These ads ran without a disclaimer,≤100
101229465433881,ENTR de,These ads ran without a disclaimer,≤100
243972812353181,Соціологічна група Рейтинг,These ads ran without a disclaimer,≤100
456668207859222,Enlaps,These ads ran without a disclaimer,≤100
216311481960,Bill Gates,These ads ran without a disclaimer,≤100
106708708228342,School of Humanity,These ads ran without a disclaimer,≤100
112274361383738,Agonisten,These ads ran without a disclaimer,≤100
608650595820049,The Conqueror Challenges,These ads ran without a disclaimer,≤100