﻿Page ID,Page name,Disclaimer,Amount spent (CHF)
335404453537186,Die Mitte Binningen-Bottmingen,Die Mitte Binningen-Bottmingen,207
154976914534194,Save the Children Schweiz/Suisse,Save the Children Schweiz,≤100
105527252338650,perspektiveschweiz.ch,IG Wirtschaftsverbände,≤100
600706570124933,Verkehrssanierungen JA,Komitee Verkehrssanierungen JA,≤100
106254955524910,SVP Binningen,SVP Binningen,≤100
1524859774444235,Koalition für Konzernverantwortung,Koalition für Konzernverantwortung,≤100
169752569742293,Schweizerischer Gewerbeverband sgv,Schweizerischer Gewerbeverband sgv,≤100
1524954517562834,Prominis,Prominis GmbH,≤100
103190662706168,NON à la Loi sur la Chasse.,Rolf Hugo Hilfiker,≤100
111081131629685,Blackout stoppen,Volksinitiative «Jederzeit Strom für alle (Blackout stoppen)»,≤100
102014399307738,Direkt,direkt,≤100
169510248558,Die Mitte - Le Centre,Die Mitte,≤100
114584561517154,Komitee für ein JA zum Basler Steuerpaket,Komitee JA! zum Basler Steuerpaket,≤100
105890175750510,Luca Carbone  lucacarbone.ch,Luca Carbone,≤100
259871484198551,Thomas Matter,Thomas Matter,≤100
193388757364033,Solidar Suisse,Solidar Suisse,≤100
600706570124933,Verkehrssanierungen JA,Verkehrssanierungen JA,≤100
1483343695307824,Campax,Campax,≤100
122849551077569,Democrats Abroad Switzerland,Democrats Abroad,≤100
192359074149124,Welt der Tiere,These ads ran without a disclaimer,≤100
1521655228075451,solidaritéS Genève,solidaritéS Genève,≤100
101417574776507,Ja zur direkten Demokratie,New Swiss Journal,≤100
100980232576650,Muriel Langenberger,Muriel Langenberger,≤100
203499872999296,Die Mitte Weinfelden,Die Mitte Weinfelden,≤100
125466200895962,Valentin Landmann,Sven Kunz,≤100
251838211585945,SP Basel-Stadt,SP Basel-Stadt,≤100
100732476262537,GLP Willisau,GLP Wahlkreis Willisau,≤100
1225941144216341,Swiss Food Academy,These ads ran without a disclaimer,≤100
809697199378485,Sandra Cellarius,Sandra Alice Cellarius,≤100
921336971288655,Nagra,Nagra,≤100
108625789179165,Soi Dog Foundation,These ads ran without a disclaimer,≤100
102269201722239,TV Riviera 24,Tv Riviera 24,≤100
567417573785872,RefLab,These ads ran without a disclaimer,≤100
269029886456205,Giorgio Fonio,Giorgio Fonio,≤100
113821883316185,Faktischversichert,These ads ran without a disclaimer,≤100
106342144370236,Human Rights Watch Switzerland,Human Rights Watch Inc.,≤100
112564955077010,News,These ads ran without a disclaimer,≤100
1004669426211864,Parti socialiste Prilly,Parti socialiste de Prilly,≤100
100116156110843,Stop al blackout,Iniziativa popolare «Energia elettrica in ogni tempo per tutti (Stop al blackout)»,≤100
1125155474201566,Mcg Carouge,Sandro Pistis,≤100
581045078625669,Sweettatt Balm,These ads ran without a disclaimer,≤100
104265952574760,EVP Kreuzlingen,Adrian Robin Ziörjen,≤100
190133177759419,Giuseppe Cotti,Giuseppe Cotti,≤100
1092252917594218,Initiative pour les glaciers,Association suisse pour la protection du climat,≤100
103865108846573,FDP.Die Liberalen Herzogenbuchsee,FDP Herzogenbuchsee,≤100
190884157598305,Forum Schweizer Geschichte Schwyz - Schweizerisches Nationalmuseum,These ads ran without a disclaimer,≤100
112750821712602,Ruedi Hug als Bezirksrichter,Rudolf Hug,≤100
81806132468,Bilan Magazine,These ads ran without a disclaimer,≤100
721730891185276,Alternative - die Grünen Kanton Zug,Alternative - die Grünen Zug,≤100
194790813901953,Grüne Schweiz,Grüne Schweiz,≤100
103269145789541,Stop au blackout,Initiative populaire « De l’électricité pour tous en tout temps (Stop au blackout) »,≤100
113664791341291,Occasionalm,These ads ran without a disclaimer,≤100
198750386922784,Valeria Basurco,These ads ran without a disclaimer,≤100
763722197034246,En Développement,These ads ran without a disclaimer,≤100
499307776928661,Mylène Kroon / Electronic Philosophic Music,These ads ran without a disclaimer,≤100
111733031626317,Nagualep,These ads ran without a disclaimer,≤100
141122182573017,World Vision Österreich,These ads ran without a disclaimer,≤100
723513077749386,Frankskleinergarten.de,These ads ran without a disclaimer,≤100
461741233923788,CASA DE CAMBIO EUROPA,These ads ran without a disclaimer,≤100
100484402983873,teacher__light,These ads ran without a disclaimer,≤100
101229465433881,ENTR de,These ads ran without a disclaimer,≤100
1714684652149184,Ledvance Professional DACH,These ads ran without a disclaimer,≤100
6115848166,Nature Portfolio,These ads ran without a disclaimer,≤100
456668207859222,Enlaps,These ads ran without a disclaimer,≤100
608650595820049,The Conqueror Challenges,These ads ran without a disclaimer,≤100
191193637612148,bitpiloten,These ads ran without a disclaimer,≤100
151699234157,Sirba octet,These ads ran without a disclaimer,≤100