﻿Page ID,Page name,Disclaimer,Amount spent (CHF)
600706570124933,Verkehrssanierungen JA,Komitee Verkehrssanierungen JA,1070
75338704887,Fondation Franz Weber,Fondation Franz Weber,387
109889895328694,Megastrassen 2 x NEIN,Komitee gegen Megastrassen,310
600706570124933,Verkehrssanierungen JA,Verkehrssanierungen JA,226
154976914534194,Save the Children Schweiz/Suisse,Save the Children Schweiz,128
106829796092871,Mieterinnen- & Mieterverband Kanton Bern,Mieterinnen- und Mieterverband Kanton Bern,≤100
105527252338650,perspektiveschweiz.ch,IG Wirtschaftsverbände,≤100
1613234358893730,Die Mitte Emmental,Die Mitte Emmental,≤100
169752569742293,Schweizerischer Gewerbeverband sgv,Schweizerischer Gewerbeverband sgv,≤100
36735923253,umverkehR,umverkehR,≤100
1524954517562834,Prominis,Prominis GmbH,≤100
102014399307738,Direkt,direkt,≤100
265786100439644,Grüne Freie Liste Stadt Bern,Grüne Freie Liste Bern,≤100
169510248558,Die Mitte - Le Centre,Die Mitte,≤100
510352742440847,Coalition pour des multinationales responsables,Coalition pour des multinationales responsables,≤100
103190662706168,NON à la Loi sur la Chasse.,Rolf Hugo Hilfiker,≤100
617580594962611,Grünliberale Kanton Bern,Grünliberale Partei des Kantons Bern,≤100
809697199378485,Sandra Cellarius,Sandra Alice Cellarius,≤100
101417574776507,Ja zur direkten Demokratie,New Swiss Journal,≤100
259871484198551,Thomas Matter,Thomas Matter,≤100
111081131629685,Blackout stoppen,Volksinitiative «Jederzeit Strom für alle (Blackout stoppen)»,≤100
103865108846573,FDP.Die Liberalen Herzogenbuchsee,FDP Herzogenbuchsee,≤100
105890175750510,Luca Carbone  lucacarbone.ch,Luca Carbone,≤100
1524859774444235,Koalition für Konzernverantwortung,Koalition für Konzernverantwortung,≤100
100345919659743,Andrea Bögli ins Obergerichtspräsidium Obwalden,Andrea Barbara Bögli,≤100
193388757364033,Solidar Suisse,Solidar Suisse,≤100
100980232576650,Muriel Langenberger,Muriel Langenberger,≤100
108625789179165,Soi Dog Foundation,These ads ran without a disclaimer,≤100
1483343695307824,Campax,Campax,≤100
100732476262537,GLP Willisau,GLP Wahlkreis Willisau,≤100
100360518736993,Jungfreisinnige Obwalden,Jungfreisinnige Obwalden,≤100
192359074149124,Welt der Tiere,These ads ran without a disclaimer,≤100
54635177985,FIFDH Genève,FIFDH Genève,≤100
203499872999296,Die Mitte Weinfelden,Die Mitte Weinfelden,≤100
125466200895962,Valentin Landmann,Sven Kunz,≤100
102269201722239,TV Riviera 24,Tv Riviera 24,≤100
1521655228075451,solidaritéS Genève,solidaritéS Genève,≤100
921336971288655,Nagra,Nagra,≤100
567417573785872,RefLab,These ads ran without a disclaimer,≤100
114584561517154,Komitee für ein JA zum Basler Steuerpaket,Komitee JA! zum Basler Steuerpaket,≤100
112564955077010,News,These ads ran without a disclaimer,≤100
122849551077569,Democrats Abroad Switzerland,Democrats Abroad,≤100
1576421042651882,Peppermint Group,These ads ran without a disclaimer,≤100
101229465433881,ENTR de,These ads ran without a disclaimer,≤100
113821883316185,Faktischversichert,These ads ran without a disclaimer,≤100
103269145789541,Stop au blackout,Initiative populaire « De l’électricité pour tous en tout temps (Stop au blackout) »,≤100
581045078625669,Sweettatt Balm,These ads ran without a disclaimer,≤100
190133177759419,Giuseppe Cotti,Giuseppe Cotti,≤100
269029886456205,Giorgio Fonio,Giorgio Fonio,≤100
106342144370236,Human Rights Watch Switzerland,Human Rights Watch Inc.,≤100
608650595820049,The Conqueror Challenges,These ads ran without a disclaimer,≤100
1092252917594218,Initiative pour les glaciers,Association suisse pour la protection du climat,≤100
81806132468,Bilan Magazine,These ads ran without a disclaimer,≤100
1004669426211864,Parti socialiste Prilly,Parti socialiste de Prilly,≤100
1125155474201566,Mcg Carouge,Sandro Pistis,≤100
1225941144216341,Swiss Food Academy,These ads ran without a disclaimer,≤100
100381452863244,Libertés et Justice sociale,Libertés et Justice sociale,≤100
100116156110843,Stop al blackout,Iniziativa popolare «Energia elettrica in ogni tempo per tutti (Stop al blackout)»,≤100
461741233923788,CASA DE CAMBIO EUROPA,These ads ran without a disclaimer,≤100
251838211585945,SP Basel-Stadt,SP Basel-Stadt,≤100
372803770225965,Mario Cozzio - GLP,Mario Cozzio - GLP,≤100
439417059491292,Alexander Boldachev,These ads ran without a disclaimer,≤100
190884157598305,Forum Schweizer Geschichte Schwyz - Schweizerisches Nationalmuseum,These ads ran without a disclaimer,≤100
100267076206781,Ensemble à Gauche solidaritéS-Parti du Travail-DAL,Ensemble à Gauche,≤100
104265952574760,EVP Kreuzlingen,Adrian Robin Ziörjen,≤100
264952450282664,JUSO Luzern,JUSO Luzern,≤100
108291922141516,Lawk Kuncryni,These ads ran without a disclaimer,≤100
112750821712602,Ruedi Hug als Bezirksrichter,Rudolf Hug,≤100
194790813901953,Grüne Schweiz,Grüne Schweiz,≤100
245475966266736,LEMBOR TRAVEL,These ads ran without a disclaimer,≤100
763722197034246,En Développement,These ads ran without a disclaimer,≤100
141122182573017,World Vision Österreich,These ads ran without a disclaimer,≤100
111733031626317,Nagualep,These ads ran without a disclaimer,≤100
110480758638237,Lines of future,These ads ran without a disclaimer,≤100
102423229267734,ikizlerletekbasina,These ads ran without a disclaimer,≤100
263794555575,The Offenders,These ads ran without a disclaimer,≤100
153456588126464,Tierfreunde Ukraine e.V.,These ads ran without a disclaimer,≤100
216311481960,Bill Gates,These ads ran without a disclaimer,≤100
111190855227233,EU 24,These ads ran without a disclaimer,≤100
400646766650321,Blinkist,These ads ran without a disclaimer,≤100
100484402983873,teacher__light,These ads ran without a disclaimer,≤100
60516116431,Člověk v tísni,These ads ran without a disclaimer,≤100
180035590021,PICTURE ORGANIC CLOTHING,These ads ran without a disclaimer,≤100
198750386922784,Valeria Basurco,These ads ran without a disclaimer,≤100
105930505349839,jede7te,These ads ran without a disclaimer,≤100
499307776928661,Mylène Kroon / Electronic Philosophic Music,These ads ran without a disclaimer,≤100
723513077749386,Frankskleinergarten.de,These ads ran without a disclaimer,≤100
724693277719823,Drivepedia,These ads ran without a disclaimer,≤100
1714684652149184,Ledvance Professional DACH,These ads ran without a disclaimer,≤100
115604398121201,Dеutschе Wеllе,These ads ran without a disclaimer,≤100
112274361383738,Agonisten,These ads ran without a disclaimer,≤100
112831185055172,transparency.lab,These ads ran without a disclaimer,≤100
1631535970192299,Душевный марафон Яны Котовой,These ads ran without a disclaimer,≤100
111927464708110,Bulletist.shop,These ads ran without a disclaimer,≤100
456668207859222,Enlaps,These ads ran without a disclaimer,≤100
108797425476464,ZDF hеute,These ads ran without a disclaimer,≤100
104172084853592,juliette.com,These ads ran without a disclaimer,≤100
102500518635499,ENTR en,These ads ran without a disclaimer,≤100
6115848166,Nature Portfolio,These ads ran without a disclaimer,≤100
151699234157,Sirba octet,These ads ran without a disclaimer,≤100
106708708228342,School of Humanity,These ads ran without a disclaimer,≤100