﻿Page ID,Page name,Disclaimer,Amount spent (CHF)
103550668590403,Mieux vivre sa vie,Mieux Vivre Sa Vie,≤100
105527252338650,perspektiveschweiz.ch,IG Wirtschaftsverbände,≤100
120307884715130,Les Vert•e•s Valais - Grüne Wallis,Les Vert•e•s Valais - Grüne Wallis,≤100
510352742440847,Coalition pour des multinationales responsables,Coalition pour des multinationales responsables,≤100
600706570124933,Verkehrssanierungen JA,Komitee Verkehrssanierungen JA,≤100
169752569742293,Schweizerischer Gewerbeverband sgv,Schweizerischer Gewerbeverband sgv,≤100
101991077971229,PS Monthey,PS Monthey,≤100
154976914534194,Save the Children Schweiz/Suisse,Save the Children Schweiz,≤100
169510248558,Die Mitte - Le Centre,Die Mitte,≤100
103190662706168,NON à la Loi sur la Chasse.,Rolf Hugo Hilfiker,≤100
111081131629685,Blackout stoppen,Volksinitiative «Jederzeit Strom für alle (Blackout stoppen)»,≤100
1524954517562834,Prominis,Prominis GmbH,≤100
158820214312321,Citations Ron Hubbard,Mieux Vivre Sa Vie,≤100
105890175750510,Luca Carbone  lucacarbone.ch,Luca Carbone,≤100
100980232576650,Muriel Langenberger,Muriel Langenberger,≤100
103269145789541,Stop au blackout,Initiative populaire « De l’électricité pour tous en tout temps (Stop au blackout) »,≤100
600706570124933,Verkehrssanierungen JA,Verkehrssanierungen JA,≤100
100381452863244,Libertés et Justice sociale,Libertés et Justice sociale,≤100
1483343695307824,Campax,Campax,≤100
259871484198551,Thomas Matter,Thomas Matter,≤100
54635177985,FIFDH Genève,FIFDH Genève,≤100
102014399307738,Direkt,direkt,≤100
1521655228075451,solidaritéS Genève,solidaritéS Genève,≤100
81806132468,Bilan Magazine,These ads ran without a disclaimer,≤100
763722197034246,En Développement,These ads ran without a disclaimer,≤100
203499872999296,Die Mitte Weinfelden,Die Mitte Weinfelden,≤100
1092252917594218,Initiative pour les glaciers,Association suisse pour la protection du climat,≤100
108625789179165,Soi Dog Foundation,These ads ran without a disclaimer,≤100
192359074149124,Welt der Tiere,These ads ran without a disclaimer,≤100
581045078625669,Sweettatt Balm,These ads ran without a disclaimer,≤100
921336971288655,Nagra,Nagra,≤100
193388757364033,Solidar Suisse,Solidar Suisse,≤100
102269201722239,TV Riviera 24,Tv Riviera 24,≤100
1125155474201566,Mcg Carouge,Sandro Pistis,≤100
1225941144216341,Swiss Food Academy,These ads ran without a disclaimer,≤100
269029886456205,Giorgio Fonio,Giorgio Fonio,≤100
114584561517154,Komitee für ein JA zum Basler Steuerpaket,Komitee JA! zum Basler Steuerpaket,≤100
100732476262537,GLP Willisau,GLP Wahlkreis Willisau,≤100
112564955077010,News,These ads ran without a disclaimer,≤100
106342144370236,Human Rights Watch Switzerland,Human Rights Watch Inc.,≤100
1004669426211864,Parti socialiste Prilly,Parti socialiste de Prilly,≤100
100267076206781,Ensemble à Gauche solidaritéS-Parti du Travail-DAL,Ensemble à Gauche,≤100
100116156110843,Stop al blackout,Iniziativa popolare «Energia elettrica in ogni tempo per tutti (Stop al blackout)»,≤100
101664679500421,Uni·es par nos convictions · Engagé·es pour Genève,Uni·es par nos convictions · Engagé·es pour Genève,≤100
125466200895962,Valentin Landmann,Sven Kunz,≤100
461741233923788,CASA DE CAMBIO EUROPA,These ads ran without a disclaimer,≤100
113821883316185,Faktischversichert,These ads ran without a disclaimer,≤100
567417573785872,RefLab,These ads ran without a disclaimer,≤100
116890591678651,Vert'libéraux - Genève,Parti vert'libéral genevois,≤100
10150100771335484,24 heures,These ads ran without a disclaimer,≤100
190133177759419,Giuseppe Cotti,Giuseppe Cotti,≤100
122819208305170,Sauvegarde Genève,Sauvegarde Genève,≤100
190884157598305,Forum Schweizer Geschichte Schwyz - Schweizerisches Nationalmuseum,These ads ran without a disclaimer,≤100
467929373784855,COA - Coalition animaliste,Coalition animaliste (COA),≤100
108291922141516,Lawk Kuncryni,These ads ran without a disclaimer,≤100
809697199378485,Sandra Cellarius,Sandra Alice Cellarius,≤100
245475966266736,LEMBOR TRAVEL,These ads ran without a disclaimer,≤100
251838211585945,SP Basel-Stadt,SP Basel-Stadt,≤100
1714684652149184,Ledvance Professional DACH,These ads ran without a disclaimer,≤100
198750386922784,Valeria Basurco,These ads ran without a disclaimer,≤100
15713980389,MTV UK,These ads ran without a disclaimer,≤100
462478407118689,Marjan Farsad,These ads ran without a disclaimer,≤100
180035590021,PICTURE ORGANIC CLOTHING,These ads ran without a disclaimer,≤100
400646766650321,Blinkist,These ads ran without a disclaimer,≤100
723513077749386,Frankskleinergarten.de,These ads ran without a disclaimer,≤100
470023986364609,Archipanic,These ads ran without a disclaimer,≤100
113664791341291,Occasionalm,These ads ran without a disclaimer,≤100
154087694129,Causeur.fr,These ads ran without a disclaimer,≤100
264371327023950,INACT Festival des arts mutants,These ads ran without a disclaimer,≤100
101229465433881,ENTR de,These ads ran without a disclaimer,≤100
1576421042651882,Peppermint Group,These ads ran without a disclaimer,≤100
263794555575,The Offenders,These ads ran without a disclaimer,≤100
153456588126464,Tierfreunde Ukraine e.V.,These ads ran without a disclaimer,≤100
105735065616245,SOFAR,These ads ran without a disclaimer,≤100
111190855227233,EU 24,These ads ran without a disclaimer,≤100
141122182573017,World Vision Österreich,These ads ran without a disclaimer,≤100
111733031626317,Nagualep,These ads ran without a disclaimer,≤100
6115848166,Nature Portfolio,These ads ran without a disclaimer,≤100
101304435646725,Элитная недвижимость в Москве,These ads ran without a disclaimer,≤100
112274361383738,Agonisten,These ads ran without a disclaimer,≤100
111927464708110,Bulletist.shop,These ads ran without a disclaimer,≤100
100946406054938,Poole Padilla,These ads ran without a disclaimer,≤100
104172084853592,juliette.com,These ads ran without a disclaimer,≤100
191193637612148,bitpiloten,These ads ran without a disclaimer,≤100
456668207859222,Enlaps,These ads ran without a disclaimer,≤100
608650595820049,The Conqueror Challenges,These ads ran without a disclaimer,≤100