﻿Page ID,Page name,Disclaimer,Amount spent (CHF)
100345919659743,Andrea Bögli ins Obergerichtspräsidium Obwalden,Andrea Barbara Bögli,≤100
154976914534194,Save the Children Schweiz/Suisse,Save the Children Schweiz,≤100
108204507991414,Zukunft sichern,Allianz für ein JA zur OECD-Mindeststeuer,≤100
169752569742293,Schweizerischer Gewerbeverband sgv,Schweizerischer Gewerbeverband sgv,≤100
105527252338650,perspektiveschweiz.ch,IG Wirtschaftsverbände,≤100
100360518736993,Jungfreisinnige Obwalden,Jungfreisinnige Obwalden,≤100
1524954517562834,Prominis,Prominis GmbH,≤100
169510248558,Die Mitte - Le Centre,Die Mitte,≤100
102014399307738,Direkt,direkt,≤100
756722317788172,FDP.Die Liberalen Stadt Luzern,FDP.Die Liberalen Stadt Luzern,≤100
101417574776507,Ja zur direkten Demokratie,New Swiss Journal,≤100
100213996124067,Grünliberale Sektion Emmen-Hochdorf,Grünliberale Sektion Emmen-Hochdorf,≤100
264952450282664,JUSO Luzern,JUSO Luzern,≤100
353685744720476,Jungfreisinnige Stadt Luzern,Jungfreisinnige Stadt Luzern,≤100
108625789179165,Soi Dog Foundation,These ads ran without a disclaimer,≤100
445013152316995,Die Mitte Kriens,Die Mitte Kriens,≤100
259871484198551,Thomas Matter,Thomas Matter,≤100
111081131629685,Blackout stoppen,Volksinitiative «Jederzeit Strom für alle (Blackout stoppen)»,≤100
600706570124933,Verkehrssanierungen JA,Komitee Verkehrssanierungen JA,≤100
100756302940852,Raimund Wenger - Kantonsratswahlen 2023,Raimund Wenger,≤100
193388757364033,Solidar Suisse,Solidar Suisse,≤100
100980232576650,Muriel Langenberger,Muriel Langenberger,≤100
105890175750510,Luca Carbone  lucacarbone.ch,Luca Carbone,≤100
125466200895962,Valentin Landmann,Sven Kunz,≤100
921336971288655,Nagra,Nagra,≤100
1483343695307824,Campax,Campax,≤100
809697199378485,Sandra Cellarius,Sandra Alice Cellarius,≤100
581045078625669,Sweettatt Balm,These ads ran without a disclaimer,≤100
113821883316185,Faktischversichert,These ads ran without a disclaimer,≤100
1521655228075451,solidaritéS Genève,solidaritéS Genève,≤100
269029886456205,Giorgio Fonio,Giorgio Fonio,≤100
100381452863244,Libertés et Justice sociale,Libertés et Justice sociale,≤100
100756302940852,Raimund Wenger - Kantonsratswahlen 2023,These ads ran without a disclaimer,≤100
102269201722239,TV Riviera 24,Tv Riviera 24,≤100
600706570124933,Verkehrssanierungen JA,Verkehrssanierungen JA,≤100
203499872999296,Die Mitte Weinfelden,Die Mitte Weinfelden,≤100
567417573785872,RefLab,These ads ran without a disclaimer,≤100
1092252917594218,Initiative pour les glaciers,Association suisse pour la protection du climat,≤100
122849551077569,Democrats Abroad Switzerland,Democrats Abroad,≤100
1004669426211864,Parti socialiste Prilly,Parti socialiste de Prilly,≤100
104265952574760,EVP Kreuzlingen,Adrian Robin Ziörjen,≤100
100732476262537,GLP Willisau,GLP Wahlkreis Willisau,≤100
1125155474201566,Mcg Carouge,Sandro Pistis,≤100
194790813901953,Grüne Schweiz,Grüne Schweiz,≤100
372803770225965,Mario Cozzio - GLP,Mario Cozzio - GLP,≤100
103190662706168,NON à la Loi sur la Chasse.,Rolf Hugo Hilfiker,≤100
111733031626317,Nagualep,These ads ran without a disclaimer,≤100
192359074149124,Welt der Tiere,These ads ran without a disclaimer,≤100
101229465433881,ENTR de,These ads ran without a disclaimer,≤100
141122182573017,World Vision Österreich,These ads ran without a disclaimer,≤100
112564955077010,News,These ads ran without a disclaimer,≤100