﻿Page ID,Page name,Disclaimer,Amount spent (CHF)
1483343695307824,Campax,Campax,691
191859734164694,Pro Infirmis,Pro Infirmis,667
194790813901953,Grüne Schweiz,Grüne Schweiz,437
216444012216,EDU - UDF (Eidgenössisch-Demokratische Union),EDU - UDF (Eidgenössisch-Demokratische Union),390
921336971288655,Nagra,Nagra,356
169510248558,Die Mitte - Le Centre,Die Mitte,230
627220684023668,GRÜNE Zürich,Grüne Kanton Zürich,156
15733998334,FDP,FDP,156
105527252338650,perspektiveschweiz.ch,IG Wirtschaftsverbände,146
1524859774444235,Koalition für Konzernverantwortung,Koalition für Konzernverantwortung,145
1426072874321965,Regine Sauter,Regine Sauter,134
154976914534194,Save the Children Schweiz/Suisse,Save the Children Schweiz,121
1587949341492441,Claudio Zihlmann,Claudio Zihlmann,≤100
169752569742293,Schweizerischer Gewerbeverband sgv,Schweizerischer Gewerbeverband sgv,≤100
36735923253,umverkehR,umverkehR,≤100
478040605021,Junge Grüne Schweiz,Junge Grüne Schweiz,≤100
107790305417766,balkanbuero,These ads ran without a disclaimer,≤100
102014399307738,Direkt,direkt,≤100
239846135569,Feinheit,These ads ran without a disclaimer,≤100
257497631736082,Gletscher-Initiative,Verein Klimaschutz Schweiz,≤100
2068625050104664,Jeunes Vert•e•x•s Suisse,Junge Grüne Schweiz,≤100
82752099000,Alternative Liste ZH,Alternative Liste Zürich,≤100
259871484198551,Thomas Matter,Thomas Matter,≤100
8142847754,Jungfreisinnige Schweiz,Jungfreisinnige Schweiz,≤100
218538701651843,Union suisse des arts et métiers usam,Schweizerischer Gewerbeverband sgv,≤100
104315628305981,anita_buri_official,These ads ran without a disclaimer,≤100
102667148535483,Keller62,These ads ran without a disclaimer,≤100
301191993250257,Pät Schreiber,These ads ran without a disclaimer,≤100
18087904183,PLR,PLR,≤100
784812424962943,Tele Z,TELE Z,≤100
115134174862244,perspectivesuisse.ch,IG Wirtschaftsverbände,≤100
102718129475079,Ambil Sandy,Bezirksrichterwahl,≤100
335129001940,Young European Swiss - yes,young european swiss,≤100
111081131629685,Blackout stoppen,Volksinitiative «Jederzeit Strom für alle (Blackout stoppen)»,≤100
1092252917594218,Initiative pour les glaciers,Association suisse pour la protection du climat,≤100
48980326364,Public Eye,Public Eye,≤100
1320679421302500,HabitatDurable,Casafair - HabitatDurable,≤100
2011626645562796,Andri Silberschmidt,Komitee Andri Silberschmidt,≤100
175478195846132,Les Vert·e·s suisses,Grüne Schweiz,≤100
101882448673,Dezeen,These ads ran without a disclaimer,≤100
510352742440847,Coalition pour des multinationales responsables,Coalition pour des multinationales responsables,≤100
97721121385,Public Eye,Public Eye,≤100
1495300997443986,Vote For Jeff Spencer Rusk County Commissioner Pct. 4,These ads ran without a disclaimer,≤100
291359247729208,PS Suisse,PS Suisse,≤100
108204507991414,Zukunft sichern,Allianz für ein JA zur OECD-Mindeststeuer,≤100
1557003054590815,Nicola Di Giulio,These ads ran without a disclaimer,≤100
386551678736949,Philippe Loertscher,Philippe Loertscher,≤100
141853552532665,Romana Heuberger - Stadtratskandidatin,Romana Heuberger - Stadtratskandidatin,≤100
820391221400929,Unser Stadtrat Florin Scherrer,Unser Stadtrat Florin Scherrer,≤100
169078529809379,Work - die Zeitung der Gewerkschaft,These ads ran without a disclaimer,≤100
2525584750795209,Nina Fehr Düsel,Nina Fehr Düsel,≤100
106695651835392,Riyadh Expo 2030,These ads ran without a disclaimer,≤100
109605484115257,Delphine Klopfenstein Broggini,Delphine Klopfenstein Broggini,≤100
814564312064769,Kurt Raffl agrarkurtsystem,These ads ran without a disclaimer,≤100
100309832136350,legoodsociety,These ads ran without a disclaimer,≤100
345958796467,Schweizer Parlament – Parlement suisse – Parlamento svizzero,These ads ran without a disclaimer,≤100
111572431777901,Simon Michel in den Nationalrat,Simon Michel in den Nationalrat,≤100
365685333954209,Eastwest European Institute,These ads ran without a disclaimer,≤100
320448867991685,My Happy Retreats & BreathCoaching,These ads ran without a disclaimer,≤100
205332123261241,Знакомства RusDate,These ads ran without a disclaimer,≤100
98673036962,ROLDA,These ads ran without a disclaimer,≤100
118339071290748,EuroToday,These ads ran without a disclaimer,≤100
467503303605894,PLR Castel San Pietro,PLR Castel San Pietro,≤100
959181734134292,World of Models,These ads ran without a disclaimer,≤100
100649012962611,Direct,Direct,≤100
267353906619818,Mr. Gugu & Miss Go,These ads ran without a disclaimer,≤100
121153464656804,Herder Pädagogik,These ads ran without a disclaimer,≤100
245489546137580,Christoph Riner - bodenständige Politik,Christoph Riner - bodenständige Politik,≤100
125472787201442,Европейские вести,These ads ran without a disclaimer,≤100
107347318124916,EUCannaJobs,These ads ran without a disclaimer,≤100
206382352722433,Japan Today,These ads ran without a disclaimer,≤100
864782036884201,Akademia Wychowania,These ads ran without a disclaimer,≤100
150793518281117,Covestro,These ads ran without a disclaimer,≤100
117178631334049,Spanisch online lernen,These ads ran without a disclaimer,≤100
103658718861482,Primeclass Photo,These ads ran without a disclaimer,≤100
102023751671829,Nature Italy,These ads ran without a disclaimer,≤100
231720020225801,BSH Home Appliances,These ads ran without a disclaimer,≤100
114464063529974,CleverPips - Best Trading Signals,These ads ran without a disclaimer,≤100
344556287396,Penguin Bücher,These ads ran without a disclaimer,≤100
231575074011232,Landesbank Baden-Württemberg,These ads ran without a disclaimer,≤100
187766727949541,Deportivo Alavés,These ads ran without a disclaimer,≤100
102500518635499,ENTR en,These ads ran without a disclaimer,≤100
109882388446535,Funnypeoplespace - Magazine,These ads ran without a disclaimer,≤100
106875925506577,Formula XN Ecommerce,These ads ran without a disclaimer,≤100
103750541119486,dieverpeilte,These ads ran without a disclaimer,≤100
103393035778315,Alotofstylewe.com,These ads ran without a disclaimer,≤100
1096538887134446,Reuters Plus,These ads ran without a disclaimer,≤100
27483848246,Giro d'Italia,These ads ran without a disclaimer,≤100
213332108707636,TradeBeyond,These ads ran without a disclaimer,≤100
114230203654958,21 Kutatóközpont,These ads ran without a disclaimer,≤100
106736149108405,Nadezhda Artemewa,These ads ran without a disclaimer,≤100
1802248836771260,Weird Little Tales,These ads ran without a disclaimer,≤100
904616509704178,KAWA News,These ads ran without a disclaimer,≤100
124340177284061,TomorrowBuilding,These ads ran without a disclaimer,≤100
110251981859456,Lecinena.fr,These ads ran without a disclaimer,≤100
180945471920826,boot Düsseldorf,These ads ran without a disclaimer,≤100
114369171646148,realismo_capitalista,These ads ran without a disclaimer,≤100
102795885694138,milokibullz,These ads ran without a disclaimer,≤100
1505333196415332,Côte d'Azur - школа французької мови,These ads ran without a disclaimer,≤100
113864178277471,Eco Mindset,These ads ran without a disclaimer,≤100