﻿Page ID,Page name,Disclaimer,Amount spent (CHF)
191859734164694,Pro Infirmis,Pro Infirmis,749
175478195846132,Les Vert·e·s suisses,Grüne Schweiz,327
18087904183,PLR,PLR,274
1419223321733027,Parti Socialiste Vaudois,PS vaudois,200
169510248558,Die Mitte - Le Centre,Die Mitte,158
386551678736949,Philippe Loertscher,Philippe Loertscher,158
109023033782956,Unisanté,Unisanté,156
115134174862244,perspectivesuisse.ch,IG Wirtschaftsverbände,127
1092252917594218,Initiative pour les glaciers,Association suisse pour la protection du climat,126
1320679421302500,HabitatDurable,Casafair - HabitatDurable,≤100
535897123124799,Jeunes Libéraux-Radicaux Suisse,Jeunes Libéraux-Radicaux Suisses,≤100
510352742440847,Coalition pour des multinationales responsables,Coalition pour des multinationales responsables,≤100
467929373784855,COA - Coalition animaliste,Coalition animaliste (COA),≤100
921336971288655,Nagra,Nagra,≤100
105527252338650,perspektiveschweiz.ch,IG Wirtschaftsverbände,≤100
291359247729208,PS Suisse,PS Suisse,≤100
2068625050104664,Jeunes Vert•e•x•s Suisse,Junge Grüne Schweiz,≤100
257497631736082,Gletscher-Initiative,Verein Klimaschutz Schweiz,≤100
154976914534194,Save the Children Schweiz/Suisse,Save the Children Schweiz,≤100
1557003054590815,Nicola Di Giulio,These ads ran without a disclaimer,≤100
513407995428696,actif-trafiC,actif-trafiC,≤100
1524859774444235,Koalition für Konzernverantwortung,Koalition für Konzernverantwortung,≤100
169752569742293,Schweizerischer Gewerbeverband sgv,Schweizerischer Gewerbeverband sgv,≤100
478040605021,Junge Grüne Schweiz,Junge Grüne Schweiz,≤100
218538701651843,Union suisse des arts et métiers usam,Schweizerischer Gewerbeverband sgv,≤100
15733998334,FDP,FDP,≤100
102607622386347,Agissons Suisse,AG!SSONS,≤100
107790305417766,balkanbuero,These ads ran without a disclaimer,≤100
755554214495636,Parti Socialiste Neuchâtelois,Parti socialiste neuchâtelois,≤100
194790813901953,Grüne Schweiz,Grüne Schweiz,≤100
1483343695307824,Campax,Campax,≤100
102014399307738,Direkt,direkt,≤100
164442820236221,Jeunes Vert·exs Vaud,Jeunes Vert·exs Vaud,≤100
335129001940,Young European Swiss - yes,young european swiss,≤100
100649012962611,Direct,Direct,≤100
48980326364,Public Eye,Public Eye,≤100
301191993250257,Pät Schreiber,These ads ran without a disclaimer,≤100
97721121385,Public Eye,Public Eye,≤100
559497617526674,Pour une Suisse ouverte+souveraine,economiesuisse,≤100
239846135569,Feinheit,These ads ran without a disclaimer,≤100
101882448673,Dezeen,These ads ran without a disclaimer,≤100
259871484198551,Thomas Matter,Thomas Matter,≤100
110251981859456,Lecinena.fr,These ads ran without a disclaimer,≤100
98673036962,ROLDA,These ads ran without a disclaimer,≤100
1505333196415332,Côte d'Azur - школа французької мови,These ads ran without a disclaimer,≤100
1495300997443986,Vote For Jeff Spencer Rusk County Commissioner Pct. 4,These ads ran without a disclaimer,≤100
784812424962943,Tele Z,TELE Z,≤100
345958796467,Schweizer Parlament – Parlement suisse – Parlamento svizzero,These ads ran without a disclaimer,≤100
111081131629685,Blackout stoppen,Volksinitiative «Jederzeit Strom für alle (Blackout stoppen)»,≤100
959181734134292,World of Models,These ads ran without a disclaimer,≤100
109605484115257,Delphine Klopfenstein Broggini,Delphine Klopfenstein Broggini,≤100
764858193642975,"Pierre-André Page, Conseiller National",Pierre-André Page,≤100
820391221400929,Unser Stadtrat Florin Scherrer,Unser Stadtrat Florin Scherrer,≤100
114464063529974,CleverPips - Best Trading Signals,These ads ran without a disclaimer,≤100
118339071290748,EuroToday,These ads ran without a disclaimer,≤100
108204507991414,Zukunft sichern,Allianz für ein JA zur OECD-Mindeststeuer,≤100
365685333954209,Eastwest European Institute,These ads ran without a disclaimer,≤100
467503303605894,PLR Castel San Pietro,PLR Castel San Pietro,≤100
320448867991685,My Happy Retreats & BreathCoaching,These ads ran without a disclaimer,≤100
113854107066022,Turkun KILIC - Astropsy,These ads ran without a disclaimer,≤100
102667148535483,Keller62,These ads ran without a disclaimer,≤100
125472787201442,Европейские вести,These ads ran without a disclaimer,≤100
206382352722433,Japan Today,These ads ran without a disclaimer,≤100
1587949341492441,Claudio Zihlmann,Claudio Zihlmann,≤100
106695651835392,Riyadh Expo 2030,These ads ran without a disclaimer,≤100
119591011098917,Tomorrow.Mobility,These ads ran without a disclaimer,≤100
864782036884201,Akademia Wychowania,These ads ran without a disclaimer,≤100
128787593816071,TWOTHIRDS,These ads ran without a disclaimer,≤100
103658718861482,Primeclass Photo,These ads ran without a disclaimer,≤100
389165857845955,LGT Private Banking,These ads ran without a disclaimer,≤100
1802248836771260,Weird Little Tales,These ads ran without a disclaimer,≤100
102500518635499,ENTR en,These ads ran without a disclaimer,≤100
124340177284061,TomorrowBuilding,These ads ran without a disclaimer,≤100
231720020225801,BSH Home Appliances,These ads ran without a disclaimer,≤100
180945471920826,boot Düsseldorf,These ads ran without a disclaimer,≤100
104971697913672,Recht 24/7,These ads ran without a disclaimer,≤100
27483848246,Giro d'Italia,These ads ran without a disclaimer,≤100
205332123261241,Знакомства RusDate,These ads ran without a disclaimer,≤100
267353906619818,Mr. Gugu & Miss Go,These ads ran without a disclaimer,≤100
904616509704178,KAWA News,These ads ran without a disclaimer,≤100
106875925506577,Formula XN Ecommerce,These ads ran without a disclaimer,≤100
213332108707636,TradeBeyond,These ads ran without a disclaimer,≤100
814564312064769,Kurt Raffl agrarkurtsystem,These ads ran without a disclaimer,≤100
121153464656804,Herder Pädagogik,These ads ran without a disclaimer,≤100
1096538887134446,Reuters Plus,These ads ran without a disclaimer,≤100
103750541119486,dieverpeilte,These ads ran without a disclaimer,≤100
100309832136350,legoodsociety,These ads ran without a disclaimer,≤100