﻿Page ID,Page name,Disclaimer,Amount spent (CHF)
191859734164694,Pro Infirmis,Pro Infirmis,346
115010674866173,prospettivasvizzera.ch,IG Wirtschaftsverbände,177
921336971288655,Nagra,Nagra,≤100
257497631736082,Gletscher-Initiative,Verein Klimaschutz Schweiz,≤100
169510248558,Die Mitte - Le Centre,Die Mitte,≤100
105527252338650,perspektiveschweiz.ch,IG Wirtschaftsverbände,≤100
618990544877607,Natalia Ferrara,Natalia Ferrara,≤100
169752569742293,Schweizerischer Gewerbeverband sgv,Schweizerischer Gewerbeverband sgv,≤100
2068625050104664,Jeunes Vert•e•x•s Suisse,Junge Grüne Schweiz,≤100
111539168454051,Avanti,Avanti,≤100
15733998334,FDP,FDP,≤100
1524859774444235,Koalition für Konzernverantwortung,Koalition für Konzernverantwortung,≤100
218538701651843,Union suisse des arts et métiers usam,Schweizerischer Gewerbeverband sgv,≤100
102014399307738,Direkt,direkt,≤100
18087904183,PLR,PLR,≤100
478040605021,Junge Grüne Schweiz,Junge Grüne Schweiz,≤100
1483343695307824,Campax,Campax,≤100
335129001940,Young European Swiss - yes,young european swiss,≤100
115134174862244,perspectivesuisse.ch,IG Wirtschaftsverbände,≤100
48980326364,Public Eye,Public Eye,≤100
107790305417766,balkanbuero,These ads ran without a disclaimer,≤100
216178321825717,Partito Socialista Locarno,Partito Socialista - Sezione di Locarno,≤100
1092252917594218,Initiative pour les glaciers,Association suisse pour la protection du climat,≤100
301191993250257,Pät Schreiber,These ads ran without a disclaimer,≤100
1320679421302500,HabitatDurable,Casafair - HabitatDurable,≤100
97721121385,Public Eye,Public Eye,≤100
510352742440847,Coalition pour des multinationales responsables,Coalition pour des multinationales responsables,≤100
194790813901953,Grüne Schweiz,Grüne Schweiz,≤100
291359247729208,PS Suisse,PS Suisse,≤100
239846135569,Feinheit,These ads ran without a disclaimer,≤100
1557003054590815,Nicola Di Giulio,These ads ran without a disclaimer,≤100
259871484198551,Thomas Matter,Thomas Matter,≤100
386551678736949,Philippe Loertscher,Philippe Loertscher,≤100
101882448673,Dezeen,These ads ran without a disclaimer,≤100
180945471920826,boot Düsseldorf,These ads ran without a disclaimer,≤100
814564312064769,Kurt Raffl agrarkurtsystem,These ads ran without a disclaimer,≤100
1495300997443986,Vote For Jeff Spencer Rusk County Commissioner Pct. 4,These ads ran without a disclaimer,≤100
175478195846132,Les Vert·e·s suisses,Grüne Schweiz,≤100
109605484115257,Delphine Klopfenstein Broggini,Delphine Klopfenstein Broggini,≤100
784812424962943,Tele Z,TELE Z,≤100
111081131629685,Blackout stoppen,Volksinitiative «Jederzeit Strom für alle (Blackout stoppen)»,≤100
467503303605894,PLR Castel San Pietro,PLR Castel San Pietro,≤100
114464063529974,CleverPips - Best Trading Signals,These ads ran without a disclaimer,≤100
345958796467,Schweizer Parlament – Parlement suisse – Parlamento svizzero,These ads ran without a disclaimer,≤100
98673036962,ROLDA,These ads ran without a disclaimer,≤100
820391221400929,Unser Stadtrat Florin Scherrer,Unser Stadtrat Florin Scherrer,≤100
108204507991414,Zukunft sichern,Allianz für ein JA zur OECD-Mindeststeuer,≤100
100649012962611,Direct,Direct,≤100
320448867991685,My Happy Retreats & BreathCoaching,These ads ran without a disclaimer,≤100
267353906619818,Mr. Gugu & Miss Go,These ads ran without a disclaimer,≤100
125472787201442,Европейские вести,These ads ran without a disclaimer,≤100
118339071290748,EuroToday,These ads ran without a disclaimer,≤100
1587949341492441,Claudio Zihlmann,Claudio Zihlmann,≤100
100845588853008,Pop Today Fun,These ads ran without a disclaimer,≤100
217519028785017,Nature Research Custom Media,These ads ran without a disclaimer,≤100
959181734134292,World of Models,These ads ran without a disclaimer,≤100
231720020225801,BSH Home Appliances,These ads ran without a disclaimer,≤100
117643594692710,Gleb Karakulov,These ads ran without a disclaimer,≤100
106875925506577,Formula XN Ecommerce,These ads ran without a disclaimer,≤100
389165857845955,LGT Private Banking,These ads ran without a disclaimer,≤100
1505333196415332,Côte d'Azur - школа французької мови,These ads ran without a disclaimer,≤100
231575074011232,Landesbank Baden-Württemberg,These ads ran without a disclaimer,≤100
103658718861482,Primeclass Photo,These ads ran without a disclaimer,≤100
110251981859456,Lecinena.fr,These ads ran without a disclaimer,≤100
114369171646148,realismo_capitalista,These ads ran without a disclaimer,≤100
365685333954209,Eastwest European Institute,These ads ran without a disclaimer,≤100
100309832136350,legoodsociety,These ads ran without a disclaimer,≤100
205332123261241,Знакомства RusDate,These ads ran without a disclaimer,≤100
121153464656804,Herder Pädagogik,These ads ran without a disclaimer,≤100