﻿Page ID,Page name,Disclaimer,Amount spent (CHF)
112273518443237,JSVP Säntis,JSVP Säntis,≤100
191859734164694,Pro Infirmis,Pro Infirmis,≤100
216444012216,EDU - UDF (Eidgenössisch-Demokratische Union),EDU - UDF (Eidgenössisch-Demokratische Union),≤100
169510248558,Die Mitte - Le Centre,Die Mitte,≤100
194790813901953,Grüne Schweiz,Grüne Schweiz,≤100
1524859774444235,Koalition für Konzernverantwortung,Koalition für Konzernverantwortung,≤100
921336971288655,Nagra,Nagra,≤100
169752569742293,Schweizerischer Gewerbeverband sgv,Schweizerischer Gewerbeverband sgv,≤100
102014399307738,Direkt,direkt,≤100
1483343695307824,Campax,Campax,≤100
478040605021,Junge Grüne Schweiz,Junge Grüne Schweiz,≤100
15733998334,FDP,FDP,≤100
335129001940,Young European Swiss - yes,young european swiss,≤100
107790305417766,balkanbuero,These ads ran without a disclaimer,≤100
2068625050104664,Jeunes Vert•e•x•s Suisse,Junge Grüne Schweiz,≤100
257497631736082,Gletscher-Initiative,Verein Klimaschutz Schweiz,≤100
259871484198551,Thomas Matter,Thomas Matter,≤100
154976914534194,Save the Children Schweiz/Suisse,Save the Children Schweiz,≤100
218538701651843,Union suisse des arts et métiers usam,Schweizerischer Gewerbeverband sgv,≤100
8142847754,Jungfreisinnige Schweiz,Jungfreisinnige Schweiz,≤100
784812424962943,Tele Z,TELE Z,≤100
239846135569,Feinheit,These ads ran without a disclaimer,≤100
301191993250257,Pät Schreiber,These ads ran without a disclaimer,≤100
111081131629685,Blackout stoppen,Volksinitiative «Jederzeit Strom für alle (Blackout stoppen)»,≤100
48980326364,Public Eye,Public Eye,≤100
97721121385,Public Eye,Public Eye,≤100
108204507991414,Zukunft sichern,Allianz für ein JA zur OECD-Mindeststeuer,≤100
820391221400929,Unser Stadtrat Florin Scherrer,Unser Stadtrat Florin Scherrer,≤100
109605484115257,Delphine Klopfenstein Broggini,Delphine Klopfenstein Broggini,≤100
115134174862244,perspectivesuisse.ch,IG Wirtschaftsverbände,≤100
102667148535483,Keller62,These ads ran without a disclaimer,≤100
1557003054590815,Nicola Di Giulio,These ads ran without a disclaimer,≤100
1320679421302500,HabitatDurable,Casafair - HabitatDurable,≤100
510352742440847,Coalition pour des multinationales responsables,Coalition pour des multinationales responsables,≤100
467503303605894,PLR Castel San Pietro,PLR Castel San Pietro,≤100
386551678736949,Philippe Loertscher,Philippe Loertscher,≤100
1092252917594218,Initiative pour les glaciers,Association suisse pour la protection du climat,≤100
320448867991685,My Happy Retreats & BreathCoaching,These ads ran without a disclaimer,≤100
169078529809379,Work - die Zeitung der Gewerkschaft,These ads ran without a disclaimer,≤100
18087904183,PLR,PLR,≤100
229016223825675,Shoebox Benny,These ads ran without a disclaimer,≤100
118339071290748,EuroToday,These ads ran without a disclaimer,≤100
114464063529974,CleverPips - Best Trading Signals,These ads ran without a disclaimer,≤100
231720020225801,BSH Home Appliances,These ads ran without a disclaimer,≤100
1495300997443986,Vote For Jeff Spencer Rusk County Commissioner Pct. 4,These ads ran without a disclaimer,≤100