﻿Page ID,Page name,Disclaimer,Amount spent (CHF)
191859734164694,Pro Infirmis,Pro Infirmis,≤100
107790305417766,balkanbuero,These ads ran without a disclaimer,≤100
105527252338650,perspektiveschweiz.ch,IG Wirtschaftsverbände,≤100
1524859774444235,Koalition für Konzernverantwortung,Koalition für Konzernverantwortung,≤100
169510248558,Die Mitte - Le Centre,Die Mitte,≤100
257497631736082,Gletscher-Initiative,Verein Klimaschutz Schweiz,≤100
115134174862244,perspectivesuisse.ch,IG Wirtschaftsverbände,≤100
15733998334,FDP,FDP,≤100
921336971288655,Nagra,Nagra,≤100
259871484198551,Thomas Matter,Thomas Matter,≤100
1092252917594218,Initiative pour les glaciers,Association suisse pour la protection du climat,≤100
1320679421302500,HabitatDurable,Casafair - HabitatDurable,≤100
102014399307738,Direkt,direkt,≤100
478040605021,Junge Grüne Schweiz,Junge Grüne Schweiz,≤100
169752569742293,Schweizerischer Gewerbeverband sgv,Schweizerischer Gewerbeverband sgv,≤100
2068625050104664,Jeunes Vert•e•x•s Suisse,Junge Grüne Schweiz,≤100
18087904183,PLR,PLR,≤100
218538701651843,Union suisse des arts et métiers usam,Schweizerischer Gewerbeverband sgv,≤100
1483343695307824,Campax,Campax,≤100
510352742440847,Coalition pour des multinationales responsables,Coalition pour des multinationales responsables,≤100
97721121385,Public Eye,Public Eye,≤100
111081131629685,Blackout stoppen,Volksinitiative «Jederzeit Strom für alle (Blackout stoppen)»,≤100
239846135569,Feinheit,These ads ran without a disclaimer,≤100
194790813901953,Grüne Schweiz,Grüne Schweiz,≤100
386551678736949,Philippe Loertscher,Philippe Loertscher,≤100
345958796467,Schweizer Parlament – Parlement suisse – Parlamento svizzero,These ads ran without a disclaimer,≤100
48980326364,Public Eye,Public Eye,≤100
467503303605894,PLR Castel San Pietro,PLR Castel San Pietro,≤100
206382352722433,Japan Today,These ads ran without a disclaimer,≤100
291359247729208,PS Suisse,PS Suisse,≤100
959181734134292,World of Models,These ads ran without a disclaimer,≤100