﻿Page ID,Page name,Disclaimer,Amount spent (CHF)
220137094989562,BRITA Schweiz,These ads ran without a disclaimer,≤100
304748789719379,Bispo Inaldo Silva,These ads ran without a disclaimer,≤100
1426072874321965,Regine Sauter,Regine Sauter,≤100
15733998334,FDP,FDP,≤100
18087904183,PLR,PLR,≤100
105527252338650,perspektiveschweiz.ch,IG Wirtschaftsverbände,≤100
921336971288655,Nagra,Nagra,≤100
169510248558,Die Mitte - Le Centre,Die Mitte,≤100
126289610761942,Grünliberale,Grünliberale,≤100
97721121385,Public Eye,Public Eye,≤100
218538701651843,Union suisse des arts et métiers usam,Schweizerischer Gewerbeverband sgv,≤100
169752569742293,Schweizerischer Gewerbeverband sgv,Schweizerischer Gewerbeverband sgv,≤100
48980326364,Public Eye,Public Eye,≤100
102014399307738,Direkt,direkt,≤100
100649012962611,Direct,Direct,≤100
194790813901953,Grüne Schweiz,Grüne Schweiz,≤100
1483343695307824,Campax,Campax,≤100
51415837765,Greenpeace Switzerland,Greenpeace Switzerland,≤100
110868498959631,Stiftung für das Tier im Recht (TIR),These ads ran without a disclaimer,≤100
111081131629685,Blackout stoppen,Volksinitiative «Jederzeit Strom für alle (Blackout stoppen)»,≤100
115134174862244,perspectivesuisse.ch,IG Wirtschaftsverbände,≤100
255506388731408,Biodiversitätsinitiative,Biodiversitätsinitiative,≤100
434325363566608,So Denkt Ein Mann,These ads ran without a disclaimer,≤100