﻿Page ID,Page name,Disclaimer,Amount spent (CHF)
220137094989562,BRITA Schweiz,These ads ran without a disclaimer,1217
126289610761942,Grünliberale,Grünliberale,287
15733998334,FDP,FDP,221
1426072874321965,Regine Sauter,Regine Sauter,220
145845125487053,"Jürg Grossen, Präsident Grünliberale","Jürg Grossen, Präsident Grünliberale",145
169510248558,Die Mitte - Le Centre,Die Mitte,≤100
110533229026103,EVP / PEV,EVP Schweiz,≤100
51415837765,Greenpeace Switzerland,Greenpeace Switzerland,≤100
921336971288655,Nagra,Nagra,≤100
18087904183,PLR,PLR,≤100
194790813901953,Grüne Schweiz,Grüne Schweiz,≤100
154976914534194,Save the Children Schweiz/Suisse,Save the Children Schweiz,≤100
102014399307738,Direkt,direkt,≤100
255506388731408,Biodiversitätsinitiative,Biodiversitätsinitiative,≤100
105527252338650,perspektiveschweiz.ch,IG Wirtschaftsverbände,≤100
179829952053386,Vert'libéraux,Parti vert'libéral Suisse,≤100
48980326364,Public Eye,Public Eye,≤100
169752569742293,Schweizerischer Gewerbeverband sgv,Schweizerischer Gewerbeverband sgv,≤100
110868498959631,Stiftung für das Tier im Recht (TIR),These ads ran without a disclaimer,≤100
111081131629685,Blackout stoppen,Volksinitiative «Jederzeit Strom für alle (Blackout stoppen)»,≤100
304748789719379,Bispo Inaldo Silva,These ads ran without a disclaimer,≤100
1483343695307824,Campax,Campax,≤100
97721121385,Public Eye,Public Eye,≤100
218538701651843,Union suisse des arts et métiers usam,Schweizerischer Gewerbeverband sgv,≤100
105326156194318,Gesellschaft für bedrohte Völker (GfbV) Schweiz,These ads ran without a disclaimer,≤100
100649012962611,Direct,Direct,≤100
115134174862244,perspectivesuisse.ch,IG Wirtschaftsverbände,≤100
202907189862969,Verdi Liberali,Parti vert'libéral Suisse,≤100
1027844850652657,Boomerang Ideas,Boomerang Ideas AG,≤100
139016370161,PINK CROSS / Swiss Gay Federation,Pink Cross,≤100
1524954517562834,Prominis,Prominis GmbH,≤100
101432554786737,Verein Stadtgrün,Verein Stadtgrün,≤100
434325363566608,So Denkt Ein Mann,These ads ran without a disclaimer,≤100
291359247729208,PS Suisse,PS Suisse,≤100
267353906619818,Mr. Gugu & Miss Go,These ads ran without a disclaimer,≤100
108103318693563,"Heidi Weiss, Bauma, EVP","Heidi Weiss, Bauma, EVP",≤100
181924628560212,Ekō,These ads ran without a disclaimer,≤100
386551678736949,Philippe Loertscher,Philippe Loertscher,≤100
344556287396,Penguin Bücher,These ads ran without a disclaimer,≤100
7783116506,Animals Asia,These ads ran without a disclaimer,≤100
1096849117188708,Ristorante pugliese Müsella,These ads ran without a disclaimer,≤100
131066326987,SP Kanton Zürich,SP Kanton Zürich,≤100
124881880957569,SP Stadt St.Gallen,SP Stadt St.Gallen,≤100
200905173303222,SCI Switzerland,SCI Switzerland,≤100
1587118544884167,Class Clinic Turkey,These ads ran without a disclaimer,≤100
112052650619950,skin.beautyconcept,These ads ran without a disclaimer,≤100
122323037519759,Emturian,These ads ran without a disclaimer,≤100
101173452598541,Garryx R,These ads ran without a disclaimer,≤100
245489546137580,Christoph Riner - bodenständige Politik,Christoph Riner - bodenständige Politik,≤100
102718129475079,Ambil Sandy,Bezirksrichterwahl,≤100
117275531631620,Le Centre Fribourg-Ville / Die Mitte Stadt Freiburg,Le Centre Fribourg-Ville / Die Mitte Stadt Freiburg,≤100
102691421255810,PlanBasel,PlanBasel,≤100
1489521067980066,Reto Tschudin Landrat,These ads ran without a disclaimer,≤100
154738781313603,Simone Gianini,These ads ran without a disclaimer,≤100
117553961402473,Live News,These ads ran without a disclaimer,≤100
1245979462180647,סניקי SneAky,These ads ran without a disclaimer,≤100
1398006463750067,Clément Lefer - Filmmaker,These ads ran without a disclaimer,≤100
104002928883686,Somatic Institute For Women,These ads ran without a disclaimer,≤100
189892208431158,That's Entertainment,These ads ran without a disclaimer,≤100
150379685414797,MAOMI,These ads ran without a disclaimer,≤100
112732588441064,Мета,These ads ran without a disclaimer,≤100
252259504980102,Conscious Life,These ads ran without a disclaimer,≤100
101827032827959,Woman Life Freedom,These ads ran without a disclaimer,≤100
108625789179165,Soi Dog Foundation,These ads ran without a disclaimer,≤100
101463572568915,Mary NY,These ads ran without a disclaimer,≤100
112589195019287,Enjoy the Moment,These ads ran without a disclaimer,≤100