﻿Page ID,Page name,Disclaimer,Amount spent (CHF)
147717218614170,PLR Genève,PLR.Les Libéraux-Radicaux Genève,584
220137094989562,BRITA Schweiz,These ads ran without a disclaimer,389
18087904183,PLR,PLR,304
1426072874321965,Regine Sauter,Regine Sauter,225
179829952053386,Vert'libéraux,Parti vert'libéral Suisse,219
169510248558,Die Mitte - Le Centre,Die Mitte,112
238982909481105,Les Vert·e·s Genevois·es,Les Vert-e-s genevois-es,≤100
175478195846132,Les Vert·e·s suisses,Grüne Schweiz,≤100
103550668590403,Mieux vivre sa vie,Mieux Vivre Sa Vie,≤100
126289610761942,Grünliberale,Grünliberale,≤100
260591187302640,Parti socialiste genevois,Parti socialiste genevois,≤100
100649012962611,Direct,Direct,≤100
921336971288655,Nagra,Nagra,≤100
1673559236288902,Pro Senectute Genève,Pro Senectute Genève,≤100
48980326364,Public Eye,Public Eye,≤100
15733998334,FDP,FDP,≤100
109605484115257,Delphine Klopfenstein Broggini,Delphine Klopfenstein Broggini,≤100
97721121385,Public Eye,Public Eye,≤100
154976914534194,Save the Children Schweiz/Suisse,Save the Children Schweiz,≤100
105527252338650,perspektiveschweiz.ch,IG Wirtschaftsverbände,≤100
115134174862244,perspectivesuisse.ch,IG Wirtschaftsverbände,≤100
218538701651843,Union suisse des arts et métiers usam,Schweizerischer Gewerbeverband sgv,≤100
169752569742293,Schweizerischer Gewerbeverband sgv,Schweizerischer Gewerbeverband sgv,≤100
202907189862969,Verdi Liberali,Parti vert'libéral Suisse,≤100
100119208056282,Christian Dandrès,Christian Dandrès,≤100
291359247729208,PS Suisse,PS Suisse,≤100
51415837765,Greenpeace Switzerland,Greenpeace Switzerland,≤100
102014399307738,Direkt,direkt,≤100
110868498959631,Stiftung für das Tier im Recht (TIR),These ads ran without a disclaimer,≤100
100513788093677,Les Vert-e-s Ville de Genève,Les Vert-e-s Ville de Genève,≤100
111081131629685,Blackout stoppen,Volksinitiative «Jederzeit Strom für alle (Blackout stoppen)»,≤100
1027844850652657,Boomerang Ideas,Boomerang Ideas AG,≤100
304748789719379,Bispo Inaldo Silva,These ads ran without a disclaimer,≤100
386551678736949,Philippe Loertscher,Philippe Loertscher,≤100
255506388731408,Biodiversitätsinitiative,Biodiversitätsinitiative,≤100
1483343695307824,Campax,Campax,≤100
108103318693563,"Heidi Weiss, Bauma, EVP","Heidi Weiss, Bauma, EVP",≤100
101432554786737,Verein Stadtgrün,Verein Stadtgrün,≤100
181924628560212,Ekō,These ads ran without a disclaimer,≤100
267353906619818,Mr. Gugu & Miss Go,These ads ran without a disclaimer,≤100
7783116506,Animals Asia,These ads ran without a disclaimer,≤100
122323037519759,Emturian,These ads ran without a disclaimer,≤100
102607622386347,Agissons Suisse,AG!SSONS,≤100
112052650619950,skin.beautyconcept,These ads ran without a disclaimer,≤100
434325363566608,So Denkt Ein Mann,These ads ran without a disclaimer,≤100
200905173303222,SCI Switzerland,SCI Switzerland,≤100
108625789179165,Soi Dog Foundation,These ads ran without a disclaimer,≤100
124881880957569,SP Stadt St.Gallen,SP Stadt St.Gallen,≤100
1587118544884167,Class Clinic Turkey,These ads ran without a disclaimer,≤100
101463572568915,Mary NY,These ads ran without a disclaimer,≤100
194790813901953,Grüne Schweiz,Grüne Schweiz,≤100
154738781313603,Simone Gianini,These ads ran without a disclaimer,≤100
304972853758154,RoseKin Cosmetics,These ads ran without a disclaimer,≤100
117553961402473,Live News,These ads ran without a disclaimer,≤100
1096849117188708,Ristorante pugliese Müsella,These ads ran without a disclaimer,≤100
1489521067980066,Reto Tschudin Landrat,These ads ran without a disclaimer,≤100
1245979462180647,סניקי SneAky,These ads ran without a disclaimer,≤100
112419968380884,female_net,These ads ran without a disclaimer,≤100
189892208431158,That's Entertainment,These ads ran without a disclaimer,≤100
158714780827513,UNFPA,These ads ran without a disclaimer,≤100
444347906369155,Transitions et Énergies,These ads ran without a disclaimer,≤100
252259504980102,Conscious Life,These ads ran without a disclaimer,≤100
112732588441064,Мета,These ads ran without a disclaimer,≤100
386526704886270,Heise Business Services,These ads ran without a disclaimer,≤100
101173452598541,Garryx R,These ads ran without a disclaimer,≤100
344556287396,Penguin Bücher,These ads ran without a disclaimer,≤100
1398006463750067,Clément Lefer - Filmmaker,These ads ran without a disclaimer,≤100