﻿Page ID,Page name,Disclaimer,Amount spent (CHF)
220137094989562,BRITA Schweiz,These ads ran without a disclaimer,2790
113292715120155,Matthias Müller,Matthias Müller,1037
1426072874321965,Regine Sauter,Regine Sauter,961
126289610761942,Grünliberale,Grünliberale,505
15733998334,FDP,FDP,330
921336971288655,Nagra,Nagra,236
169510248558,Die Mitte - Le Centre,Die Mitte,214
105373170818382,Romaine Rogenmoser,Romaine Rogenmoser,140
110533229026103,EVP / PEV,EVP Schweiz,138
231320586878427,Hauseigentümerverband (HEV) Region Winterthur,Hauseigentümerverband Region Winterthur,123
154976914534194,Save the Children Schweiz/Suisse,Save the Children Schweiz,107
164335140312249,FDP Frauen Kanton Zürich,FDP Frauen Kanton Zürich,≤100
51415837765,Greenpeace Switzerland,Greenpeace Switzerland,≤100
194790813901953,Grüne Schweiz,Grüne Schweiz,≤100
48980326364,Public Eye,Public Eye,≤100
255506388731408,Biodiversitätsinitiative,Biodiversitätsinitiative,≤100
102014399307738,Direkt,direkt,≤100
105527252338650,perspektiveschweiz.ch,IG Wirtschaftsverbände,≤100
18087904183,PLR,PLR,≤100
1483343695307824,Campax,Campax,≤100
169752569742293,Schweizerischer Gewerbeverband sgv,Schweizerischer Gewerbeverband sgv,≤100
82752099000,Alternative Liste ZH,Alternative Liste Zürich,≤100
111081131629685,Blackout stoppen,Volksinitiative «Jederzeit Strom für alle (Blackout stoppen)»,≤100
110868498959631,Stiftung für das Tier im Recht (TIR),These ads ran without a disclaimer,≤100
1587949341492441,Claudio Zihlmann,Claudio Zihlmann,≤100
566117786851570,Përparim Avdili,These ads ran without a disclaimer,≤100
97721121385,Public Eye,Public Eye,≤100
304748789719379,Bispo Inaldo Silva,These ads ran without a disclaimer,≤100
202907189862969,Verdi Liberali,Parti vert'libéral Suisse,≤100
218538701651843,Union suisse des arts et métiers usam,Schweizerischer Gewerbeverband sgv,≤100
179829952053386,Vert'libéraux,Parti vert'libéral Suisse,≤100
101432554786737,Verein Stadtgrün,Verein Stadtgrün,≤100
1027844850652657,Boomerang Ideas,Boomerang Ideas AG,≤100
434325363566608,So Denkt Ein Mann,These ads ran without a disclaimer,≤100
139016370161,PINK CROSS / Swiss Gay Federation,Pink Cross,≤100
101120115685831,SVP Stäfa,SVP Stäfa,≤100
115134174862244,perspectivesuisse.ch,IG Wirtschaftsverbände,≤100
267353906619818,Mr. Gugu & Miss Go,These ads ran without a disclaimer,≤100
100649012962611,Direct,Direct,≤100
1524954517562834,Prominis,Prominis GmbH,≤100
108103318693563,"Heidi Weiss, Bauma, EVP",These ads ran without a disclaimer,≤100
181924628560212,Ekō,These ads ran without a disclaimer,≤100
108103318693563,"Heidi Weiss, Bauma, EVP","Heidi Weiss, Bauma, EVP",≤100
102718129475079,Ambil Sandy,Bezirksrichterwahl,≤100
131066326987,SP Kanton Zürich,SP Kanton Zürich,≤100
606125032803856,alpinavera,These ads ran without a disclaimer,≤100
276547049113405,SP Schaffhausen,SP Schaffhausen,≤100
291359247729208,PS Suisse,PS Suisse,≤100
252259504980102,Conscious Life,These ads ran without a disclaimer,≤100
619051955163582,AWOB - Adrian Wegmann Oberrieden,Purplelama,≤100
7783116506,Animals Asia,These ads ran without a disclaimer,≤100
344556287396,Penguin Bücher,These ads ran without a disclaimer,≤100
124881880957569,SP Stadt St.Gallen,SP Stadt St.Gallen,≤100
101463572568915,Mary NY,These ads ran without a disclaimer,≤100
245489546137580,Christoph Riner - bodenständige Politik,Christoph Riner - bodenständige Politik,≤100
386551678736949,Philippe Loertscher,Philippe Loertscher,≤100
108625789179165,Soi Dog Foundation,These ads ran without a disclaimer,≤100
200905173303222,SCI Switzerland,SCI Switzerland,≤100
1587118544884167,Class Clinic Turkey,These ads ran without a disclaimer,≤100
1096849117188708,Ristorante pugliese Müsella,These ads ran without a disclaimer,≤100
122323037519759,Emturian,These ads ran without a disclaimer,≤100
1489521067980066,Reto Tschudin Landrat,These ads ran without a disclaimer,≤100
189892208431158,That's Entertainment,These ads ran without a disclaimer,≤100
154738781313603,Simone Gianini,These ads ran without a disclaimer,≤100
112052650619950,skin.beautyconcept,These ads ran without a disclaimer,≤100
117553961402473,Live News,These ads ran without a disclaimer,≤100
304972853758154,RoseKin Cosmetics,These ads ran without a disclaimer,≤100
105302842574771,FDP.Die Liberalen Kanton Zug,FDP.Die Liberalen Zug,≤100
104002928883686,Somatic Institute For Women,These ads ran without a disclaimer,≤100
112732588441064,Мета,These ads ran without a disclaimer,≤100
100305849167750,Born To Know,These ads ran without a disclaimer,≤100
1398006463750067,Clément Lefer - Filmmaker,These ads ran without a disclaimer,≤100
101726982783359,Hamburger Nation Be Fashionly,These ads ran without a disclaimer,≤100
108178082303582,German News,These ads ran without a disclaimer,≤100
368757963825913,WasteFuel,These ads ran without a disclaimer,≤100
566660456807012,EFOY,These ads ran without a disclaimer,≤100
101827032827959,Woman Life Freedom,These ads ran without a disclaimer,≤100
101173452598541,Garryx R,These ads ran without a disclaimer,≤100
108723682217079,Salzgeber IT-Revolutions,These ads ran without a disclaimer,≤100